{
"type": "FeatureCollection",
"name": "portlouis_administrative",
"crs": { "type": "name", "properties": { "name": "urn:ogc:def:crs:OGC:1.3:CRS84" } },
"features": [
{ "type": "Feature", "properties": { "element": "relation", "id": 535828, "admin_level": "2", "border_type": null, "boundary": "administrative", "maritime": null, "note": null, "type": "boundary", "ISO3166-1": "MU", "ISO3166-1:alpha2": "MU", "ISO3166-1:alpha3": "MUS", "ISO3166-1:numeric": "480", "driving_side": "left", "flag": "https://commons.wikimedia.org/wiki/File:Flag_of_Mauritius.svg", "name": "Mauritius / Maurice", "name:ab": "Маврики", "name:af": "Mauritius", "name:als": "Mauritius", "name:am": "ሞሪሸስ", "name:ami": "Mauritus", "name:an": "Mauricio", "name:ang": "Mauritius", "name:ar": "موريشيوس", "name:ary": "موريشيوس", "name:arz": "موريشيوس", "name:ast": "Mauriciu", "name:avk": "Mauritia", "name:az": "Mavriki", "name:azb": "ماوریتیوس", "name:ba": "Маврикий", "name:ban": "Mauritius", "name:bar": "Mauritius", "name:bcl": "Maurisyo", "name:be": "Маўрыкій", "name:be-tarask": "Маўрыцы", "name:bg": "Мавриций", "name:bi": "Morisas", "name:bjn": "Mauritius", "name:bn": "মরিশাস", "name:bo": "མའུ་རི་ཊིའུ་སུ།", "name:bpy": "মরিশাস", "name:br": "Maoris", "name:bs": "Mauricijus", "name:bxr": "Маврикий", "name:ca": "Maurici", "name:cbk": "Mauricio", "name:cdo": "Mauritius", "name:ce": "Маврики", "name:ceb": "Mauritius", "name:ckb": "مۆریس", "name:crh": "Mauritius", "name:cs": "Mauricius", "name:cv": "Маврики", "name:cy": "Mawrisiws", "name:da": "Mauritius", "name:dag": "Mauritius", "name:de": "Mauritius", "name:diq": "Mauritius", "name:dty": "मौरिशस", "name:dv": "މޮރިޝަސް", "name:ee": "Mauritius", "name:el": "Μαυρίκιος", "name:en": "Mauritius", "name:eo": "Maŭricio", "name:es": "Mauricio", "name:et": "Mauritius", "name:eu": "Maurizio", "name:ext": "Mauriciu", "name:fa": "موریس", "name:ff": "Moriis", "name:fi": "Mauritius", "name:fo": "Móritius", "name:fr": "Maurice", "name:frp": "Môris", "name:frr": "Mauritsius", "name:fy": "Mauritsius", "name:ga": "Oileán Mhuirís", "name:gag": "Mavriki", "name:gcr": "Moris", "name:gd": "Na h-Eileanan Mhoiriseas", "name:gl": "Mauricio - Maurice", "name:gn": "Maurísio", "name:grc": "Μαυρίτιος", "name:gu": "મોરિશિયસ", "name:gv": "Ellan Wirrish", "name:ha": "Moris", "name:hak": "Mauritius", "name:haw": "Mauritiusa", "name:he": "מאוריציוס", "name:hi": "मॉरिशस", "name:hif": "Mauritius", "name:hr": "Mauricijus", "name:hsb": "Mauritius", "name:ht": "Moris", "name:hu": "Mauritius", "name:hy": "Մավրիկիոս", "name:ia": "Mauritio", "name:id": "Mauritius", "name:ie": "Mauritius", "name:ig": "Mauritius", "name:ilo": "Maurisio", "name:io": "Maurico", "name:is": "Máritíus", "name:it": "Mauritius", "name:ja": "モーリシャス", "name:jam": "Morishos", "name:jv": "Mauritius", "name:ka": "მავრიკი", "name:kg": "Mauritius", "name:ki": "Mauritius", "name:kk": "Маврикий", "name:kn": "ಮಾರಿಷಸ್", "name:ko": "모리셔스", "name:ku": "Maurîtius", "name:kw": "Ynys Morrys", "name:ky": "Маврикий", "name:la": "Mauritia", "name:lad": "Maurisio", "name:lb": "Mauritius", "name:lfn": "Mauris", "name:lg": "Mauritius", "name:li": "Mauritius", "name:lij": "Mauritius", "name:lld": "Mauritius", "name:lmo": "Mauritius", "name:ln": "Morisi", "name:lt": "Mauricijus", "name:lv": "Maurīcija", "name:mfe": "Moris", "name:mg": "Maorisy", "name:mhr": "Маврикий", "name:mi": "Marihi", "name:min": "Mauritius", "name:mk": "Маврициус", "name:ml": "മൗറീഷ്യസ്", "name:mn": "Маврики", "name:mr": "मॉरिशस", "name:mrj": "Маврикий", "name:ms": "Mauritius", "name:mt": "Mawrizji", "name:my": "မောရစ်ရှနိုင်ငံ", "name:mzn": "موریس", "name:na": "Mauritius", "name:nah": "Mauricio", "name:nan": "Mauritius", "name:nds": "Mauritius", "name:nds-NL": "Mauritius", "name:ne": "मौरिसस", "name:nl": "Mauritius", "name:nn": "Mauritius", "name:no": "Mauritius", "name:nov": "Mauritius", "name:nso": "Mauritius", "name:oc": "Maurici", "name:olo": "Mavriki", "name:om": "Mooriishes", "name:or": "ମରିସସ", "name:os": "Маврикий", "name:pa": "ਮਾਰੀਸ਼ਸ", "name:pam": "Maurisiu", "name:pi": "मारिशस", "name:pih": "Mauritius", "name:pl": "Mauritius", "name:pms": "Mauritius", "name:pnb": "موریشس", "name:ps": "ماوریتوس", "name:pt": "Maurícia", "name:qu": "Mawrisyu", "name:ro": "Mauritius", "name:ru": "Маврикий", "name:rw": "Morise", "name:sa": "मारिषस्", "name:sah": "Мауритиус", "name:sc": "Mauritzius", "name:scn": "Mauritius", "name:sco": "Mauritius", "name:sd": "موريشس", "name:se": "Mauritius", "name:sg": "Mörîsi", "name:sgs": "Maurikėjos", "name:sh": "Mauricijus", "name:shn": "မိူင်းမေႃးရီႇသႃႇ", "name:si": "මුරුසි සමුහාණ්ඩුව", "name:simple": "Mauritius", "name:sk": "Maurícius", "name:sl": "Mavricij", "name:sm": "Mauritius", "name:smn": "Mauritius", "name:sms": "Mauritius", "name:sn": "Mauritius", "name:so": "Mauritius", "name:sq": "Mauritiusi", "name:sr": "Маурицијус", "name:ss": "IMorishiyasi", "name:st": "Mauritius", "name:stq": "Mauritius", "name:su": "Mauritius", "name:sv": "Mauritius", "name:sw": "Morisi", "name:szl": "Mauritius", "name:szy": "Mauritus", "name:ta": "மொரிசியசு", "name:tay": "Mauritus", "name:te": "మారిషస్", "name:tg": "Маврикия", "name:th": "ประเทศมอริเชียส", "name:tk": "Mawrikiý", "name:tl": "Maurisyo", "name:tr": "Mauritius", "name:trv": "Mauritus", "name:ts": "Mauritius", "name:tt": "Маврикий", "name:tzl": "Mauriça", "name:udm": "Маврикий", "name:ug": "ماۋرىتىئۇس", "name:uk": "Маврикій", "name:ur": "موریشس", "name:uz": "Mavritsiya", "name:vec": "Mauritius", "name:vep": "Mavrikii", "name:vi": "Mauritius", "name:vo": "Moriseän", "name:vro": "Mauritius", "name:war": "Mauritius", "name:wo": "Móoris", "name:wuu": "毛里求斯", "name:xal": "Маврикий Орн", "name:xmf": "მავრიკი", "name:yi": "מאריציוס", "name:yo": "Mọ́rísì", "name:yue": "毛厘士", "name:za": "Mauritius", "name:zea": "Mauritius", "name:zh": "毛里求斯", "name:zh-Hans": "毛里求斯", "name:zh-Hant": "模里西斯", "name:zh-Hant-CN": "毛里求斯", "name:zh-Hant-TW": "模里西斯", "name:zu": "IMorishisi", "official_name": "République de Maurice", "official_name:ca": "República de Maurici", "official_name:cs": "Mauricijská republika", "official_name:de": "Republik Mauritius", "official_name:fr": "République de Maurice", "official_name:sr": "Република Маурицијус", "official_name:xmf": "მავრიკიშ რესპუბლიკა", "population": "1265475", "timezone": "Indian/Mauritius", "wikidata": "Q1027", "wikipedia": "en:Mauritius", "wikipedia:xmf": "მავრიკი", "ISO3166-2": null, "official_name:ar": null, "official_name:fa": null, "official_name:ur": null, "alt_name:en": null, "code": null }, "geometry": { "type": "MultiPolygon", "coordinates": [ [ [ [ 57.1454893, -20.2814256 ], [ 57.1461191, -20.2731965 ], [ 57.1471067, -20.2649988 ], [ 57.1484502, -20.2568463 ], [ 57.1501474, -20.2487528 ], [ 57.1521954, -20.2407319 ], [ 57.1549018, -20.2310128 ], [ 57.1570951, -20.2237008 ], [ 57.1595799, -20.2164725 ], [ 57.1623525, -20.209338 ], [ 57.1654089, -20.2023076 ], [ 57.1687447, -20.1953914 ], [ 57.1723551, -20.1885993 ], [ 57.1765873, -20.1813622 ], [ 57.1815582, -20.1707011 ], [ 57.1848705, -20.1612092 ], [ 57.1877854, -20.1534006 ], [ 57.1910385, -20.1457121 ], [ 57.1946242, -20.1381567 ], [ 57.1985364, -20.1307474 ], [ 57.2027683, -20.1234965 ], [ 57.2073128, -20.1164166 ], [ 57.2134707, -20.107739 ], [ 57.2165119, -20.1021041 ], [ 57.2207499, -20.0949829 ], [ 57.2252908, -20.0880304 ], [ 57.2301268, -20.081258 ], [ 57.2352501, -20.074677 ], [ 57.2406522, -20.0682982 ], [ 57.246324, -20.0621322 ], [ 57.2522561, -20.0561891 ], [ 57.2584388, -20.0504788 ], [ 57.2906017, -20.0219494 ], [ 57.2967204, -20.0167275 ], [ 57.3030484, -20.0117338 ], [ 57.3089486, -20.0074333 ], [ 57.3120874, -19.9997627 ], [ 57.315423, -19.9925073 ], [ 57.3292981, -19.9639008 ], [ 57.3543179, -19.9135943 ], [ 57.3583768, -19.9058658 ], [ 57.3627827, -19.8983093 ], [ 57.3675274, -19.8909387 ], [ 57.3726021, -19.8837676 ], [ 57.3779974, -19.8768094 ], [ 57.4888072, -19.7399968 ], [ 57.4940811, -19.7337401 ], [ 57.4996138, -19.7276874 ], [ 57.5053965, -19.7218481 ], [ 57.51142, -19.7162316 ], [ 57.5176747, -19.7108467 ], [ 57.5241508, -19.705702 ], [ 57.5308378, -19.7008057 ], [ 57.5377253, -19.6961655 ], [ 57.5448022, -19.6917887 ], [ 57.5520573, -19.6876824 ], [ 57.5594791, -19.683853 ], [ 57.5670559, -19.6803066 ], [ 57.5747756, -19.6770487 ], [ 57.582626, -19.6740847 ], [ 57.5905946, -19.6714191 ], [ 57.7373829, -19.6253349 ], [ 57.7452784, -19.6230129 ], [ 57.7532633, -19.6209842 ], [ 57.7613255, -19.6192519 ], [ 57.7694527, -19.6178185 ], [ 57.7776326, -19.6166863 ], [ 57.7858528, -19.615857 ], [ 57.7941008, -19.6153318 ], [ 57.8023641, -19.6151115 ], [ 57.8142068, -19.6151742 ], [ 57.8226544, -19.6155841 ], [ 57.831078, -19.6163129 ], [ 57.8394643, -19.6173592 ], [ 57.8478, -19.6187216 ], [ 57.8560718, -19.6203978 ], [ 57.8642666, -19.6223852 ], [ 57.8723714, -19.6246806 ], [ 57.8803732, -19.6272804 ], [ 57.8882594, -19.6301804 ], [ 57.8960175, -19.633376 ], [ 57.9036351, -19.6368622 ], [ 57.9111001, -19.6406334 ], [ 57.9184006, -19.6446837 ], [ 57.925525, -19.6490065 ], [ 57.932462, -19.653595 ], [ 57.9392005, -19.658442 ], [ 57.9457298, -19.6635397 ], [ 57.9520396, -19.66888 ], [ 57.9581197, -19.6744544 ], [ 57.9647661, -19.6810867 ], [ 57.9704034, -19.6871529 ], [ 57.9757788, -19.693429 ], [ 57.9808835, -19.6999047 ], [ 57.9857093, -19.7065696 ], [ 57.9902484, -19.7134129 ], [ 57.9944933, -19.7204236 ], [ 57.9984372, -19.7275903 ], [ 58.0020737, -19.7349014 ], [ 58.0053968, -19.7423451 ], [ 58.0084011, -19.7499094 ], [ 58.0110816, -19.757582 ], [ 58.0134341, -19.7653505 ], [ 58.0154547, -19.7732022 ], [ 58.0171399, -19.7811246 ], [ 58.0184872, -19.7891048 ], [ 58.0194941, -19.7971298 ], [ 58.0201591, -19.8051867 ], [ 58.0204193, -19.8115275 ], [ 58.0368038, -20.2625613 ], [ 58.0369265, -20.2705473 ], [ 58.0367124, -20.2785316 ], [ 58.0361174, -20.2909441 ], [ 58.0372726, -20.3071999 ], [ 58.0376682, -20.3150878 ], [ 58.0377347, -20.3229843 ], [ 58.0374719, -20.3308771 ], [ 58.0370654, -20.3383776 ], [ 58.0363945, -20.3470599 ], [ 58.0353249, -20.3557066 ], [ 58.0338588, -20.3643015 ], [ 58.0319987, -20.3728282 ], [ 58.0293735, -20.3836646 ], [ 58.0274719, -20.3908928 ], [ 58.0252871, -20.3980496 ], [ 58.022822, -20.405125 ], [ 58.02008, -20.4121092 ], [ 58.0170648, -20.4189928 ], [ 58.0137806, -20.425766 ], [ 58.0102318, -20.4324197 ], [ 58.0012185, -20.4484326 ], [ 57.993729, -20.4610793 ], [ 57.9894974, -20.4679042 ], [ 57.9849837, -20.4745667 ], [ 57.9801947, -20.4810565 ], [ 57.9751378, -20.4873634 ], [ 57.969821, -20.4934777 ], [ 57.9642524, -20.4993898 ], [ 57.9584406, -20.5050905 ], [ 57.9550663, -20.5082723 ], [ 57.9401774, -20.528544 ], [ 57.9369452, -20.5331548 ], [ 57.9323005, -20.5395108 ], [ 57.9273996, -20.5456939 ], [ 57.9222496, -20.5516948 ], [ 57.9168582, -20.5575047 ], [ 57.9112332, -20.563115 ], [ 57.9053831, -20.5685173 ], [ 57.8831309, -20.5882855 ], [ 57.8766557, -20.5938048 ], [ 57.8699454, -20.5990694 ], [ 57.8630113, -20.6040706 ], [ 57.8558649, -20.6087997 ], [ 57.8295367, -20.6246084 ], [ 57.8222924, -20.6287654 ], [ 57.8177684, -20.631134 ], [ 57.8149075, -20.6332534 ], [ 57.808396, -20.6377127 ], [ 57.8007927, -20.6424933 ], [ 57.7929424, -20.64703 ], [ 57.7848908, -20.6512429 ], [ 57.7766531, -20.6551243 ], [ 57.7700345, -20.6580758 ], [ 57.758212, -20.6643699 ], [ 57.7512358, -20.6679237 ], [ 57.7441238, -20.6712307 ], [ 57.7368857, -20.6742861 ], [ 57.7295317, -20.6770859 ], [ 57.7220718, -20.6796259 ], [ 57.7145165, -20.6819029 ], [ 57.7015402, -20.6855637 ], [ 57.66852, -20.699 ], [ 57.6601618, -20.7022039 ], [ 57.6516667, -20.705072 ], [ 57.64305, -20.7075989 ], [ 57.6343271, -20.7097802 ], [ 57.6255138, -20.711612 ], [ 57.6166258, -20.713091 ], [ 57.6059843, -20.7146434 ], [ 57.6025154, -20.715315 ], [ 57.5946139, -20.7176418 ], [ 57.5867634, -20.7197986 ], [ 57.5788307, -20.7216703 ], [ 57.5708274, -20.7232543 ], [ 57.5627653, -20.7245481 ], [ 57.5546562, -20.72555 ], [ 57.5465123, -20.7262583 ], [ 57.5420585, -20.726484 ], [ 57.5391997, -20.7268934 ], [ 57.5309341, -20.7277682 ], [ 57.5226386, -20.7283389 ], [ 57.5143256, -20.7286045 ], [ 57.5060079, -20.7285648 ], [ 57.4976983, -20.7282197 ], [ 57.4894093, -20.7275697 ], [ 57.4811536, -20.7266159 ], [ 57.4729439, -20.7253597 ], [ 57.4564832, -20.7225289 ], [ 57.3951138, -20.716856 ], [ 57.3752551, -20.7147422 ], [ 57.3666573, -20.7136593 ], [ 57.3581136, -20.712248 ], [ 57.3496381, -20.7105107 ], [ 57.3412448, -20.7084503 ], [ 57.3329478, -20.7060701 ], [ 57.3247607, -20.7033742 ], [ 57.3166972, -20.700367 ], [ 57.3042957, -20.6953412 ], [ 57.2978343, -20.6924175 ], [ 57.2914813, -20.6892908 ], [ 57.2810738, -20.6839565 ], [ 57.276768, -20.6830339 ], [ 57.2681298, -20.68082 ], [ 57.2447978, -20.6743398 ], [ 57.2368918, -20.671985 ], [ 57.2290892, -20.6693423 ], [ 57.2214021, -20.6664159 ], [ 57.2138419, -20.6632101 ], [ 57.2064201, -20.6597298 ], [ 57.1991481, -20.6559804 ], [ 57.1920368, -20.6519674 ], [ 57.1850969, -20.6476969 ], [ 57.1783391, -20.6431755 ], [ 57.1717735, -20.63841 ], [ 57.1654101, -20.6334076 ], [ 57.1592584, -20.6281759 ], [ 57.1533279, -20.6227228 ], [ 57.1476274, -20.6170566 ], [ 57.1421656, -20.611186 ], [ 57.1369507, -20.6051197 ], [ 57.1319906, -20.5988669 ], [ 57.1272928, -20.5924373 ], [ 57.1228643, -20.5858404 ], [ 57.1187119, -20.5790862 ], [ 57.1148418, -20.5721851 ], [ 57.1112598, -20.5651475 ], [ 57.1079713, -20.557984 ], [ 57.1049812, -20.5507054 ], [ 57.102294, -20.5433228 ], [ 57.0991383, -20.5340693 ], [ 57.096766, -20.5266198 ], [ 57.0947021, -20.5190894 ], [ 57.0929496, -20.5114893 ], [ 57.091511, -20.5038309 ], [ 57.0903885, -20.4961257 ], [ 57.0895837, -20.4883853 ], [ 57.0890978, -20.4806213 ], [ 57.0889314, -20.4728455 ], [ 57.0890848, -20.4650693 ], [ 57.0894586, -20.4557921 ], [ 57.0899797, -20.4474462 ], [ 57.0908689, -20.4391281 ], [ 57.0921247, -20.430852 ], [ 57.0937449, -20.4226324 ], [ 57.0957265, -20.4144835 ], [ 57.1009732, -20.3947952 ], [ 57.103457, -20.3862717 ], [ 57.106336, -20.3778594 ], [ 57.1096047, -20.3695748 ], [ 57.1220872, -20.3399852 ], [ 57.1276282, -20.327297 ], [ 57.130128, -20.3218056 ], [ 57.1327998, -20.3163868 ], [ 57.1379203, -20.3063923 ], [ 57.1452474, -20.292386 ], [ 57.1452183, -20.2896721 ], [ 57.1454893, -20.2814256 ] ] ], [ [ [ 63.0792226, -19.7050515 ], [ 63.0802638, -19.6968308 ], [ 63.0816619, -19.6886577 ], [ 63.0844018, -19.6744942 ], [ 63.0860425, -19.6668521 ], [ 63.0879952, -19.6592761 ], [ 63.088621, -19.6572013 ], [ 63.0887705, -19.6563441 ], [ 63.0903338, -19.649066 ], [ 63.09218, -19.6418477 ], [ 63.0943067, -19.6346989 ], [ 63.0967107, -19.6276296 ], [ 63.1010294, -19.6156899 ], [ 63.104327, -19.6072005 ], [ 63.1080244, -19.5988605 ], [ 63.1090598, -19.5967911 ], [ 63.1108624, -19.5923967 ], [ 63.1140763, -19.5850004 ], [ 63.1175983, -19.5777312 ], [ 63.1214227, -19.5706007 ], [ 63.1255434, -19.5636202 ], [ 63.1299538, -19.5568007 ], [ 63.1346469, -19.550153 ], [ 63.1396152, -19.5436877 ], [ 63.1438398, -19.5384138 ], [ 63.1489263, -19.5323124 ], [ 63.1542579, -19.5264021 ], [ 63.1598265, -19.5206919 ], [ 63.1656238, -19.5151902 ], [ 63.1716411, -19.5099054 ], [ 63.1778694, -19.5048453 ], [ 63.1842993, -19.5000176 ], [ 63.1909212, -19.4954293 ], [ 63.1977251, -19.4910875 ], [ 63.2047009, -19.4869985 ], [ 63.2118381, -19.4831686 ], [ 63.2150856, -19.4815037 ], [ 63.2215812, -19.4783097 ], [ 63.2281891, -19.4753302 ], [ 63.2349013, -19.4725689 ], [ 63.24171, -19.4700289 ], [ 63.2452343, -19.4687804 ], [ 63.2532948, -19.4660988 ], [ 63.2614625, -19.4637276 ], [ 63.2697243, -19.4616705 ], [ 63.2780666, -19.4599309 ], [ 63.2864761, -19.4585115 ], [ 63.2949389, -19.4574148 ], [ 63.3034414, -19.4566424 ], [ 63.3119697, -19.4561956 ], [ 63.3253143, -19.4557517 ], [ 63.3272541, -19.4557199 ], [ 63.33161, -19.4550389 ], [ 63.3397844, -19.4540688 ], [ 63.3428363, -19.4537636 ], [ 63.3515186, -19.4530662 ], [ 63.3602239, -19.4527079 ], [ 63.3689373, -19.4526893 ], [ 63.373176, -19.4528458 ], [ 63.3791415, -19.4523871 ], [ 63.3876779, -19.4520585 ], [ 63.3962214, -19.4520566 ], [ 63.404758, -19.4523813 ], [ 63.4132739, -19.4530322 ], [ 63.4190723, -19.4535871 ], [ 63.426608, -19.4544376 ], [ 63.4341068, -19.4555436 ], [ 63.4415591, -19.4569035 ], [ 63.4451218, -19.4576801 ], [ 63.446558, -19.4578668 ], [ 63.4486071, -19.4578717 ], [ 63.456909, -19.4582005 ], [ 63.4597666, -19.458367 ], [ 63.4684462, -19.4590426 ], [ 63.4770892, -19.4600559 ], [ 63.4856811, -19.4614052 ], [ 63.4942074, -19.4630882 ], [ 63.5026537, -19.465102 ], [ 63.5110058, -19.4674433 ], [ 63.5192494, -19.4701082 ], [ 63.5273708, -19.473092 ], [ 63.5396091, -19.4778644 ], [ 63.5470897, -19.480942 ], [ 63.5533461, -19.4837919 ], [ 63.5544048, -19.4841676 ], [ 63.5630059, -19.4876369 ], [ 63.5714375, -19.4914625 ], [ 63.5771579, -19.4943585 ], [ 63.5793558, -19.4951812 ], [ 63.5865692, -19.4981796 ], [ 63.5936602, -19.5014301 ], [ 63.6006192, -19.5049282 ], [ 63.6074364, -19.5086691 ], [ 63.6141025, -19.5126476 ], [ 63.6206083, -19.5168582 ], [ 63.6232459, -19.5186342 ], [ 63.630024, -19.5233933 ], [ 63.6365972, -19.5284042 ], [ 63.6429551, -19.5336592 ], [ 63.6490877, -19.5391498 ], [ 63.6549852, -19.5448675 ], [ 63.6606383, -19.5508031 ], [ 63.6660379, -19.5569472 ], [ 63.6711755, -19.5632901 ], [ 63.6760429, -19.5698219 ], [ 63.6784616, -19.5732084 ], [ 63.682774, -19.5794961 ], [ 63.686836, -19.5859319 ], [ 63.6906419, -19.592507 ], [ 63.6941863, -19.5992121 ], [ 63.6974643, -19.6060379 ], [ 63.7004713, -19.6129749 ], [ 63.703203, -19.6200134 ], [ 63.7056555, -19.6271437 ], [ 63.7078256, -19.6343558 ], [ 63.70971, -19.6416396 ], [ 63.7105755, -19.6452775 ], [ 63.7123553, -19.6535684 ], [ 63.713765, -19.661923 ], [ 63.714802, -19.6703264 ], [ 63.7154644, -19.6787638 ], [ 63.7157509, -19.68722 ], [ 63.7158136, -19.6926088 ], [ 63.715735, -19.7007161 ], [ 63.7153108, -19.7088138 ], [ 63.7145399, -19.7169037 ], [ 63.7143776, -19.7212693 ], [ 63.7138221, -19.7285889 ], [ 63.7129844, -19.7358845 ], [ 63.7124616, -19.739774 ], [ 63.7111515, -19.7481172 ], [ 63.7094722, -19.756401 ], [ 63.7074267, -19.7646106 ], [ 63.7050185, -19.7727316 ], [ 63.7037176, -19.7767886 ], [ 63.7012405, -19.7840177 ], [ 63.6984759, -19.7911528 ], [ 63.6954278, -19.7981838 ], [ 63.6921004, -19.8051004 ], [ 63.6884985, -19.8118928 ], [ 63.6855776, -19.8169166 ], [ 63.6849355, -19.8184364 ], [ 63.6812512, -19.8261865 ], [ 63.6772234, -19.833782 ], [ 63.672859, -19.8412093 ], [ 63.6692265, -19.8470937 ], [ 63.6683855, -19.8485772 ], [ 63.6639371, -19.8560371 ], [ 63.659156, -19.8633105 ], [ 63.6540508, -19.8703842 ], [ 63.648631, -19.8772453 ], [ 63.6457157, -19.8807757 ], [ 63.6403781, -19.8869804 ], [ 63.6347829, -19.8929789 ], [ 63.6289391, -19.8987615 ], [ 63.622856, -19.9043191 ], [ 63.622046, -19.9050022 ], [ 63.6190395, -19.9111078 ], [ 63.615554, -19.9175653 ], [ 63.611824, -19.9238995 ], [ 63.6078542, -19.9301021 ], [ 63.6036499, -19.936165 ], [ 63.6022067, -19.9381664 ], [ 63.5971923, -19.944824 ], [ 63.5918951, -19.9512829 ], [ 63.5863238, -19.9575324 ], [ 63.5804877, -19.9635621 ], [ 63.5743963, -19.9693619 ], [ 63.5680599, -19.9749223 ], [ 63.5647259, -19.9777304 ], [ 63.557908, -19.9832329 ], [ 63.5508501, -19.9884582 ], [ 63.5435647, -19.9933969 ], [ 63.5360649, -19.9980402 ], [ 63.528364, -20.0023797 ], [ 63.5272243, -20.0029915 ], [ 63.5195545, -20.0069135 ], [ 63.5117205, -20.0105341 ], [ 63.5037355, -20.0138474 ], [ 63.4956131, -20.0168478 ], [ 63.4873669, -20.01953 ], [ 63.4790109, -20.0218896 ], [ 63.4705592, -20.0239226 ], [ 63.4620262, -20.0256256 ], [ 63.4534262, -20.0269957 ], [ 63.4447738, -20.0280305 ], [ 63.4258591, -20.0299193 ], [ 63.4060821, -20.0319463 ], [ 63.4044683, -20.0321057 ], [ 63.3948174, -20.0330235 ], [ 63.3858786, -20.0336933 ], [ 63.3769177, -20.0340055 ], [ 63.3752868, -20.0340298 ], [ 63.3741087, -20.0341861 ], [ 63.3646001, -20.0350382 ], [ 63.3621526, -20.0352051 ], [ 63.3536253, -20.0356236 ], [ 63.3450871, -20.0357175 ], [ 63.3365518, -20.0354866 ], [ 63.3280332, -20.0349312 ], [ 63.3257248, -20.0347365 ], [ 63.3173021, -20.0338656 ], [ 63.308923, -20.0326775 ], [ 63.3006009, -20.0311742 ], [ 63.2923489, -20.0293579 ], [ 63.2841804, -20.0272318 ], [ 63.2794252, -20.0258969 ], [ 63.2710927, -20.0233797 ], [ 63.2628772, -20.0205401 ], [ 63.2547927, -20.0173828 ], [ 63.2482033, -20.0146575 ], [ 63.2401037, -20.0111136 ], [ 63.2321691, -20.0072509 ], [ 63.2244137, -20.0030762 ], [ 63.2168511, -19.9985968 ], [ 63.2094947, -19.9938207 ], [ 63.2023575, -19.9887564 ], [ 63.2016073, -19.9882003 ], [ 63.1956359, -19.9836065 ], [ 63.1898449, -19.978811 ], [ 63.184242, -19.9738199 ], [ 63.1788344, -19.96864 ], [ 63.1736294, -19.963278 ], [ 63.1686337, -19.9577409 ], [ 63.1559441, -19.9431462 ], [ 63.1503646, -19.9364424 ], [ 63.1450918, -19.9295203 ], [ 63.1401352, -19.9223925 ], [ 63.1355037, -19.9150718 ], [ 63.1312056, -19.9075716 ], [ 63.13054, -19.9063487 ], [ 63.1272991, -19.9001325 ], [ 63.1218371, -19.8891824 ], [ 63.1185602, -19.8822776 ], [ 63.115561, -19.8752609 ], [ 63.1128438, -19.8681421 ], [ 63.1104124, -19.8609315 ], [ 63.1082701, -19.8536392 ], [ 63.1079979, -19.8525559 ], [ 63.1073557, -19.8514976 ], [ 63.1034513, -19.8444267 ], [ 63.0998473, -19.8372144 ], [ 63.0958277, -19.828738 ], [ 63.0927173, -19.8218356 ], [ 63.0898819, -19.8148281 ], [ 63.0873255, -19.8077251 ], [ 63.0850515, -19.8005366 ], [ 63.0830632, -19.7932727 ], [ 63.0813632, -19.7859434 ], [ 63.0799539, -19.7785592 ], [ 63.0788372, -19.7711303 ], [ 63.0780146, -19.763667 ], [ 63.077686, -19.7600277 ], [ 63.0771667, -19.7526968 ], [ 63.0769311, -19.7453527 ], [ 63.0769795, -19.7380055 ], [ 63.0773118, -19.7306648 ], [ 63.0779275, -19.7233405 ], [ 63.0782517, -19.7207067 ], [ 63.0785402, -19.7133059 ], [ 63.0792226, -19.7050515 ] ] ], [ [ [ 59.2933045, -16.5835297 ], [ 59.2920409, -16.5758847 ], [ 59.2910838, -16.5681985 ], [ 59.2904347, -16.5604823 ], [ 59.2900945, -16.5527478 ], [ 59.2900636, -16.5450064 ], [ 59.290342, -16.5372696 ], [ 59.2909293, -16.5295488 ], [ 59.2918247, -16.5218557 ], [ 59.2930266, -16.5142015 ], [ 59.2945334, -16.5065977 ], [ 59.2963427, -16.4990555 ], [ 59.2984518, -16.4915862 ], [ 59.3008575, -16.4842008 ], [ 59.3035563, -16.4769103 ], [ 59.306544, -16.4697256 ], [ 59.3098163, -16.4626573 ], [ 59.3133683, -16.4557158 ], [ 59.3171946, -16.4489116 ], [ 59.3212895, -16.4422546 ], [ 59.3256469, -16.4357547 ], [ 59.3302605, -16.4294217 ], [ 59.3351231, -16.4232649 ], [ 59.3402278, -16.4172934 ], [ 59.3423168, -16.4150329 ], [ 59.364315, -16.3883226 ], [ 59.368952, -16.3828893 ], [ 59.3703931, -16.3813165 ], [ 59.3774932, -16.2503599 ], [ 59.3772563, -16.2441297 ], [ 59.3772833, -16.2361062 ], [ 59.3776419, -16.2280901 ], [ 59.3783316, -16.2200943 ], [ 59.3785279, -16.2182612 ], [ 59.3795028, -16.2106004 ], [ 59.3807814, -16.2029815 ], [ 59.3823621, -16.1954157 ], [ 59.3842422, -16.1879141 ], [ 59.3864192, -16.1804879 ], [ 59.3888896, -16.1731479 ], [ 59.3916499, -16.1659051 ], [ 59.3946959, -16.1587701 ], [ 59.3980231, -16.1517534 ], [ 59.4016266, -16.1448654 ], [ 59.405501, -16.1381162 ], [ 59.4096406, -16.1315159 ], [ 59.4140392, -16.1250741 ], [ 59.4186903, -16.1188003 ], [ 59.4235871, -16.1127038 ], [ 59.4287224, -16.1067935 ], [ 59.4340884, -16.1010783 ], [ 59.4351718, -16.099968 ], [ 59.4411255, -16.0941107 ], [ 59.4473215, -16.0884935 ], [ 59.4537495, -16.0831258 ], [ 59.4603987, -16.0780163 ], [ 59.4672581, -16.0731737 ], [ 59.4743162, -16.0686061 ], [ 59.4815612, -16.0643211 ], [ 59.488981, -16.0603257 ], [ 59.4920682, -16.0588197 ], [ 59.4920648, -16.0588133 ], [ 59.4943966, -16.0576476 ], [ 59.501757, -16.0541444 ], [ 59.5092544, -16.0509247 ], [ 59.5168773, -16.0479936 ], [ 59.5246137, -16.0453556 ], [ 59.5324517, -16.0430148 ], [ 59.5403789, -16.0409749 ], [ 59.5483832, -16.039239 ], [ 59.5564519, -16.0378098 ], [ 59.5599762, -16.0372548 ], [ 59.5681704, -16.0361258 ], [ 59.5764044, -16.0353131 ], [ 59.5846654, -16.0348181 ], [ 59.5929402, -16.0346415 ], [ 59.6012157, -16.0347835 ], [ 59.6094788, -16.0352441 ], [ 59.6177164, -16.0360224 ], [ 59.6259155, -16.0371172 ], [ 59.634063, -16.0385268 ], [ 59.6421462, -16.0402489 ], [ 59.6446439, -16.0408316 ], [ 59.6524297, -16.0428032 ], [ 59.6601309, -16.0450647 ], [ 59.6677359, -16.0476128 ], [ 59.6752332, -16.0504437 ], [ 59.6826118, -16.0535531 ], [ 59.6898604, -16.0569364 ], [ 59.6969683, -16.0605885 ], [ 59.7039248, -16.064504 ], [ 59.7107194, -16.0686769 ], [ 59.717342, -16.073101 ], [ 59.7237827, -16.0777698 ], [ 59.7300317, -16.0826761 ], [ 59.7360797, -16.0878127 ], [ 59.7419177, -16.0931718 ], [ 59.7475367, -16.0987454 ], [ 59.7529285, -16.1045252 ], [ 59.758085, -16.1105025 ], [ 59.7629982, -16.1166684 ], [ 59.767661, -16.1230135 ], [ 59.7704173, -16.1270899 ], [ 59.7734227, -16.1314308 ], [ 59.7776022, -16.1379993 ], [ 59.781518, -16.1447181 ], [ 59.7851644, -16.1515771 ], [ 59.7885358, -16.1585663 ], [ 59.7916274, -16.1656753 ], [ 59.7944345, -16.1728938 ], [ 59.796953, -16.1802111 ], [ 59.7991791, -16.1876164 ], [ 59.8002371, -16.1917177 ], [ 59.8432624, -16.317837 ], [ 59.8512028, -16.3391632 ], [ 59.8545619, -16.3421253 ], [ 59.8603414, -16.3476362 ], [ 59.865894, -16.3533607 ], [ 59.8712112, -16.35929 ], [ 59.8762849, -16.3654151 ], [ 59.8811073, -16.3717266 ], [ 59.8856711, -16.378215 ], [ 59.8899692, -16.3848704 ], [ 59.8939952, -16.3916827 ], [ 59.8977428, -16.3986414 ], [ 59.9012063, -16.405736 ], [ 59.9043805, -16.4129556 ], [ 59.907303, -16.4199807 ], [ 59.9101801, -16.4273063 ], [ 59.9127592, -16.4347346 ], [ 59.9150363, -16.4422543 ], [ 59.9173776, -16.4505854 ], [ 59.9201029, -16.4614759 ], [ 59.9225027, -16.4723903 ], [ 59.9239553, -16.4796521 ], [ 59.9251298, -16.4869607 ], [ 59.9260248, -16.4943059 ], [ 59.9266388, -16.501678 ], [ 59.9269711, -16.5090669 ], [ 59.9270211, -16.5164626 ], [ 59.9269445, -16.5226849 ], [ 59.9266818, -16.5306605 ], [ 59.9260909, -16.5386198 ], [ 59.9251725, -16.5465501 ], [ 59.9239282, -16.554439 ], [ 59.9223598, -16.562274 ], [ 59.9204697, -16.5700426 ], [ 59.9197569, -16.5727313 ], [ 59.9197753, -16.5732925 ], [ 59.9197551, -16.5802148 ], [ 59.9196566, -16.5849457 ], [ 59.9198273, -16.5926484 ], [ 59.9198445, -16.6003647 ], [ 59.9195542, -16.6080758 ], [ 59.9189569, -16.6157705 ], [ 59.9180534, -16.6234374 ], [ 59.916845, -16.6310652 ], [ 59.9144145, -16.6446508 ], [ 59.9129491, -16.6520172 ], [ 59.9111993, -16.6593256 ], [ 59.9091673, -16.6665659 ], [ 59.9068562, -16.673728 ], [ 59.901934, -16.6880322 ], [ 59.9014662, -16.689811 ], [ 59.9007586, -16.6944775 ], [ 59.8993717, -16.7024875 ], [ 59.8976498, -16.710437 ], [ 59.8955956, -16.7183128 ], [ 59.8932125, -16.7261021 ], [ 59.8905044, -16.7337921 ], [ 59.8874755, -16.7413703 ], [ 59.8846478, -16.7480395 ], [ 59.8814295, -16.7552259 ], [ 59.8779227, -16.762286 ], [ 59.8741328, -16.769209 ], [ 59.8700655, -16.7759843 ], [ 59.8657269, -16.7826018 ], [ 59.8611237, -16.7890512 ], [ 59.8562627, -16.7953228 ], [ 59.852047, -16.8003411 ], [ 59.8403018, -16.8164902 ], [ 59.8373606, -16.8204314 ], [ 59.835084, -16.8234054 ], [ 59.8298793, -16.8299207 ], [ 59.8244017, -16.8362252 ], [ 59.8186604, -16.8423083 ], [ 59.8126317, -16.8484386 ], [ 59.8120418, -16.8491133 ], [ 59.8067734, -16.8546996 ], [ 59.8012904, -16.8600912 ], [ 59.7956006, -16.8652804 ], [ 59.789712, -16.87026 ], [ 59.7764116, -16.8810863 ], [ 59.7707192, -16.8867117 ], [ 59.7653994, -16.8932864 ], [ 59.7628273, -16.897241 ], [ 59.7613566, -16.8994693 ], [ 59.7550283, -16.9089189 ], [ 59.7507136, -16.9151061 ], [ 59.7461631, -16.9211347 ], [ 59.7413831, -16.9269966 ], [ 59.7363802, -16.9326836 ], [ 59.7311611, -16.9381878 ], [ 59.7257333, -16.9435018 ], [ 59.720104, -16.9486181 ], [ 59.714281, -16.9535297 ], [ 59.7058624, -16.9603683 ], [ 59.6997177, -16.9651703 ], [ 59.6933878, -16.9697443 ], [ 59.6868819, -16.9740838 ], [ 59.6802094, -16.9781825 ], [ 59.6733798, -16.9820345 ], [ 59.6664031, -16.9856342 ], [ 59.6592893, -16.9889764 ], [ 59.6520486, -16.9920564 ], [ 59.642819, -16.9957821 ], [ 59.6351944, -16.9986914 ], [ 59.6274566, -17.0013098 ], [ 59.6196177, -17.0036334 ], [ 59.6176359, -17.00418 ], [ 59.6098097, -17.0070044 ], [ 59.6025808, -17.0104988 ], [ 59.5951424, -17.0137499 ], [ 59.5875773, -17.0167181 ], [ 59.5745942, -17.0215282 ], [ 59.5662985, -17.0244091 ], [ 59.5578835, -17.0269498 ], [ 59.5493643, -17.029146 ], [ 59.5407561, -17.0309936 ], [ 59.5320742, -17.0324893 ], [ 59.5233344, -17.0336305 ], [ 59.5157432, -17.0344646 ], [ 59.5065941, -17.0352739 ], [ 59.4974168, -17.0356946 ], [ 59.4882291, -17.0357259 ], [ 59.4790489, -17.0353679 ], [ 59.4688994, -17.0347562 ], [ 59.460788, -17.034114 ], [ 59.4527088, -17.0331677 ], [ 59.4446742, -17.0319189 ], [ 59.4366964, -17.0303693 ], [ 59.4287877, -17.0285215 ], [ 59.42096, -17.0263782 ], [ 59.4132253, -17.0239426 ], [ 59.4055954, -17.0212185 ], [ 59.3980819, -17.01821 ], [ 59.3894641, -17.0145677 ], [ 59.3820597, -17.0112702 ], [ 59.3747951, -17.0076965 ], [ 59.3676815, -17.0038521 ], [ 59.3607298, -16.9997429 ], [ 59.3539507, -16.9953751 ], [ 59.3473545, -16.9907556 ], [ 59.3409513, -16.9858913 ], [ 59.3347509, -16.9807896 ], [ 59.3287628, -16.9754585 ], [ 59.3229961, -16.9699061 ], [ 59.3174597, -16.9641409 ], [ 59.3134049, -16.959749 ], [ 59.3081031, -16.9537746 ], [ 59.3030486, -16.9476051 ], [ 59.298249, -16.9412499 ], [ 59.2937116, -16.9347187 ], [ 59.2894435, -16.9280216 ], [ 59.285451, -16.9211689 ], [ 59.2817404, -16.9141709 ], [ 59.2783173, -16.9070386 ], [ 59.2751868, -16.8997827 ], [ 59.2723538, -16.8924144 ], [ 59.2698225, -16.8849451 ], [ 59.2675968, -16.8773861 ], [ 59.2656801, -16.869749 ], [ 59.2640753, -16.8620456 ], [ 59.2627847, -16.8542876 ], [ 59.2618104, -16.8464869 ], [ 59.2611537, -16.8386555 ], [ 59.2608157, -16.8308053 ], [ 59.2607892, -16.8296386 ], [ 59.2607646, -16.8221174 ], [ 59.2610324, -16.8146005 ], [ 59.2615923, -16.8070985 ], [ 59.2624434, -16.7996219 ], [ 59.2635844, -16.7921813 ], [ 59.2966161, -16.601346 ], [ 59.2933045, -16.5835297 ] ] ], [ [ [ 56.3847637, -10.312499 ], [ 56.3859157, -10.305127 ], [ 56.3873432, -10.2978025 ], [ 56.3890442, -10.2905354 ], [ 56.3910163, -10.2833359 ], [ 56.3932568, -10.2762138 ], [ 56.3957627, -10.2691789 ], [ 56.3964859, -10.2672627 ], [ 56.3995286, -10.2596741 ], [ 56.40288, -10.2522141 ], [ 56.4065345, -10.2448951 ], [ 56.4104861, -10.2377292 ], [ 56.4147281, -10.2307281 ], [ 56.4192536, -10.2239035 ], [ 56.4240551, -10.2172666 ], [ 56.4291247, -10.2108283 ], [ 56.4344539, -10.2045993 ], [ 56.4400341, -10.1985898 ], [ 56.4408396, -10.1977568 ], [ 56.4460698, -10.192543 ], [ 56.4514889, -10.1875221 ], [ 56.4570895, -10.1827009 ], [ 56.4628642, -10.1780856 ], [ 56.4688052, -10.1736827 ], [ 56.4749047, -10.1694978 ], [ 56.4811545, -10.1655367 ], [ 56.4817932, -10.165148 ], [ 56.4887793, -10.1610844 ], [ 56.4959234, -10.1573003 ], [ 56.5032143, -10.1538017 ], [ 56.5106402, -10.1505943 ], [ 56.5181893, -10.1476831 ], [ 56.5258497, -10.1450728 ], [ 56.533609, -10.1427674 ], [ 56.541455, -10.1407708 ], [ 56.5493751, -10.139086 ], [ 56.5573567, -10.1377158 ], [ 56.5653871, -10.1366624 ], [ 56.5668862, -10.1364958 ], [ 56.5746027, -10.1357859 ], [ 56.582341, -10.1353685 ], [ 56.5900896, -10.1352442 ], [ 56.5978375, -10.1354131 ], [ 56.6055731, -10.1358751 ], [ 56.6132854, -10.1366294 ], [ 56.6209629, -10.1376749 ], [ 56.6285946, -10.1390102 ], [ 56.6361694, -10.1406332 ], [ 56.643676, -10.1425417 ], [ 56.6450919, -10.1429303 ], [ 56.6521834, -10.1450155 ], [ 56.6591934, -10.1473554 ], [ 56.6661128, -10.1499469 ], [ 56.6729324, -10.1527866 ], [ 56.6796429, -10.1558707 ], [ 56.6862357, -10.159195 ], [ 56.6877628, -10.1600001 ], [ 56.6945779, -10.1637613 ], [ 56.7012422, -10.1677791 ], [ 56.7077457, -10.1720478 ], [ 56.7140788, -10.1765611 ], [ 56.7202323, -10.1813121 ], [ 56.7234817, -10.183922 ], [ 56.7281526, -10.1877898 ], [ 56.7306245, -10.1898999 ], [ 56.7357995, -10.1944724 ], [ 56.7408138, -10.1992173 ], [ 56.7421749, -10.20055 ], [ 56.747207, -10.2056552 ], [ 56.7520531, -10.2109342 ], [ 56.756707, -10.2163802 ], [ 56.761163, -10.2219863 ], [ 56.7634904, -10.2251385 ], [ 56.7654154, -10.2277456 ], [ 56.7675945, -10.2308096 ], [ 56.7687786, -10.2324176 ], [ 56.7726352, -10.2378407 ], [ 56.7763091, -10.2433868 ], [ 56.7797963, -10.24905 ], [ 56.7806858, -10.2505495 ], [ 56.7839026, -10.2561783 ], [ 56.786935, -10.2619066 ], [ 56.7903545, -10.2686269 ], [ 56.7928143, -10.2736323 ], [ 56.7940655, -10.2762705 ], [ 56.7974317, -10.2837614 ], [ 56.7977671, -10.2845981 ], [ 56.7980687, -10.2851034 ], [ 56.8049719, -10.2892414 ], [ 56.8121536, -10.2939704 ], [ 56.8191261, -10.2989973 ], [ 56.8227365, -10.3017181 ], [ 56.8285245, -10.3062469 ], [ 56.8341427, -10.3109809 ], [ 56.8395835, -10.315914 ], [ 56.8448398, -10.3210395 ], [ 56.8499047, -10.3263508 ], [ 56.8547714, -10.3318409 ], [ 56.8580219, -10.3356449 ], [ 56.8628653, -10.3415351 ], [ 56.8674807, -10.3476023 ], [ 56.8718612, -10.3538378 ], [ 56.8760008, -10.3602328 ], [ 56.8798935, -10.366778 ], [ 56.8835337, -10.3734642 ], [ 56.8869162, -10.3802818 ], [ 56.8900361, -10.3872211 ], [ 56.892889, -10.3942722 ], [ 56.8938347, -10.3967438 ], [ 56.8968691, -10.4052452 ], [ 56.8982047, -10.4092722 ], [ 56.9004598, -10.4165319 ], [ 56.9024362, -10.4238707 ], [ 56.9041311, -10.4312783 ], [ 56.9055421, -10.4387439 ], [ 56.906667, -10.446257 ], [ 56.9068624, -10.4477568 ], [ 56.9078305, -10.4567948 ], [ 56.9083846, -10.4658669 ], [ 56.9085237, -10.4749544 ], [ 56.9084981, -10.4783433 ], [ 56.9082794, -10.4862882 ], [ 56.9077432, -10.4942183 ], [ 56.9068906, -10.5021212 ], [ 56.9057227, -10.5099845 ], [ 56.9042415, -10.517796 ], [ 56.9024491, -10.5255434 ], [ 56.9003484, -10.5332145 ], [ 56.8991009, -10.5374375 ], [ 56.8970852, -10.5438591 ], [ 56.8948534, -10.5502104 ], [ 56.8925179, -10.5565145 ], [ 56.8896359, -10.5638458 ], [ 56.886466, -10.5710597 ], [ 56.883013, -10.5781453 ], [ 56.8792821, -10.5850918 ], [ 56.8752791, -10.5918883 ], [ 56.8710101, -10.5985245 ], [ 56.8664816, -10.6049903 ], [ 56.8617005, -10.6112757 ], [ 56.8566742, -10.617371 ], [ 56.8514104, -10.6232669 ], [ 56.8459172, -10.6289544 ], [ 56.8402029, -10.6344247 ], [ 56.8355803, -10.6386794 ], [ 56.8305413, -10.6431645 ], [ 56.8253537, -10.6474807 ], [ 56.8230866, -10.6493038 ], [ 56.816433, -10.654431 ], [ 56.8095698, -10.6592804 ], [ 56.8025088, -10.6638437 ], [ 56.7952621, -10.6681129 ], [ 56.7878422, -10.6720806 ], [ 56.7802621, -10.6757401 ], [ 56.7725347, -10.679085 ], [ 56.7646734, -10.6821095 ], [ 56.7640425, -10.6823374 ], [ 56.7562467, -10.6849776 ], [ 56.748349, -10.6873027 ], [ 56.7403624, -10.6893089 ], [ 56.7322999, -10.6909929 ], [ 56.724175, -10.6923519 ], [ 56.7160009, -10.6933837 ], [ 56.7077912, -10.6940866 ], [ 56.6995595, -10.6944593 ], [ 56.6913192, -10.6945014 ], [ 56.6830839, -10.6942127 ], [ 56.6748674, -10.6935937 ], [ 56.6685272, -10.6929877 ], [ 56.6599941, -10.6919915 ], [ 56.6515112, -10.690639 ], [ 56.6430939, -10.6889327 ], [ 56.6347571, -10.6868756 ], [ 56.6265159, -10.6844715 ], [ 56.6240423, -10.6836933 ], [ 56.6161399, -10.6810288 ], [ 56.608355, -10.6780452 ], [ 56.6007009, -10.6747475 ], [ 56.5931903, -10.6711413 ], [ 56.5858361, -10.6672328 ], [ 56.5831962, -10.6657598 ], [ 56.5768507, -10.6620674 ], [ 56.5706449, -10.65815 ], [ 56.5645868, -10.6540125 ], [ 56.5586844, -10.6496605 ], [ 56.5529456, -10.6450997 ], [ 56.5473777, -10.640336 ], [ 56.5456553, -10.6388075 ], [ 56.5402692, -10.6338505 ], [ 56.5350683, -10.6287037 ], [ 56.5300593, -10.6233739 ], [ 56.5281707, -10.6212896 ], [ 56.522915, -10.6152531 ], [ 56.5179056, -10.609015 ], [ 56.5131503, -10.6025853 ], [ 56.5086566, -10.5959741 ], [ 56.5044315, -10.5891917 ], [ 56.5004818, -10.5822489 ], [ 56.5000054, -10.5813279 ], [ 56.4968843, -10.5786361 ], [ 56.490897, -10.5730333 ], [ 56.4851446, -10.5671946 ], [ 56.4836724, -10.5656384 ], [ 56.4781022, -10.559502 ], [ 56.4727914, -10.5531444 ], [ 56.467749, -10.5465765 ], [ 56.4629835, -10.5398092 ], [ 56.4625784, -10.539208 ], [ 56.4622876, -10.5388693 ], [ 56.4579764, -10.5336756 ], [ 56.4538434, -10.5283421 ], [ 56.4491227, -10.5220342 ], [ 56.4449641, -10.5162673 ], [ 56.4410137, -10.5103588 ], [ 56.4372764, -10.5043162 ], [ 56.4337569, -10.4981468 ], [ 56.4322742, -10.4954372 ], [ 56.4308583, -10.4929615 ], [ 56.4305736, -10.4925381 ], [ 56.4265089, -10.4859608 ], [ 56.4227023, -10.4792338 ], [ 56.4191595, -10.4723673 ], [ 56.4173833, -10.4687552 ], [ 56.4149696, -10.4635763 ], [ 56.4124042, -10.4594189 ], [ 56.4111636, -10.4572286 ], [ 56.4087012, -10.4528814 ], [ 56.4052473, -10.4462117 ], [ 56.4039151, -10.4435165 ], [ 56.4005279, -10.4363051 ], [ 56.3974317, -10.4289665 ], [ 56.3946316, -10.4215124 ], [ 56.3938272, -10.4192341 ], [ 56.3926509, -10.4158032 ], [ 56.3917912, -10.4132194 ], [ 56.3894588, -10.4057192 ], [ 56.3874242, -10.3981346 ], [ 56.3856904, -10.390477 ], [ 56.38426, -10.3827583 ], [ 56.3831352, -10.3749902 ], [ 56.3823177, -10.3671844 ], [ 56.3818087, -10.3593531 ], [ 56.381609, -10.351508 ], [ 56.3817189, -10.3436611 ], [ 56.3821381, -10.3358246 ], [ 56.3828661, -10.3280101 ], [ 56.3838044, -10.3209605 ], [ 56.3838888, -10.3199083 ], [ 56.3847637, -10.312499 ] ] ] ] } },
{ "type": "Feature", "properties": { "element": "relation", "id": 3488093, "admin_level": "4", "border_type": null, "boundary": "administrative", "maritime": null, "note": null, "type": "boundary", "ISO3166-1": null, "ISO3166-1:alpha2": null, "ISO3166-1:alpha3": null, "ISO3166-1:numeric": null, "driving_side": null, "flag": null, "name": "Black River", "name:ab": null, "name:af": null, "name:als": null, "name:am": null, "name:ami": null, "name:an": null, "name:ang": null, "name:ar": "النهر الأسود", "name:ary": null, "name:arz": null, "name:ast": null, "name:avk": null, "name:az": null, "name:azb": null, "name:ba": null, "name:ban": null, "name:bar": null, "name:bcl": null, "name:be": null, "name:be-tarask": null, "name:bg": null, "name:bi": null, "name:bjn": null, "name:bn": null, "name:bo": null, "name:bpy": null, "name:br": null, "name:bs": null, "name:bxr": null, "name:ca": null, "name:cbk": null, "name:cdo": null, "name:ce": null, "name:ceb": null, "name:ckb": null, "name:crh": null, "name:cs": null, "name:cv": null, "name:cy": null, "name:da": null, "name:dag": null, "name:de": "Rivière Noire / Black River", "name:diq": null, "name:dty": null, "name:dv": null, "name:ee": null, "name:el": null, "name:en": "Black River", "name:eo": null, "name:es": null, "name:et": null, "name:eu": null, "name:ext": null, "name:fa": "ریویر نوآیر", "name:ff": null, "name:fi": null, "name:fo": null, "name:fr": "Rivière Noire", "name:frp": null, "name:frr": null, "name:fy": null, "name:ga": null, "name:gag": null, "name:gcr": null, "name:gd": null, "name:gl": null, "name:gn": null, "name:grc": null, "name:gu": null, "name:gv": null, "name:ha": null, "name:hak": null, "name:haw": null, "name:he": null, "name:hi": null, "name:hif": null, "name:hr": null, "name:hsb": null, "name:ht": null, "name:hu": null, "name:hy": null, "name:ia": null, "name:id": null, "name:ie": null, "name:ig": null, "name:ilo": null, "name:io": null, "name:is": null, "name:it": null, "name:ja": null, "name:jam": null, "name:jv": null, "name:ka": null, "name:kg": null, "name:ki": null, "name:kk": null, "name:kn": null, "name:ko": null, "name:ku": null, "name:kw": null, "name:ky": null, "name:la": null, "name:lad": null, "name:lb": null, "name:lfn": null, "name:lg": null, "name:li": null, "name:lij": null, "name:lld": null, "name:lmo": null, "name:ln": null, "name:lt": null, "name:lv": null, "name:mfe": null, "name:mg": null, "name:mhr": null, "name:mi": null, "name:min": null, "name:mk": null, "name:ml": null, "name:mn": null, "name:mr": null, "name:mrj": null, "name:ms": null, "name:mt": null, "name:my": null, "name:mzn": null, "name:na": null, "name:nah": null, "name:nan": null, "name:nds": null, "name:nds-NL": null, "name:ne": null, "name:nl": null, "name:nn": null, "name:no": null, "name:nov": null, "name:nso": null, "name:oc": null, "name:olo": null, "name:om": null, "name:or": null, "name:os": null, "name:pa": null, "name:pam": null, "name:pi": null, "name:pih": null, "name:pl": null, "name:pms": null, "name:pnb": null, "name:ps": null, "name:pt": null, "name:qu": null, "name:ro": null, "name:ru": null, "name:rw": null, "name:sa": null, "name:sah": null, "name:sc": null, "name:scn": null, "name:sco": null, "name:sd": null, "name:se": null, "name:sg": null, "name:sgs": null, "name:sh": null, "name:shn": null, "name:si": null, "name:simple": null, "name:sk": null, "name:sl": null, "name:sm": null, "name:smn": null, "name:sms": null, "name:sn": null, "name:so": null, "name:sq": null, "name:sr": null, "name:ss": null, "name:st": null, "name:stq": null, "name:su": null, "name:sv": null, "name:sw": null, "name:szl": null, "name:szy": null, "name:ta": null, "name:tay": null, "name:te": null, "name:tg": null, "name:th": null, "name:tk": null, "name:tl": null, "name:tr": null, "name:trv": null, "name:ts": null, "name:tt": null, "name:tzl": null, "name:udm": null, "name:ug": null, "name:uk": null, "name:ur": "ریویر نوار", "name:uz": null, "name:vec": null, "name:vep": null, "name:vi": null, "name:vo": null, "name:vro": null, "name:war": null, "name:wo": null, "name:wuu": null, "name:xal": null, "name:xmf": null, "name:yi": null, "name:yo": null, "name:yue": null, "name:za": null, "name:zea": null, "name:zh": null, "name:zh-Hans": null, "name:zh-Hant": null, "name:zh-Hant-CN": null, "name:zh-Hant-TW": null, "name:zu": null, "official_name": "District de Rivière Noire", "official_name:ca": null, "official_name:cs": null, "official_name:de": "Distrikt Rivière Noire", "official_name:fr": "District de Rivière Noire", "official_name:sr": null, "official_name:xmf": null, "population": null, "timezone": null, "wikidata": "Q873740", "wikipedia": "fr:Rivière Noire (Maurice)", "wikipedia:xmf": null, "ISO3166-2": "MU-BL", "official_name:ar": "مقاطعة النهر الأسود", "official_name:fa": "ناحیه ریویر نوآیر", "official_name:ur": "ریویر نوار ضلع", "alt_name:en": null, "code": null }, "geometry": { "type": "MultiPolygon", "coordinates": [ [ [ [ 57.3377109, -20.4731445 ], [ 57.3376277, -20.4732099 ], [ 57.3375285, -20.4732048 ], [ 57.3373085, -20.4731973 ], [ 57.3371637, -20.4732149 ], [ 57.337051, -20.4731772 ], [ 57.3367419, -20.4731721 ], [ 57.3365441, -20.4730993 ], [ 57.336426, -20.4729561 ], [ 57.3364314, -20.4728932 ], [ 57.3364019, -20.4727978 ], [ 57.3363108, -20.4727022 ], [ 57.3362383, -20.4724887 ], [ 57.3362356, -20.4723178 ], [ 57.3362678, -20.4721922 ], [ 57.336233, -20.472064 ], [ 57.336123, -20.4718077 ], [ 57.3361713, -20.4712222 ], [ 57.3361766, -20.4708001 ], [ 57.3361257, -20.4703226 ], [ 57.3361766, -20.4699558 ], [ 57.3361927, -20.4696844 ], [ 57.3363188, -20.4693476 ], [ 57.3363188, -20.469222 ], [ 57.3364434, -20.469056 ], [ 57.3365682, -20.4688627 ], [ 57.3365629, -20.4687295 ], [ 57.3366487, -20.4686742 ], [ 57.3367784, -20.4684991 ], [ 57.3369035, -20.4684028 ], [ 57.3369786, -20.4683928 ], [ 57.3370859, -20.4682897 ], [ 57.3371959, -20.4683601 ], [ 57.3373112, -20.4684581 ], [ 57.3375177, -20.4686667 ], [ 57.337625, -20.468737 ], [ 57.3378128, -20.468938 ], [ 57.3378718, -20.4690562 ], [ 57.3380836, -20.4692874 ], [ 57.3382848, -20.469712 ], [ 57.3383653, -20.4699432 ], [ 57.3384297, -20.4701794 ], [ 57.3385209, -20.4705161 ], [ 57.3385155, -20.4707448 ], [ 57.3385289, -20.4710162 ], [ 57.3385424, -20.4711795 ], [ 57.3384833, -20.4713604 ], [ 57.3384511, -20.4716017 ], [ 57.3383519, -20.4717549 ], [ 57.338258, -20.4719283 ], [ 57.3381615, -20.4723756 ], [ 57.3381078, -20.4725641 ], [ 57.3380246, -20.4726721 ], [ 57.3379925, -20.4728455 ], [ 57.3377967, -20.4730088 ], [ 57.3377109, -20.4731445 ] ] ], [ [ [ 57.3409731, -20.428847 ], [ 57.3408973, -20.4288112 ], [ 57.3408308, -20.4287389 ], [ 57.34079, -20.4286177 ], [ 57.3408048, -20.4285272 ], [ 57.3408142, -20.4284782 ], [ 57.3407967, -20.4284191 ], [ 57.3407994, -20.4282507 ], [ 57.3408061, -20.4280773 ], [ 57.3408303, -20.4278272 ], [ 57.3408933, -20.4275432 ], [ 57.3408959, -20.4273347 ], [ 57.3409282, -20.4270216 ], [ 57.3409952, -20.4267112 ], [ 57.3410515, -20.4262688 ], [ 57.3410938, -20.4258636 ], [ 57.3411427, -20.4255022 ], [ 57.3411548, -20.425139 ], [ 57.3411883, -20.4247644 ], [ 57.3412299, -20.4243899 ], [ 57.3412715, -20.4241763 ], [ 57.3412809, -20.4240543 ], [ 57.3412541, -20.4238646 ], [ 57.3412621, -20.4236635 ], [ 57.341297, -20.4235064 ], [ 57.3413171, -20.4233593 ], [ 57.341309, -20.4230979 ], [ 57.3413251, -20.422845 ], [ 57.3413533, -20.4225386 ], [ 57.3414096, -20.4220585 ], [ 57.3414204, -20.4217833 ], [ 57.3413989, -20.4214716 ], [ 57.3413989, -20.4212265 ], [ 57.3413788, -20.42095 ], [ 57.3413573, -20.4206949 ], [ 57.3413761, -20.4204058 ], [ 57.3414028, -20.4200848 ], [ 57.3413707, -20.4196894 ], [ 57.3413452, -20.4194657 ], [ 57.3413399, -20.4193388 ], [ 57.3413667, -20.4192282 ], [ 57.3414137, -20.4191167 ], [ 57.3415517, -20.4188342 ], [ 57.3416376, -20.418508 ], [ 57.3417288, -20.4182327 ], [ 57.3419555, -20.4178482 ], [ 57.3420654, -20.4176458 ], [ 57.3421834, -20.4174372 ], [ 57.3422733, -20.4172801 ], [ 57.3423806, -20.4171292 ], [ 57.342457, -20.4170463 ], [ 57.3425576, -20.4169684 ], [ 57.3426609, -20.4168716 ], [ 57.3427579, -20.4167414 ], [ 57.3430404, -20.4164292 ], [ 57.3433556, -20.4161325 ], [ 57.3434494, -20.4159918 ], [ 57.3435742, -20.4158472 ], [ 57.3438276, -20.4155709 ], [ 57.3444968, -20.4149875 ], [ 57.3446551, -20.414843 ], [ 57.3448227, -20.4146972 ], [ 57.3451748, -20.4144525 ], [ 57.3455241, -20.4142246 ], [ 57.3457179, -20.4141133 ], [ 57.3460096, -20.4139971 ], [ 57.3462899, -20.4138576 ], [ 57.3465085, -20.4137583 ], [ 57.3467399, -20.4136623 ], [ 57.3471831, -20.413517 ], [ 57.347458, -20.4134504 ], [ 57.3477675, -20.4133828 ], [ 57.3479247, -20.41338 ], [ 57.3482868, -20.4134441 ], [ 57.3487978, -20.4135271 ], [ 57.3490325, -20.4135761 ], [ 57.3491652, -20.4135924 ], [ 57.3493101, -20.4135949 ], [ 57.3495729, -20.4136402 ], [ 57.3498178, -20.4136492 ], [ 57.3499753, -20.4136615 ], [ 57.3501385, -20.413654 ], [ 57.3504806, -20.4135888 ], [ 57.3506559, -20.4135839 ], [ 57.3508765, -20.4136377 ], [ 57.3509663, -20.4136729 ], [ 57.3510561, -20.4137474 ], [ 57.3510334, -20.413796 ], [ 57.3507343, -20.4142334 ], [ 57.350399, -20.4146457 ], [ 57.3498827, -20.4152615 ], [ 57.3492805, -20.4159699 ], [ 57.3485751, -20.4167987 ], [ 57.3483619, -20.4171179 ], [ 57.347981, -20.4175578 ], [ 57.3475312, -20.4180874 ], [ 57.3470879, -20.4187305 ], [ 57.3468183, -20.4190748 ], [ 57.3465782, -20.4194406 ], [ 57.345909, -20.4204297 ], [ 57.3457924, -20.4206396 ], [ 57.3457087, -20.4208287 ], [ 57.3455885, -20.4210191 ], [ 57.345437, -20.4212843 ], [ 57.345335, -20.4214427 ], [ 57.3452364, -20.4215675 ], [ 57.345103, -20.4218122 ], [ 57.3450306, -20.4219831 ], [ 57.3448643, -20.4223049 ], [ 57.3447114, -20.4225399 ], [ 57.344475, -20.4229634 ], [ 57.3442501, -20.423392 ], [ 57.3440838, -20.4238055 ], [ 57.3439027, -20.4241951 ], [ 57.3437995, -20.424454 ], [ 57.3437364, -20.4246501 ], [ 57.3436292, -20.4248298 ], [ 57.3434883, -20.4251377 ], [ 57.3433052, -20.4254164 ], [ 57.3430847, -20.425707 ], [ 57.3429063, -20.4259911 ], [ 57.3427024, -20.4262927 ], [ 57.3425219, -20.4266146 ], [ 57.3423135, -20.4270028 ], [ 57.3421431, -20.4273526 ], [ 57.3419206, -20.42789 ], [ 57.3417469, -20.4283606 ], [ 57.3416698, -20.4285247 ], [ 57.341596, -20.4286931 ], [ 57.3415212, -20.4287896 ], [ 57.3413694, -20.4288628 ], [ 57.3412328, -20.4288821 ], [ 57.3411012, -20.4288728 ], [ 57.3409731, -20.428847 ] ] ], [ [ [ 57.3437646, -20.4453769 ], [ 57.3438518, -20.4453782 ], [ 57.343896, -20.445441 ], [ 57.34395, -20.4455678 ], [ 57.3442263, -20.4454697 ], [ 57.3441347, -20.4453845 ], [ 57.344124, -20.4453066 ], [ 57.3440801, -20.4452774 ], [ 57.3439537, -20.445206 ], [ 57.3438361, -20.4451543 ], [ 57.3437498, -20.4451042 ], [ 57.3436707, -20.4450226 ], [ 57.3436761, -20.4449208 ], [ 57.3437073, -20.4448226 ], [ 57.3437472, -20.4446418 ], [ 57.3438039, -20.4444908 ], [ 57.3439457, -20.4443578 ], [ 57.3441539, -20.4442207 ], [ 57.3445988, -20.4440361 ], [ 57.3449022, -20.4439479 ], [ 57.3450695, -20.443913 ], [ 57.3452546, -20.4438954 ], [ 57.3454158, -20.4438688 ], [ 57.3454879, -20.4439394 ], [ 57.3455335, -20.4439695 ], [ 57.3456787, -20.4439705 ], [ 57.34574, -20.443962 ], [ 57.3457561, -20.443918 ], [ 57.3458205, -20.4439092 ], [ 57.3459291, -20.4438828 ], [ 57.3460029, -20.4438087 ], [ 57.3461106, -20.443767 ], [ 57.346137, -20.4436151 ], [ 57.3460995, -20.4435284 ], [ 57.3461531, -20.4434015 ], [ 57.3462339, -20.4432341 ], [ 57.3463114, -20.4432067 ], [ 57.3463878, -20.4431338 ], [ 57.3464173, -20.4430421 ], [ 57.3464897, -20.4429868 ], [ 57.3466175, -20.44291 ], [ 57.3467539, -20.4427192 ], [ 57.3469068, -20.4424741 ], [ 57.3471257, -20.4421384 ], [ 57.3471482, -20.4419639 ], [ 57.3471361, -20.4417993 ], [ 57.3470744, -20.44147 ], [ 57.3470369, -20.4412828 ], [ 57.3470369, -20.4410981 ], [ 57.3469876, -20.4408189 ], [ 57.3470691, -20.4406029 ], [ 57.3472049, -20.4404193 ], [ 57.3475482, -20.440359 ], [ 57.3478131, -20.4401975 ], [ 57.3479918, -20.4402159 ], [ 57.3480847, -20.440188 ], [ 57.348377, -20.4399431 ], [ 57.3484276, -20.439864 ], [ 57.3484156, -20.4397836 ], [ 57.3484062, -20.4396579 ], [ 57.3484223, -20.4395561 ], [ 57.3484638, -20.4394698 ], [ 57.3486409, -20.4392998 ], [ 57.3487629, -20.4392809 ], [ 57.3488621, -20.4392608 ], [ 57.3489372, -20.4392005 ], [ 57.3489265, -20.4391113 ], [ 57.3488357, -20.4391224 ], [ 57.348775, -20.4389982 ], [ 57.3487847, -20.4388446 ], [ 57.3488434, -20.4386865 ], [ 57.3489323, -20.4386097 ], [ 57.3492028, -20.4385395 ], [ 57.3492551, -20.4384905 ], [ 57.3492631, -20.4384251 ], [ 57.3493278, -20.4383671 ], [ 57.3493946, -20.4383133 ], [ 57.3495045, -20.4382743 ], [ 57.3494616, -20.4381072 ], [ 57.3494996, -20.4380178 ], [ 57.3495796, -20.4379652 ], [ 57.3496792, -20.4379423 ], [ 57.3498495, -20.4378758 ], [ 57.349927, -20.437832 ], [ 57.3499967, -20.4377943 ], [ 57.3500986, -20.4378244 ], [ 57.3502448, -20.4378106 ], [ 57.3503964, -20.437837 ], [ 57.3505144, -20.4377754 ], [ 57.3505667, -20.4377327 ], [ 57.3505875, -20.4377176 ], [ 57.35056, -20.4376919 ], [ 57.3505164, -20.4376881 ], [ 57.3505077, -20.4376648 ], [ 57.3505935, -20.4376184 ], [ 57.3508409, -20.4374884 ], [ 57.3511303, -20.4371708 ], [ 57.3511474, -20.4370692 ], [ 57.3511957, -20.4369435 ], [ 57.3512802, -20.436848 ], [ 57.3513566, -20.4368053 ], [ 57.3514431, -20.436845 ], [ 57.3515336, -20.4367462 ], [ 57.3516007, -20.4366105 ], [ 57.3517395, -20.4365434 ], [ 57.3519064, -20.436525 ], [ 57.3520973, -20.4365185 ], [ 57.3522618, -20.4364672 ], [ 57.3524124, -20.4363866 ], [ 57.3526874, -20.4361164 ], [ 57.3527941, -20.4359911 ], [ 57.352868, -20.4358967 ], [ 57.3529448, -20.4357545 ], [ 57.3530155, -20.4354606 ], [ 57.3530385, -20.435181 ], [ 57.3531309, -20.4350509 ], [ 57.3531916, -20.4348999 ], [ 57.3532382, -20.4348008 ], [ 57.3532288, -20.4347003 ], [ 57.3532301, -20.4345709 ], [ 57.3531845, -20.4344904 ], [ 57.3531165, -20.4344815 ], [ 57.353029, -20.4344678 ], [ 57.3529968, -20.4344062 ], [ 57.3530699, -20.4343164 ], [ 57.3532194, -20.4342315 ], [ 57.3533578, -20.4341346 ], [ 57.3534648, -20.4340016 ], [ 57.3535627, -20.4338596 ], [ 57.3536918, -20.4336005 ], [ 57.3536794, -20.4334788 ], [ 57.3536408, -20.4334157 ], [ 57.3535962, -20.4333569 ], [ 57.3536167, -20.4332662 ], [ 57.3536941, -20.4332287 ], [ 57.3537441, -20.4331845 ], [ 57.3537585, -20.4331357 ], [ 57.3537307, -20.4330387 ], [ 57.3536539, -20.4330527 ], [ 57.3535442, -20.4330752 ], [ 57.3534809, -20.4330251 ], [ 57.3534464, -20.4329557 ], [ 57.3534313, -20.4328517 ], [ 57.3534521, -20.4326652 ], [ 57.3535332, -20.4326518 ], [ 57.3536096, -20.4325978 ], [ 57.3536959, -20.4325574 ], [ 57.3538138, -20.4323023 ], [ 57.3537987, -20.4321931 ], [ 57.3538246, -20.4320811 ], [ 57.3539235, -20.4319028 ], [ 57.354012, -20.4318526 ], [ 57.3541143, -20.4318235 ], [ 57.3542376, -20.4317644 ], [ 57.3544773, -20.4317344 ], [ 57.3545233, -20.4316249 ], [ 57.3546721, -20.4316161 ], [ 57.3548317, -20.4315558 ], [ 57.3549883, -20.4315233 ], [ 57.3550969, -20.4315032 ], [ 57.3551603, -20.4314678 ], [ 57.3556271, -20.4314414 ], [ 57.3558573, -20.4313323 ], [ 57.3560133, -20.4312202 ], [ 57.3560464, -20.4310671 ], [ 57.3561591, -20.4309942 ], [ 57.3562463, -20.4309276 ], [ 57.3562922, -20.4308181 ], [ 57.3564635, -20.4307441 ], [ 57.3566195, -20.4306371 ], [ 57.3567009, -20.4306235 ], [ 57.3569222, -20.4303181 ], [ 57.3569866, -20.4301736 ], [ 57.3570999, -20.4300248 ], [ 57.3572052, -20.429843 ], [ 57.3573259, -20.4297073 ], [ 57.3574345, -20.4296181 ], [ 57.3574693, -20.4296068 ], [ 57.3575726, -20.4294502 ], [ 57.3575257, -20.4293592 ], [ 57.3575542, -20.4292634 ], [ 57.3576169, -20.4292197 ], [ 57.3576735, -20.4291089 ], [ 57.3576977, -20.4288676 ], [ 57.3576571, -20.4287446 ], [ 57.3575717, -20.4286313 ], [ 57.3575123, -20.4285649 ], [ 57.357464, -20.4285109 ], [ 57.3574697, -20.4284064 ], [ 57.357523, -20.4283374 ], [ 57.3576209, -20.4282784 ], [ 57.357754, -20.4281914 ], [ 57.3580383, -20.4281286 ], [ 57.3582502, -20.4280243 ], [ 57.3583987, -20.427924 ], [ 57.3585516, -20.4278146 ], [ 57.3586556, -20.4276571 ], [ 57.3587209, -20.4276045 ], [ 57.3588725, -20.4275581 ], [ 57.3590156, -20.4275934 ], [ 57.3592211, -20.427533 ], [ 57.3594314, -20.4274527 ], [ 57.3595538, -20.4273293 ], [ 57.3596084, -20.4272227 ], [ 57.3596691, -20.4271195 ], [ 57.3597657, -20.4269636 ], [ 57.3598485, -20.4268972 ], [ 57.359937, -20.4268406 ], [ 57.3600473, -20.4267688 ], [ 57.3600805, -20.4267024 ], [ 57.3600912, -20.4264774 ], [ 57.3600914, -20.4263374 ], [ 57.3601127, -20.4261796 ], [ 57.3600939, -20.4260841 ], [ 57.3601224, -20.4259418 ], [ 57.3601207, -20.4259056 ], [ 57.3600724, -20.4258805 ], [ 57.3600165, -20.425752 ], [ 57.3599414, -20.4256842 ], [ 57.359882, -20.4255751 ], [ 57.3598757, -20.425409 ], [ 57.3598941, -20.4253162 ], [ 57.3599799, -20.4252056 ], [ 57.3599432, -20.4251558 ], [ 57.3599212, -20.4250445 ], [ 57.3599102, -20.4249404 ], [ 57.359937, -20.4248675 ], [ 57.3599401, -20.4247956 ], [ 57.3601086, -20.4247355 ], [ 57.3603822, -20.4246413 ], [ 57.3605284, -20.4246287 ], [ 57.3607058, -20.4245757 ], [ 57.3608114, -20.4244628 ], [ 57.3608758, -20.4244264 ], [ 57.3609361, -20.4244037 ], [ 57.3610233, -20.4241825 ], [ 57.3611202, -20.4240341 ], [ 57.36114, -20.4239324 ], [ 57.3611185, -20.4238445 ], [ 57.3610612, -20.4237978 ], [ 57.3610622, -20.4237062 ], [ 57.3611225, -20.4236233 ], [ 57.361172, -20.4235239 ], [ 57.3614819, -20.4232588 ], [ 57.3615986, -20.4231922 ], [ 57.3617341, -20.4231419 ], [ 57.3618159, -20.4231721 ], [ 57.361954, -20.4230703 ], [ 57.3620858, -20.4229959 ], [ 57.3622933, -20.4228679 ], [ 57.3624341, -20.4227498 ], [ 57.362468, -20.4226365 ], [ 57.3624502, -20.4225185 ], [ 57.3624113, -20.4224808 ], [ 57.3624063, -20.4223499 ], [ 57.3623657, -20.4221817 ], [ 57.3623841, -20.4220712 ], [ 57.3623443, -20.4219303 ], [ 57.3623456, -20.4218311 ], [ 57.3623835, -20.4217454 ], [ 57.3624194, -20.4216551 ], [ 57.3625472, -20.4215481 ], [ 57.3626219, -20.4214528 ], [ 57.3626621, -20.4213522 ], [ 57.3627523, -20.421039 ], [ 57.3628673, -20.4208168 ], [ 57.362988, -20.4207389 ], [ 57.3630421, -20.4206589 ], [ 57.3632365, -20.4205037 ], [ 57.3634386, -20.4204272 ], [ 57.3637071, -20.4203447 ], [ 57.3638906, -20.4202391 ], [ 57.3640273, -20.4200715 ], [ 57.3641132, -20.419883 ], [ 57.3642585, -20.4195989 ], [ 57.3642312, -20.4194921 ], [ 57.3641923, -20.4193853 ], [ 57.3642485, -20.4192427 ], [ 57.3642838, -20.4187425 ], [ 57.3642111, -20.4187405 ], [ 57.364085, -20.4188335 ], [ 57.363959, -20.4189605 ], [ 57.3638069, -20.4190228 ], [ 57.3637381, -20.418964 ], [ 57.363735, -20.4188989 ], [ 57.3636143, -20.4188335 ], [ 57.3635557, -20.4187227 ], [ 57.3635338, -20.4186463 ], [ 57.3635513, -20.4185231 ], [ 57.3636844, -20.4182351 ], [ 57.3639312, -20.4180792 ], [ 57.3638735, -20.417843 ], [ 57.363904, -20.4177727 ], [ 57.3638651, -20.4176621 ], [ 57.3638506, -20.4175212 ], [ 57.3638825, -20.4173039 ], [ 57.3639425, -20.4171515 ], [ 57.3640837, -20.4170827 ], [ 57.3642097, -20.4169885 ], [ 57.3644085, -20.4169192 ], [ 57.3645182, -20.4168075 ], [ 57.3646956, -20.4167609 ], [ 57.3648186, -20.4166919 ], [ 57.3648494, -20.4166391 ], [ 57.3649648, -20.4166529 ], [ 57.3650778, -20.4166263 ], [ 57.3652679, -20.4167585 ], [ 57.3654476, -20.4168716 ], [ 57.3656089, -20.4169204 ], [ 57.3657507, -20.4168703 ], [ 57.3659264, -20.4167421 ], [ 57.3661534, -20.4166765 ], [ 57.3661691, -20.416536 ], [ 57.3661115, -20.416398 ], [ 57.3660256, -20.416262 ], [ 57.3659842, -20.4162613 ], [ 57.3659424, -20.4162406 ], [ 57.3659585, -20.416174 ], [ 57.3660447, -20.416106 ], [ 57.366216, -20.4160509 ], [ 57.3663796, -20.4159742 ], [ 57.3669937, -20.4154964 ], [ 57.3673818, -20.415289 ], [ 57.3675585, -20.415171 ], [ 57.3676524, -20.4151057 ], [ 57.3676895, -20.4150647 ], [ 57.3678227, -20.4149172 ], [ 57.3679219, -20.4147663 ], [ 57.3679115, -20.4146656 ], [ 57.3678039, -20.4144056 ], [ 57.3678093, -20.4143139 ], [ 57.3677828, -20.414242 ], [ 57.3677637, -20.414104 ], [ 57.3677033, -20.413923 ], [ 57.3675964, -20.4137833 ], [ 57.3675156, -20.4135761 ], [ 57.3674284, -20.4133787 ], [ 57.367415, -20.4132606 ], [ 57.3672621, -20.4131839 ], [ 57.367195, -20.4131098 ], [ 57.3671401, -20.4130205 ], [ 57.3670502, -20.4128584 ], [ 57.3669925, -20.4126975 ], [ 57.3670301, -20.4126083 ], [ 57.3671079, -20.4125592 ], [ 57.3671964, -20.412514 ], [ 57.3672473, -20.4124675 ], [ 57.367242, -20.4123971 ], [ 57.3672044, -20.4123242 ], [ 57.3671012, -20.412279 ], [ 57.3670582, -20.4122086 ], [ 57.3670462, -20.4121367 ], [ 57.3669778, -20.4120376 ], [ 57.3668195, -20.4118994 ], [ 57.3666362, -20.4117421 ], [ 57.3664417, -20.4117044 ], [ 57.3662925, -20.4116995 ], [ 57.3661373, -20.4117257 ], [ 57.3661118, -20.4117056 ], [ 57.3662187, -20.4116555 ], [ 57.3663113, -20.411609 ], [ 57.366368, -20.4115083 ], [ 57.3665473, -20.4112357 ], [ 57.3666858, -20.4111092 ], [ 57.3668783, -20.4109609 ], [ 57.3671333, -20.4109115 ], [ 57.3672876, -20.4108675 ], [ 57.3675571, -20.4107682 ], [ 57.3677479, -20.410734 ], [ 57.3678723, -20.4106111 ], [ 57.3679611, -20.4104374 ], [ 57.3679796, -20.410332 ], [ 57.3679984, -20.4102315 ], [ 57.3680963, -20.4102352 ], [ 57.3681754, -20.4102629 ], [ 57.3683138, -20.4102024 ], [ 57.3684221, -20.4101799 ], [ 57.3685204, -20.4101558 ], [ 57.3686045, -20.4101535 ], [ 57.3687319, -20.4101875 ], [ 57.3688784, -20.4101659 ], [ 57.3689063, -20.4102252 ], [ 57.3689184, -20.4102981 ], [ 57.368992, -20.4103662 ], [ 57.3690777, -20.4103882 ], [ 57.3691108, -20.4104467 ], [ 57.3691784, -20.4104387 ], [ 57.3692078, -20.4103852 ], [ 57.3693022, -20.4103112 ], [ 57.3693754, -20.4102947 ], [ 57.3693636, -20.4097369 ], [ 57.3693623, -20.4094208 ], [ 57.3693519, -20.4091629 ], [ 57.369314, -20.4091637 ], [ 57.3692778, -20.4091204 ], [ 57.369255, -20.4089268 ], [ 57.3692764, -20.4086955 ], [ 57.3692872, -20.4083825 ], [ 57.3692805, -20.4081324 ], [ 57.3692885, -20.4078433 ], [ 57.3692644, -20.4075567 ], [ 57.3692191, -20.4070173 ], [ 57.3692389, -20.4068478 ], [ 57.3691906, -20.4066794 ], [ 57.3691021, -20.4065675 ], [ 57.369086, -20.4064833 ], [ 57.3690381, -20.4063995 ], [ 57.3689479, -20.4062432 ], [ 57.3689009, -20.4060824 ], [ 57.3688768, -20.4059818 ], [ 57.3688285, -20.4058435 ], [ 57.368794, -20.4057252 ], [ 57.3687212, -20.4056135 ], [ 57.3686434, -20.4055067 ], [ 57.3686223, -20.4054373 ], [ 57.3685003, -20.4052966 ], [ 57.3684931, -20.4052187 ], [ 57.3684919, -20.405205 ], [ 57.3684517, -20.4051648 ], [ 57.3684597, -20.4050818 ], [ 57.3684892, -20.4050416 ], [ 57.3685482, -20.4049926 ], [ 57.368618, -20.4049385 ], [ 57.3686639, -20.404878 ], [ 57.3687024, -20.4047362 ], [ 57.3687082, -20.4045525 ], [ 57.3687789, -20.4043654 ], [ 57.3688406, -20.4041705 ], [ 57.3689249, -20.4037393 ], [ 57.3689975, -20.4033724 ], [ 57.3690136, -20.4031788 ], [ 57.3689747, -20.4028301 ], [ 57.3689868, -20.4026798 ], [ 57.3689318, -20.4025214 ], [ 57.3689, -20.4023805 ], [ 57.3688486, -20.4023215 ], [ 57.3688087, -20.4022496 ], [ 57.3688164, -20.4021757 ], [ 57.368845, -20.4021101 ], [ 57.3689666, -20.402089 ], [ 57.3691048, -20.4020613 ], [ 57.3693144, -20.4019669 ], [ 57.3695406, -20.4018137 ], [ 57.3696278, -20.4017559 ], [ 57.3697676, -20.4016815 ], [ 57.3698531, -20.4015347 ], [ 57.3699576, -20.4013779 ], [ 57.3699684, -20.4012896 ], [ 57.3699349, -20.4012116 ], [ 57.3700506, -20.4010379 ], [ 57.3701656, -20.4009477 ], [ 57.3702595, -20.400969 ], [ 57.3703547, -20.4009326 ], [ 57.3703869, -20.4008391 ], [ 57.3704033, -20.4007916 ], [ 57.3703761, -20.4007013 ], [ 57.3703144, -20.4006196 ], [ 57.3702342, -20.4005865 ], [ 57.3700529, -20.4004989 ], [ 57.3698897, -20.400417 ], [ 57.369711, -20.4004197 ], [ 57.3695128, -20.4004095 ], [ 57.3694052, -20.4003418 ], [ 57.3693519, -20.4002285 ], [ 57.3693368, -20.4000866 ], [ 57.3693841, -20.3999532 ], [ 57.369373, -20.3998453 ], [ 57.3692362, -20.3994958 ], [ 57.3690314, -20.3991273 ], [ 57.3690028, -20.3989214 ], [ 57.3689697, -20.3988307 ], [ 57.3688982, -20.3987278 ], [ 57.3688379, -20.3985996 ], [ 57.36874, -20.3985719 ], [ 57.368622, -20.398445 ], [ 57.3683286, -20.3981142 ], [ 57.3682129, -20.3979786 ], [ 57.3680292, -20.3978982 ], [ 57.3678324, -20.3978376 ], [ 57.3677261, -20.3976832 ], [ 57.3676349, -20.39755 ], [ 57.3675732, -20.3973979 ], [ 57.3675078, -20.3972745 ], [ 57.3674233, -20.3971677 ], [ 57.3673841, -20.397066 ], [ 57.3673587, -20.3968373 ], [ 57.3674284, -20.3967958 ], [ 57.3673962, -20.3966537 ], [ 57.3673466, -20.3966562 ], [ 57.3673438, -20.3965714 ], [ 57.3673144, -20.3965167 ], [ 57.3672795, -20.3964815 ], [ 57.3672581, -20.3964363 ], [ 57.3672809, -20.3963973 ], [ 57.3673452, -20.3963608 ], [ 57.3674431, -20.3963106 ], [ 57.3674944, -20.3963317 ], [ 57.3675987, -20.3962251 ], [ 57.3677077, -20.3961369 ], [ 57.3678374, -20.3959687 ], [ 57.3679581, -20.3958342 ], [ 57.3681503, -20.3957032 ], [ 57.3684074, -20.3955098 ], [ 57.3685737, -20.3953967 ], [ 57.3687641, -20.3952069 ], [ 57.3689348, -20.3950131 ], [ 57.3689992, -20.394937 ], [ 57.369056, -20.3947584 ], [ 57.36904, -20.3946642 ], [ 57.3690516, -20.3946297 ], [ 57.3690999, -20.3946064 ], [ 57.3691474, -20.3946093 ], [ 57.3692261, -20.3946377 ], [ 57.3693019, -20.39464 ], [ 57.3694041, -20.3946081 ], [ 57.3695859, -20.3945411 ], [ 57.3697338, -20.3944951 ], [ 57.369921, -20.3944532 ], [ 57.3702823, -20.3944162 ], [ 57.3704445, -20.3944074 ], [ 57.3706099, -20.3943607 ], [ 57.3710065, -20.3942076 ], [ 57.371389, -20.3940465 ], [ 57.3715147, -20.394014 ], [ 57.3716274, -20.3940064 ], [ 57.3717226, -20.3939838 ], [ 57.3718178, -20.3939209 ], [ 57.371905, -20.393892 ], [ 57.3719496, -20.3939095 ], [ 57.3720458, -20.393975 ], [ 57.3722031, -20.3940992 ], [ 57.3724321, -20.3941887 ], [ 57.3725474, -20.3942201 ], [ 57.3727731, -20.3942401 ], [ 57.3729456, -20.3942331 ], [ 57.3731754, -20.3942237 ], [ 57.3733679, -20.3942321 ], [ 57.3734738, -20.394245 ], [ 57.3736072, -20.3942426 ], [ 57.3737158, -20.3942256 ], [ 57.3739663, -20.3942 ], [ 57.3742264, -20.394161 ], [ 57.3744383, -20.3941158 ], [ 57.374672, -20.3940772 ], [ 57.3748129, -20.3940351 ], [ 57.3749149, -20.3940107 ], [ 57.3751077, -20.3939174 ], [ 57.3753145, -20.3938619 ], [ 57.3755411, -20.3938584 ], [ 57.3757231, -20.3939074 ], [ 57.3758816, -20.3939322 ], [ 57.3760691, -20.3939282 ], [ 57.3761804, -20.3939059 ], [ 57.3762947, -20.3938317 ], [ 57.3764546, -20.3936598 ], [ 57.3765252, -20.3935323 ], [ 57.3766117, -20.3934252 ], [ 57.3766414, -20.393325 ], [ 57.3767088, -20.393212 ], [ 57.3767021, -20.39309 ], [ 57.3767008, -20.3929719 ], [ 57.3766454, -20.3928171 ], [ 57.3767048, -20.3927707 ], [ 57.3767504, -20.3926878 ], [ 57.3767504, -20.3925746 ], [ 57.3768175, -20.3925445 ], [ 57.3768926, -20.3924414 ], [ 57.3769811, -20.3923207 ], [ 57.3770964, -20.3919059 ], [ 57.3771942, -20.3917293 ], [ 57.3772292, -20.3916369 ], [ 57.3772667, -20.3915514 ], [ 57.3772319, -20.391481 ], [ 57.3772466, -20.3914131 ], [ 57.377488, -20.3913264 ], [ 57.377661, -20.3912786 ], [ 57.3778378, -20.3912523 ], [ 57.3780835, -20.3912736 ], [ 57.3782974, -20.3913221 ], [ 57.3785448, -20.3913 ], [ 57.3787699, -20.3912584 ], [ 57.3787808, -20.3912045 ], [ 57.378699, -20.391168 ], [ 57.3785609, -20.3911755 ], [ 57.3784952, -20.3911403 ], [ 57.3785028, -20.3910491 ], [ 57.3785783, -20.3909945 ], [ 57.3791739, -20.3908338 ], [ 57.3793739, -20.390876 ], [ 57.3795258, -20.3909337 ], [ 57.3796885, -20.391043 ], [ 57.3798528, -20.3912095 ], [ 57.3799388, -20.3912953 ], [ 57.3800302, -20.3913725 ], [ 57.3801454, -20.3913742 ], [ 57.38022, -20.3914162 ], [ 57.3805491, -20.3914685 ], [ 57.3806929, -20.3916279 ], [ 57.3807267, -20.3916968 ], [ 57.3807216, -20.3917106 ], [ 57.3807542, -20.3917471 ], [ 57.3808327, -20.391735 ], [ 57.3808341, -20.391713 ], [ 57.3808732, -20.3916432 ], [ 57.3807752, -20.3915243 ], [ 57.3807043, -20.3914268 ], [ 57.3806243, -20.3913496 ], [ 57.3804572, -20.3913406 ], [ 57.3803204, -20.3912727 ], [ 57.3801901, -20.3912334 ], [ 57.3799995, -20.3910758 ], [ 57.3799006, -20.3909511 ], [ 57.3797867, -20.3908952 ], [ 57.3797545, -20.3908424 ], [ 57.3796619, -20.3907934 ], [ 57.3795721, -20.3907708 ], [ 57.3794498, -20.3906915 ], [ 57.3791526, -20.3906884 ], [ 57.3789069, -20.3907092 ], [ 57.3787205, -20.3907016 ], [ 57.3785387, -20.3907027 ], [ 57.3779064, -20.390811 ], [ 57.3775524, -20.3908713 ], [ 57.3774961, -20.3908361 ], [ 57.3770857, -20.3909191 ], [ 57.3764728, -20.3910825 ], [ 57.3762596, -20.3911353 ], [ 57.3761539, -20.3911016 ], [ 57.3761255, -20.390938 ], [ 57.3760933, -20.3908248 ], [ 57.3759672, -20.3906979 ], [ 57.3757432, -20.3905106 ], [ 57.3756024, -20.3904024 ], [ 57.3755072, -20.3902931 ], [ 57.3754978, -20.3902353 ], [ 57.3755666, -20.3901806 ], [ 57.3768012, -20.3895158 ], [ 57.3767424, -20.3893138 ], [ 57.3767182, -20.3890838 ], [ 57.3767272, -20.3887805 ], [ 57.3763652, -20.3886348 ], [ 57.3762904, -20.3886048 ], [ 57.375872, -20.3884364 ], [ 57.3757352, -20.3883873 ], [ 57.3756212, -20.3883547 ], [ 57.3756145, -20.3883006 ], [ 57.3756587, -20.3882503 ], [ 57.3757379, -20.3882491 ], [ 57.3757781, -20.3882981 ], [ 57.3758546, -20.3883547 ], [ 57.3759404, -20.3884075 ], [ 57.3767276, -20.388635 ], [ 57.3770455, -20.3887569 ], [ 57.3771554, -20.3888311 ], [ 57.3772641, -20.3887268 ], [ 57.3769355, -20.3884942 ], [ 57.3768523, -20.3885847 ], [ 57.3768, -20.3885445 ], [ 57.3769864, -20.3883207 ], [ 57.3770763, -20.3882792 ], [ 57.3778152, -20.3877311 ], [ 57.3784478, -20.3873258 ], [ 57.3783718, -20.3870523 ], [ 57.3783064, -20.3868438 ], [ 57.3780754, -20.3867883 ], [ 57.3778501, -20.3867116 ], [ 57.3776382, -20.3867003 ], [ 57.3773298, -20.3867255 ], [ 57.3772712, -20.386704 ], [ 57.3771822, -20.3866714 ], [ 57.3770495, -20.3866664 ], [ 57.3769315, -20.3867204 ], [ 57.3767357, -20.3867066 ], [ 57.3765989, -20.3865796 ], [ 57.3764004, -20.3864728 ], [ 57.3762228, -20.3864236 ], [ 57.3757955, -20.3864992 ], [ 57.3756936, -20.3865595 ], [ 57.375467, -20.3866664 ], [ 57.375353, -20.3866563 ], [ 57.3752832, -20.3865834 ], [ 57.3751724, -20.3865329 ], [ 57.375007, -20.3864816 ], [ 57.374846, -20.3863936 ], [ 57.374614, -20.3862754 ], [ 57.3745202, -20.3862679 ], [ 57.374433, -20.3862893 ], [ 57.3743726, -20.3863207 ], [ 57.3743244, -20.3863546 ], [ 57.3742077, -20.3863232 ], [ 57.3739542, -20.3860479 ], [ 57.3738416, -20.3858241 ], [ 57.3738456, -20.3857185 ], [ 57.3739113, -20.3856356 ], [ 57.3737459, -20.3856568 ], [ 57.3737407, -20.3856063 ], [ 57.373927, -20.3855311 ], [ 57.3737976, -20.3854589 ], [ 57.3737438, -20.3854479 ], [ 57.3735845, -20.3853559 ], [ 57.3732595, -20.385188 ], [ 57.3730932, -20.3850221 ], [ 57.3730047, -20.3849555 ], [ 57.3728788, -20.3849046 ], [ 57.3725595, -20.3847857 ], [ 57.3723316, -20.3847375 ], [ 57.3719506, -20.3845519 ], [ 57.3717025, -20.3844338 ], [ 57.3715878, -20.38448 ], [ 57.3715626, -20.3844648 ], [ 57.3715013, -20.3844262 ], [ 57.3714867, -20.384343 ], [ 57.3714284, -20.3840153 ], [ 57.3712889, -20.3839445 ], [ 57.3710968, -20.3837451 ], [ 57.3709515, -20.38347 ], [ 57.3709618, -20.3833046 ], [ 57.3705738, -20.3828998 ], [ 57.370277, -20.3830256 ], [ 57.3699254, -20.383089 ], [ 57.3695371, -20.3829459 ], [ 57.3693404, -20.382723 ], [ 57.369062, -20.3827292 ], [ 57.3688935, -20.3827503 ], [ 57.3686832, -20.3828708 ], [ 57.3684191, -20.382799 ], [ 57.36835, -20.3828385 ], [ 57.3681432, -20.3829566 ], [ 57.3679415, -20.3830366 ], [ 57.3674812, -20.3829829 ], [ 57.3670043, -20.3829134 ], [ 57.3666873, -20.3830537 ], [ 57.3664335, -20.3830587 ], [ 57.3661064, -20.3831436 ], [ 57.3657943, -20.3833582 ], [ 57.3654757, -20.3834485 ], [ 57.3649685, -20.383503 ], [ 57.3648911, -20.3835495 ], [ 57.3647209, -20.3835269 ], [ 57.3646134, -20.3835194 ], [ 57.364547, -20.3834987 ], [ 57.3644774, -20.3835228 ], [ 57.3644611, -20.3834477 ], [ 57.3644148, -20.3834426 ], [ 57.3643379, -20.3834053 ], [ 57.3642633, -20.3833532 ], [ 57.364202, -20.3833641 ], [ 57.3640503, -20.3833731 ], [ 57.3639222, -20.3833935 ], [ 57.3637387, -20.383436 ], [ 57.3637244, -20.3834228 ], [ 57.3636307, -20.3834726 ], [ 57.3636458, -20.3834994 ], [ 57.3635978, -20.3835284 ], [ 57.3635688, -20.3834786 ], [ 57.3635393, -20.3834977 ], [ 57.363543, -20.3835132 ], [ 57.3635247, -20.3835198 ], [ 57.3635019, -20.3835013 ], [ 57.3634721, -20.3835184 ], [ 57.3634678, -20.3835523 ], [ 57.3633541, -20.3836094 ], [ 57.3633034, -20.3835645 ], [ 57.3632135, -20.3835685 ], [ 57.3631904, -20.3835231 ], [ 57.3631581, -20.3835267 ], [ 57.3631351, -20.3835146 ], [ 57.3630858, -20.3835174 ], [ 57.362917, -20.3833651 ], [ 57.36291, -20.3833588 ], [ 57.3629076, -20.383301 ], [ 57.3629036, -20.3832343 ], [ 57.3629005, -20.3832337 ], [ 57.3628708, -20.383228 ], [ 57.3628734, -20.3831946 ], [ 57.3629185, -20.3831508 ], [ 57.362959, -20.3831438 ], [ 57.3629802, -20.3830589 ], [ 57.363018, -20.3829971 ], [ 57.3630797, -20.3829525 ], [ 57.3631512, -20.3829549 ], [ 57.363179, -20.3829088 ], [ 57.3633805, -20.3828214 ], [ 57.3635951, -20.3826476 ], [ 57.3637023, -20.3826339 ], [ 57.3637115, -20.3826234 ], [ 57.3639628, -20.3823347 ], [ 57.364052, -20.3822646 ], [ 57.3641354, -20.3822497 ], [ 57.3641987, -20.3822749 ], [ 57.364416, -20.3822634 ], [ 57.3644198, -20.3820937 ], [ 57.3643373, -20.382094 ], [ 57.3642985, -20.3820449 ], [ 57.3642882, -20.3820321 ], [ 57.3642865, -20.3820125 ], [ 57.3642412, -20.3819906 ], [ 57.3642432, -20.3819446 ], [ 57.3641854, -20.3819899 ], [ 57.3641406, -20.3819892 ], [ 57.3640764, -20.3820334 ], [ 57.3639798, -20.3820584 ], [ 57.3639009, -20.3821042 ], [ 57.3637185, -20.3819651 ], [ 57.3636156, -20.3818561 ], [ 57.3635271, -20.3817946 ], [ 57.3633747, -20.3816798 ], [ 57.3631261, -20.381585 ], [ 57.3628716, -20.3815212 ], [ 57.3625103, -20.3813348 ], [ 57.3622392, -20.3812201 ], [ 57.3617955, -20.3811105 ], [ 57.3617165, -20.3811295 ], [ 57.3616142, -20.3811623 ], [ 57.3613749, -20.3812349 ], [ 57.3610012, -20.3813909 ], [ 57.3608738, -20.3817005 ], [ 57.3608609, -20.3817833 ], [ 57.3608875, -20.3819402 ], [ 57.360996, -20.3820462 ], [ 57.3610642, -20.3821024 ], [ 57.3610988, -20.3821699 ], [ 57.3611426, -20.3822172 ], [ 57.3610811, -20.3823208 ], [ 57.3610461, -20.3823265 ], [ 57.3609163, -20.382271 ], [ 57.3608304, -20.3822117 ], [ 57.3606874, -20.3821077 ], [ 57.360433, -20.3818226 ], [ 57.360291, -20.3815876 ], [ 57.3601998, -20.3814355 ], [ 57.3600134, -20.3808509 ], [ 57.359831, -20.3803342 ], [ 57.3597351, -20.3800721 ], [ 57.3596123, -20.3799124 ], [ 57.3595735, -20.379841 ], [ 57.3594271, -20.379663 ], [ 57.3592895, -20.3795354 ], [ 57.3591529, -20.3794464 ], [ 57.3589879, -20.3793769 ], [ 57.358936, -20.3793239 ], [ 57.3589219, -20.379242 ], [ 57.358954, -20.3790871 ], [ 57.3590532, -20.3788583 ], [ 57.3591444, -20.3785227 ], [ 57.3592664, -20.3782536 ], [ 57.3593482, -20.3780336 ], [ 57.3593771, -20.3778552 ], [ 57.3594166, -20.3773925 ], [ 57.3594153, -20.3771448 ], [ 57.3593777, -20.376911 ], [ 57.3593737, -20.3767626 ], [ 57.3593402, -20.3764659 ], [ 57.3593429, -20.3762271 ], [ 57.3593643, -20.3758222 ], [ 57.3593858, -20.375513 ], [ 57.359422, -20.3752301 ], [ 57.359426, -20.3748756 ], [ 57.3594542, -20.374609 ], [ 57.3595414, -20.3743274 ], [ 57.359595, -20.3740722 ], [ 57.3596044, -20.3739276 ], [ 57.3596053, -20.373759 ], [ 57.3595561, -20.3733845 ], [ 57.3595172, -20.3732047 ], [ 57.3594977, -20.3730375 ], [ 57.3595521, -20.3727672 ], [ 57.3595963, -20.3725749 ], [ 57.3596112, -20.3723951 ], [ 57.3596218, -20.3721877 ], [ 57.3596567, -20.3718947 ], [ 57.3596983, -20.3716181 ], [ 57.35976, -20.3714459 ], [ 57.3598542, -20.3713593 ], [ 57.360165, -20.3712674 ], [ 57.3604707, -20.3712221 ], [ 57.3607814, -20.3711268 ], [ 57.3610555, -20.3710486 ], [ 57.361321, -20.3709418 ], [ 57.3615892, -20.3708361 ], [ 57.3618307, -20.370729 ], [ 57.362292, -20.370596 ], [ 57.3625857, -20.3705068 ], [ 57.3627882, -20.370371 ], [ 57.3632509, -20.3701849 ], [ 57.3634936, -20.3700831 ], [ 57.3637419, -20.3699934 ], [ 57.3640609, -20.3698794 ], [ 57.36454, -20.3697302 ], [ 57.3647569, -20.369687 ], [ 57.3648627, -20.3696722 ], [ 57.3652706, -20.3696154 ], [ 57.3656179, -20.3695324 ], [ 57.3659622, -20.3694396 ], [ 57.366503, -20.3693048 ], [ 57.3667632, -20.3692244 ], [ 57.3670792, -20.3690548 ], [ 57.3671883, -20.3689377 ], [ 57.367246, -20.3688862 ], [ 57.3673265, -20.3688925 ], [ 57.3674981, -20.3687931 ], [ 57.3676275, -20.3687635 ], [ 57.3680936, -20.368646 ], [ 57.3684945, -20.3685114 ], [ 57.3686233, -20.3684876 ], [ 57.3687521, -20.3684964 ], [ 57.3689698, -20.3685482 ], [ 57.3691571, -20.3685832 ], [ 57.3693073, -20.3685543 ], [ 57.3694199, -20.3684838 ], [ 57.3695114, -20.3684054 ], [ 57.3698492, -20.3681386 ], [ 57.3705575, -20.367555 ], [ 57.3709359, -20.3673321 ], [ 57.3710849, -20.3672867 ], [ 57.3711929, -20.3673146 ], [ 57.3713377, -20.3674906 ], [ 57.3714262, -20.3675824 ], [ 57.3715362, -20.3676616 ], [ 57.3716784, -20.3676515 ], [ 57.3718205, -20.3676867 ], [ 57.3719963, -20.3677918 ], [ 57.3719627, -20.367861 ], [ 57.3717642, -20.3677961 ], [ 57.3716448, -20.3677924 ], [ 57.3715469, -20.36782 ], [ 57.3712594, -20.3678599 ], [ 57.3710177, -20.3680176 ], [ 57.3708415, -20.3683141 ], [ 57.3706989, -20.368628 ], [ 57.3707035, -20.3687514 ], [ 57.3703909, -20.3687554 ], [ 57.3703013, -20.3686637 ], [ 57.3703314, -20.3684645 ], [ 57.3702058, -20.3684562 ], [ 57.369977, -20.368506 ], [ 57.3697397, -20.3685509 ], [ 57.3696511, -20.3684974 ], [ 57.3695066, -20.3685219 ], [ 57.3693605, -20.3686338 ], [ 57.3695046, -20.3688194 ], [ 57.3698555, -20.3688302 ], [ 57.3701485, -20.3687434 ], [ 57.3701802, -20.3687841 ], [ 57.3702729, -20.3687806 ], [ 57.3705179, -20.3689057 ], [ 57.3708147, -20.3688774 ], [ 57.3711524, -20.368825 ], [ 57.3716569, -20.369076 ], [ 57.3719707, -20.3692332 ], [ 57.3722161, -20.3693099 ], [ 57.3723422, -20.3693149 ], [ 57.3724841, -20.3693163 ], [ 57.372719, -20.3692432 ], [ 57.3730601, -20.3690367 ], [ 57.373235, -20.3689286 ], [ 57.3733736, -20.368842 ], [ 57.3735346, -20.3687697 ], [ 57.3734231, -20.3687039 ], [ 57.3733588, -20.3685995 ], [ 57.3732649, -20.3685014 ], [ 57.3732978, -20.3684361 ], [ 57.3734759, -20.3683289 ], [ 57.3738341, -20.3681135 ], [ 57.3741755, -20.3679633 ], [ 57.3743136, -20.3679395 ], [ 57.374433, -20.3679294 ], [ 57.3745604, -20.3678835 ], [ 57.3746462, -20.3677207 ], [ 57.374704, -20.3675381 ], [ 57.3749359, -20.367429 ], [ 57.375357, -20.3673712 ], [ 57.3755059, -20.3673473 ], [ 57.3756118, -20.3673649 ], [ 57.3757499, -20.3673548 ], [ 57.3757886, -20.3673159 ], [ 57.3757634, -20.3672605 ], [ 57.3756453, -20.3672367 ], [ 57.3755635, -20.3671876 ], [ 57.375534, -20.367121 ], [ 57.3754817, -20.3670078 ], [ 57.3754989, -20.366946 ], [ 57.3756762, -20.3670217 ], [ 57.3762327, -20.3673096 ], [ 57.3769938, -20.3676172 ], [ 57.378007, -20.3677383 ], [ 57.3786347, -20.36781 ], [ 57.3790053, -20.3677886 ], [ 57.3793874, -20.3674857 ], [ 57.3796914, -20.3671677 ], [ 57.3799597, -20.3667577 ], [ 57.3794621, -20.3672032 ], [ 57.3789465, -20.3675712 ], [ 57.378766, -20.3675688 ], [ 57.378141, -20.36751 ], [ 57.3776908, -20.3673104 ], [ 57.3764916, -20.3668225 ], [ 57.3762969, -20.3667433 ], [ 57.3760986, -20.3664977 ], [ 57.3754786, -20.3662007 ], [ 57.3749472, -20.3660106 ], [ 57.3748063, -20.3659165 ], [ 57.3746265, -20.3658748 ], [ 57.3745918, -20.3658564 ], [ 57.3745835, -20.3658264 ], [ 57.3746022, -20.3657939 ], [ 57.3752593, -20.3655307 ], [ 57.3754923, -20.3657346 ], [ 57.375688, -20.3658994 ], [ 57.3758152, -20.365912 ], [ 57.3759761, -20.3657545 ], [ 57.3758939, -20.3656877 ], [ 57.3759441, -20.3656344 ], [ 57.3762193, -20.365338 ], [ 57.3759324, -20.3650897 ], [ 57.3762191, -20.3647953 ], [ 57.3767153, -20.3651838 ], [ 57.3768398, -20.3652812 ], [ 57.3771982, -20.3648857 ], [ 57.3774825, -20.3651015 ], [ 57.3777515, -20.3648109 ], [ 57.3771948, -20.3643379 ], [ 57.3771095, -20.3644197 ], [ 57.377019, -20.3643427 ], [ 57.3768032, -20.3645633 ], [ 57.376683, -20.3646862 ], [ 57.3764125, -20.3644546 ], [ 57.3766025, -20.3642734 ], [ 57.3764943, -20.3641854 ], [ 57.3766635, -20.3640196 ], [ 57.3767241, -20.3640647 ], [ 57.3768657, -20.3638974 ], [ 57.3768465, -20.3638752 ], [ 57.3769422, -20.3637733 ], [ 57.3769222, -20.3635536 ], [ 57.3767559, -20.3636933 ], [ 57.3765964, -20.3634823 ], [ 57.3764075, -20.3632321 ], [ 57.3762242, -20.3631039 ], [ 57.3763172, -20.3630043 ], [ 57.3761665, -20.3629472 ], [ 57.3760296, -20.3630688 ], [ 57.3760096, -20.3632008 ], [ 57.3760466, -20.3633745 ], [ 57.3760614, -20.3635897 ], [ 57.3760669, -20.36367 ], [ 57.3760629, -20.3637752 ], [ 57.3760597, -20.3638609 ], [ 57.3760551, -20.3638824 ], [ 57.3760276, -20.3640092 ], [ 57.375999, -20.3640964 ], [ 57.3759943, -20.3641109 ], [ 57.3759055, -20.3643814 ], [ 57.3758657, -20.3645027 ], [ 57.3758222, -20.3646354 ], [ 57.3757995, -20.3646521 ], [ 57.3757002, -20.3647249 ], [ 57.3756344, -20.3647731 ], [ 57.3755528, -20.364833 ], [ 57.3755394, -20.3648428 ], [ 57.3754949, -20.3648642 ], [ 57.3754932, -20.364865 ], [ 57.3753307, -20.3649433 ], [ 57.3752575, -20.3649786 ], [ 57.3752055, -20.3650037 ], [ 57.3750534, -20.3650411 ], [ 57.374977, -20.3650329 ], [ 57.3749342, -20.3650283 ], [ 57.3748447, -20.3650188 ], [ 57.3747036, -20.3650345 ], [ 57.3745139, -20.3650555 ], [ 57.3742944, -20.3650831 ], [ 57.3741112, -20.3651197 ], [ 57.3738127, -20.3651832 ], [ 57.3735307, -20.3653094 ], [ 57.3733842, -20.3654362 ], [ 57.3732421, -20.3656424 ], [ 57.3731697, -20.3659894 ], [ 57.3731187, -20.3660875 ], [ 57.3730436, -20.3661428 ], [ 57.3729202, -20.3661252 ], [ 57.3727807, -20.3660196 ], [ 57.3726556, -20.3659902 ], [ 57.3724749, -20.3660785 ], [ 57.3722706, -20.3661955 ], [ 57.371956, -20.366393 ], [ 57.3717266, -20.3665301 ], [ 57.371601, -20.3665689 ], [ 57.3715496, -20.3665439 ], [ 57.3715188, -20.3664873 ], [ 57.371516, -20.3663522 ], [ 57.3715617, -20.3660649 ], [ 57.3716059, -20.3657418 ], [ 57.3716381, -20.365396 ], [ 57.3716087, -20.3650798 ], [ 57.3715911, -20.364922 ], [ 57.3715774, -20.3647947 ], [ 57.3715635, -20.3646661 ], [ 57.3715308, -20.3644979 ], [ 57.3714573, -20.3639019 ], [ 57.3714434, -20.3638078 ], [ 57.3714395, -20.3636005 ], [ 57.3714376, -20.3635002 ], [ 57.371433, -20.3634472 ], [ 57.3714098, -20.3633117 ], [ 57.3713795, -20.3631341 ], [ 57.3713029, -20.362875 ], [ 57.3712506, -20.3626979 ], [ 57.3711996, -20.3626451 ], [ 57.3710975, -20.3624575 ], [ 57.3710119, -20.362386 ], [ 57.370757, -20.3618492 ], [ 57.3706196, -20.3616151 ], [ 57.3704432, -20.3613144 ], [ 57.3703865, -20.3612177 ], [ 57.370243, -20.361085 ], [ 57.3701477, -20.3609969 ], [ 57.3701026, -20.3609552 ], [ 57.3697955, -20.3607063 ], [ 57.369259, -20.3602723 ], [ 57.3690069, -20.3600839 ], [ 57.3688808, -20.3600257 ], [ 57.3687436, -20.3599624 ], [ 57.3685268, -20.3599029 ], [ 57.3683376, -20.3598558 ], [ 57.3683042, -20.3598475 ], [ 57.3680614, -20.3598488 ], [ 57.3678281, -20.3598538 ], [ 57.3676215, -20.3598815 ], [ 57.3675813, -20.359933 ], [ 57.3674365, -20.3599544 ], [ 57.3673962, -20.3599909 ], [ 57.3670004, -20.3600194 ], [ 57.3667827, -20.3599758 ], [ 57.3665735, -20.3599154 ], [ 57.3661839, -20.3597796 ], [ 57.3658298, -20.3597168 ], [ 57.3655884, -20.3596439 ], [ 57.365406, -20.3595181 ], [ 57.36528, -20.3593748 ], [ 57.3650842, -20.3592717 ], [ 57.3648642, -20.3591988 ], [ 57.3647477, -20.3591089 ], [ 57.3644713, -20.3585827 ], [ 57.3641669, -20.3580496 ], [ 57.3637565, -20.3574687 ], [ 57.3635853, -20.3572732 ], [ 57.3632903, -20.3569363 ], [ 57.3630269, -20.3566728 ], [ 57.3627775, -20.3564729 ], [ 57.3623953, -20.3561811 ], [ 57.3619674, -20.3558681 ], [ 57.3614922, -20.3554891 ], [ 57.3612952, -20.3553305 ], [ 57.3611088, -20.3551768 ], [ 57.3609265, -20.3549803 ], [ 57.3607793, -20.3547935 ], [ 57.3606993, -20.3547056 ], [ 57.3606227, -20.3545739 ], [ 57.3605577, -20.3544679 ], [ 57.3604634, -20.3541451 ], [ 57.360203, -20.3538845 ], [ 57.3601453, -20.3537452 ], [ 57.3602114, -20.3536055 ], [ 57.3604839, -20.353538 ], [ 57.3605936, -20.353453 ], [ 57.3606648, -20.353408 ], [ 57.3607409, -20.3533264 ], [ 57.3608688, -20.3531959 ], [ 57.3611226, -20.3528238 ], [ 57.3613143, -20.3524153 ], [ 57.3614911, -20.3519988 ], [ 57.3618065, -20.3512887 ], [ 57.3620573, -20.3507304 ], [ 57.3623269, -20.350064 ], [ 57.3625907, -20.3494464 ], [ 57.3626836, -20.3489713 ], [ 57.3628016, -20.3485111 ], [ 57.3629022, -20.34811 ], [ 57.3629532, -20.3478962 ], [ 57.3629601, -20.347691 ], [ 57.3628499, -20.3474235 ], [ 57.3627976, -20.3473933 ], [ 57.3627574, -20.347304 ], [ 57.3627252, -20.347128 ], [ 57.3626031, -20.3470928 ], [ 57.3625567, -20.3470706 ], [ 57.3626058, -20.3467457 ], [ 57.3625991, -20.3465433 ], [ 57.3625669, -20.3464703 ], [ 57.3626192, -20.3461773 ], [ 57.362642, -20.3460881 ], [ 57.3626621, -20.3459762 ], [ 57.3626273, -20.3458492 ], [ 57.3626501, -20.3456706 ], [ 57.3626165, -20.3454895 ], [ 57.3626474, -20.3453474 ], [ 57.3626192, -20.3447514 ], [ 57.3626273, -20.3445075 ], [ 57.3627292, -20.3438561 ], [ 57.3627681, -20.3434852 ], [ 57.3628606, -20.3431746 ], [ 57.3628834, -20.3428539 ], [ 57.3628955, -20.3425295 ], [ 57.362925, -20.3422026 ], [ 57.3629223, -20.3419247 ], [ 57.36298, -20.3416229 ], [ 57.3630604, -20.3414166 ], [ 57.3631624, -20.3412066 ], [ 57.3631624, -20.3410054 ], [ 57.3631007, -20.3408269 ], [ 57.3630269, -20.3406634 ], [ 57.3630312, -20.3404923 ], [ 57.3631423, -20.3401642 ], [ 57.3632469, -20.3400422 ], [ 57.3633072, -20.3399039 ], [ 57.3632817, -20.3397241 ], [ 57.363389, -20.3395002 ], [ 57.3634668, -20.3393431 ], [ 57.3635151, -20.3389645 ], [ 57.3636224, -20.3387558 ], [ 57.3639752, -20.3378504 ], [ 57.3642058, -20.3373826 ], [ 57.3644096, -20.3368922 ], [ 57.3646852, -20.3359596 ], [ 57.3648508, -20.3354687 ], [ 57.364946, -20.3352147 ], [ 57.365162, -20.3344853 ], [ 57.3654327, -20.3338274 ], [ 57.3655536, -20.3336817 ], [ 57.3657534, -20.3335296 ], [ 57.3660618, -20.3333032 ], [ 57.3664199, -20.3330806 ], [ 57.3665916, -20.3329549 ], [ 57.3666899, -20.3328165 ], [ 57.3667565, -20.3327524 ], [ 57.3668276, -20.3327109 ], [ 57.3669089, -20.3326945 ], [ 57.3671159, -20.3327449 ], [ 57.3672866, -20.3327531 ], [ 57.3676189, -20.332565 ], [ 57.3678739, -20.3323751 ], [ 57.368162, -20.3321978 ], [ 57.3684182, -20.3320394 ], [ 57.3685871, -20.3319111 ], [ 57.3687521, -20.3318193 ], [ 57.3688715, -20.3316973 ], [ 57.3691144, -20.3315731 ], [ 57.3691169, -20.3314798 ], [ 57.3691567, -20.3314082 ], [ 57.3692845, -20.3313377 ], [ 57.3694414, -20.3312572 ], [ 57.3696426, -20.331178 ], [ 57.3698904, -20.3310189 ], [ 57.3699631, -20.3310132 ], [ 57.3700516, -20.3310283 ], [ 57.3701831, -20.3309566 ], [ 57.3702984, -20.3309051 ], [ 57.3704045, -20.3308577 ], [ 57.3705331, -20.3307504 ], [ 57.3705934, -20.330675 ], [ 57.3706176, -20.3305391 ], [ 57.3707329, -20.3304649 ], [ 57.3709207, -20.3303392 ], [ 57.3709897, -20.3303202 ], [ 57.3710306, -20.3303253 ], [ 57.3710655, -20.3303643 ], [ 57.3711232, -20.3303241 ], [ 57.3711486, -20.33027 ], [ 57.371146, -20.3301971 ], [ 57.3713109, -20.3301051 ], [ 57.3715885, -20.3300852 ], [ 57.3718041, -20.3300623 ], [ 57.3720955, -20.3299393 ], [ 57.3723838, -20.329806 ], [ 57.3726873, -20.3296283 ], [ 57.3728103, -20.3295369 ], [ 57.3729783, -20.3294518 ], [ 57.3731509, -20.3294325 ], [ 57.3733561, -20.3294249 ], [ 57.3734521, -20.3293889 ], [ 57.3736297, -20.3291986 ], [ 57.3738153, -20.3289803 ], [ 57.3738241, -20.328803 ], [ 57.3744543, -20.3283747 ], [ 57.3745933, -20.3282971 ], [ 57.3747468, -20.3282114 ], [ 57.3749896, -20.3280906 ], [ 57.3751478, -20.3279448 ], [ 57.3752555, -20.3278913 ], [ 57.3753275, -20.3278555 ], [ 57.3755855, -20.3277572 ], [ 57.3757115, -20.3276771 ], [ 57.3759038, -20.3275905 ], [ 57.3762142, -20.3273659 ], [ 57.3764102, -20.3272175 ], [ 57.3765688, -20.3270816 ], [ 57.3767364, -20.3269512 ], [ 57.3770874, -20.3265292 ], [ 57.377299, -20.3263803 ], [ 57.3773262, -20.3263521 ], [ 57.3773909, -20.3262741 ], [ 57.3780634, -20.3255657 ], [ 57.378341, -20.3252284 ], [ 57.3784979, -20.3249806 ], [ 57.378632, -20.3248385 ], [ 57.3787586, -20.3246521 ], [ 57.3789447, -20.3242735 ], [ 57.3790155, -20.3238568 ], [ 57.3790665, -20.3234099 ], [ 57.3790856, -20.3229603 ], [ 57.379041, -20.3226062 ], [ 57.378982, -20.3224893 ], [ 57.3789311, -20.3222944 ], [ 57.3788439, -20.3219888 ], [ 57.3787822, -20.3217951 ], [ 57.3786673, -20.3216896 ], [ 57.3784751, -20.3216354 ], [ 57.3783321, -20.3215552 ], [ 57.3782002, -20.321492 ], [ 57.3781412, -20.3213436 ], [ 57.377932, -20.3210166 ], [ 57.3775005, -20.3204753 ], [ 57.3768993, -20.3202218 ], [ 57.376328, -20.3200407 ], [ 57.3756467, -20.3198369 ], [ 57.3751891, -20.3197473 ], [ 57.3750647, -20.31973 ], [ 57.3749526, -20.3197527 ], [ 57.3748367, -20.3198093 ], [ 57.374731, -20.3198908 ], [ 57.3745913, -20.3199174 ], [ 57.3744703, -20.3199954 ], [ 57.3744116, -20.319964 ], [ 57.3743753, -20.3198797 ], [ 57.3743685, -20.3197375 ], [ 57.3743458, -20.3196231 ], [ 57.3742828, -20.3195401 ], [ 57.3742238, -20.319393 ], [ 57.3741296, -20.3192749 ], [ 57.3740682, -20.319193 ], [ 57.3739982, -20.3191491 ], [ 57.3739623, -20.3190622 ], [ 57.3740199, -20.3189743 ], [ 57.3740434, -20.318835 ], [ 57.3739918, -20.3187554 ], [ 57.3739234, -20.3186698 ], [ 57.3736855, -20.3185241 ], [ 57.3735465, -20.3183881 ], [ 57.3733963, -20.3182649 ], [ 57.3732253, -20.3180129 ], [ 57.3730398, -20.3177601 ], [ 57.3728572, -20.317631 ], [ 57.3727879, -20.3176113 ], [ 57.3725848, -20.3174753 ], [ 57.3724746, -20.3174113 ], [ 57.3722801, -20.3172983 ], [ 57.3720496, -20.3171564 ], [ 57.3718152, -20.3170715 ], [ 57.3715055, -20.3170101 ], [ 57.3712687, -20.3169728 ], [ 57.3711285, -20.3169858 ], [ 57.370983, -20.3169691 ], [ 57.3707888, -20.3168639 ], [ 57.3705465, -20.3168223 ], [ 57.3703042, -20.3168056 ], [ 57.3700236, -20.3168059 ], [ 57.369712, -20.3167069 ], [ 57.3695313, -20.3166563 ], [ 57.3693505, -20.3165879 ], [ 57.3690592, -20.3164966 ], [ 57.3687827, -20.3163657 ], [ 57.3685089, -20.3162033 ], [ 57.368346, -20.3160607 ], [ 57.3679655, -20.3157979 ], [ 57.367706, -20.3155886 ], [ 57.367467, -20.3153374 ], [ 57.3673039, -20.3151501 ], [ 57.3671752, -20.3149839 ], [ 57.3671039, -20.3149094 ], [ 57.3670248, -20.3148692 ], [ 57.366959, -20.3147446 ], [ 57.366945, -20.3146192 ], [ 57.3668249, -20.3143001 ], [ 57.3667682, -20.314031 ], [ 57.3667215, -20.3136823 ], [ 57.3667063, -20.3134553 ], [ 57.3667002, -20.3133423 ], [ 57.3667589, -20.3132061 ], [ 57.3667611, -20.3128886 ], [ 57.3667762, -20.3125548 ], [ 57.3667901, -20.3123148 ], [ 57.3667629, -20.3121137 ], [ 57.3667449, -20.3118927 ], [ 57.3666801, -20.3116595 ], [ 57.3666401, -20.311331 ], [ 57.3665608, -20.3108882 ], [ 57.3664906, -20.3104233 ], [ 57.3663957, -20.3098599 ], [ 57.3663108, -20.3095402 ], [ 57.3662107, -20.3091265 ], [ 57.3660941, -20.3087282 ], [ 57.3660099, -20.3083163 ], [ 57.3659581, -20.3079939 ], [ 57.3659591, -20.3077237 ], [ 57.3659443, -20.3075651 ], [ 57.3659304, -20.3073379 ], [ 57.3658868, -20.3070928 ], [ 57.3657547, -20.3067644 ], [ 57.3656185, -20.3064229 ], [ 57.3655494, -20.3062995 ], [ 57.3653534, -20.3057041 ], [ 57.3652518, -20.3054878 ], [ 57.3651269, -20.3050808 ], [ 57.3649852, -20.3046339 ], [ 57.3649332, -20.304439 ], [ 57.3646979, -20.3040165 ], [ 57.364596, -20.3036817 ], [ 57.3644761, -20.3032319 ], [ 57.3643037, -20.3022094 ], [ 57.3640987, -20.3013835 ], [ 57.3638906, -20.3006913 ], [ 57.3637538, -20.3002882 ], [ 57.3635995, -20.2998727 ], [ 57.363358, -20.2991049 ], [ 57.3631642, -20.2985465 ], [ 57.3630932, -20.2981576 ], [ 57.3630215, -20.2979234 ], [ 57.3629776, -20.2977122 ], [ 57.362933, -20.2974379 ], [ 57.3629048, -20.2972241 ], [ 57.3628302, -20.2968014 ], [ 57.3628096, -20.2966757 ], [ 57.3628244, -20.2965084 ], [ 57.3628438, -20.2962646 ], [ 57.362866, -20.2959159 ], [ 57.3628941, -20.2955046 ], [ 57.3629116, -20.2952923 ], [ 57.3629101, -20.2951737 ], [ 57.3629135, -20.2950625 ], [ 57.3629181, -20.2945641 ], [ 57.3629335, -20.2944525 ], [ 57.3629469, -20.2941769 ], [ 57.3629512, -20.2940889 ], [ 57.3629695, -20.2940562 ], [ 57.3630584, -20.2935229 ], [ 57.3630655, -20.2931499 ], [ 57.3630692, -20.2927589 ], [ 57.3630781, -20.2924691 ], [ 57.3630912, -20.292164 ], [ 57.3631154, -20.2918475 ], [ 57.3631422, -20.2914518 ], [ 57.3631597, -20.2910729 ], [ 57.3631704, -20.290643 ], [ 57.3631559, -20.2902289 ], [ 57.363113, -20.2894979 ], [ 57.3631194, -20.2890228 ], [ 57.3631598, -20.2885566 ], [ 57.3632441, -20.2881272 ], [ 57.3632768, -20.287686 ], [ 57.3634952, -20.286869 ], [ 57.3635409, -20.286622 ], [ 57.3635633, -20.2864164 ], [ 57.3635693, -20.286202 ], [ 57.3635525, -20.2859369 ], [ 57.3635782, -20.2854985 ], [ 57.3636002, -20.2853334 ], [ 57.3636545, -20.2850378 ], [ 57.3637004, -20.2847359 ], [ 57.36378, -20.2844436 ], [ 57.3640402, -20.2834272 ], [ 57.3641443, -20.2831072 ], [ 57.3642316, -20.2828237 ], [ 57.3642897, -20.2826624 ], [ 57.3643975, -20.2822703 ], [ 57.3644826, -20.2819122 ], [ 57.3647177, -20.2814939 ], [ 57.364887, -20.2810916 ], [ 57.364946, -20.2808865 ], [ 57.3649789, -20.2806857 ], [ 57.3650774, -20.2805419 ], [ 57.3651882, -20.2804099 ], [ 57.3653203, -20.2801769 ], [ 57.3654597, -20.279892 ], [ 57.3657017, -20.2794785 ], [ 57.3659443, -20.2791446 ], [ 57.3661087, -20.2789807 ], [ 57.3662107, -20.2787472 ], [ 57.3662923, -20.2784415 ], [ 57.3663758, -20.2780777 ], [ 57.3665216, -20.2779192 ], [ 57.366629, -20.2776646 ], [ 57.3669455, -20.277389 ], [ 57.3672926, -20.2771268 ], [ 57.3674536, -20.2770033 ], [ 57.3675642, -20.2768753 ], [ 57.3677695, -20.2765437 ], [ 57.3679289, -20.2759482 ], [ 57.3681829, -20.2751401 ], [ 57.3682504, -20.2748709 ], [ 57.3683577, -20.2746638 ], [ 57.3685258, -20.2745974 ], [ 57.3686959, -20.2745714 ], [ 57.3689984, -20.2746694 ], [ 57.3692651, -20.2747153 ], [ 57.3694581, -20.274707 ], [ 57.3697122, -20.2746529 ], [ 57.3699221, -20.2746108 ], [ 57.370127, -20.2745497 ], [ 57.3703477, -20.2743914 ], [ 57.3705878, -20.2742745 ], [ 57.370659, -20.274165 ], [ 57.3707317, -20.2740605 ], [ 57.3707371, -20.2739478 ], [ 57.3707221, -20.2738657 ], [ 57.3707292, -20.2737906 ], [ 57.3707241, -20.2736088 ], [ 57.3708053, -20.2734732 ], [ 57.3708573, -20.2732959 ], [ 57.370863, -20.2730321 ], [ 57.3708563, -20.272936 ], [ 57.3708844, -20.2728014 ], [ 57.3709303, -20.2727565 ], [ 57.3709435, -20.2726191 ], [ 57.370934, -20.2725473 ], [ 57.3709609, -20.2724605 ], [ 57.3709367, -20.2723573 ], [ 57.3709072, -20.272341 ], [ 57.3709099, -20.2722768 ], [ 57.3709601, -20.272234 ], [ 57.3709381, -20.2720906 ], [ 57.3708816, -20.2719674 ], [ 57.3707704, -20.2718692 ], [ 57.3707409, -20.2717447 ], [ 57.3706886, -20.2716981 ], [ 57.3706252, -20.2716014 ], [ 57.370681, -20.2714731 ], [ 57.3708013, -20.271454 ], [ 57.3709515, -20.2714729 ], [ 57.3711352, -20.2714239 ], [ 57.3712559, -20.2714591 ], [ 57.3713216, -20.2714478 ], [ 57.371387, -20.2713994 ], [ 57.3716609, -20.2712175 ], [ 57.3720981, -20.2708024 ], [ 57.3722912, -20.2706539 ], [ 57.3723824, -20.2706074 ], [ 57.3724388, -20.2704916 ], [ 57.3725823, -20.2704942 ], [ 57.3728204, -20.2703205 ], [ 57.3729698, -20.270152 ], [ 57.3730744, -20.2701205 ], [ 57.3732193, -20.2699758 ], [ 57.3733681, -20.2698324 ], [ 57.3734352, -20.2697154 ], [ 57.3736525, -20.2693959 ], [ 57.3738507, -20.2689091 ], [ 57.3738241, -20.2686889 ], [ 57.3738365, -20.2683629 ], [ 57.3738616, -20.2681999 ], [ 57.3740709, -20.2680422 ], [ 57.3740521, -20.2679743 ], [ 57.3741701, -20.2678082 ], [ 57.3743813, -20.2674883 ], [ 57.3745429, -20.2672823 ], [ 57.3746395, -20.2671163 ], [ 57.3746878, -20.2668445 ], [ 57.3748483, -20.2665845 ], [ 57.3748648, -20.2662708 ], [ 57.3749909, -20.2660972 ], [ 57.3750633, -20.265745 ], [ 57.3752269, -20.2655462 ], [ 57.3752779, -20.2654405 ], [ 57.3752859, -20.2652946 ], [ 57.3754254, -20.2649649 ], [ 57.3753583, -20.2645976 ], [ 57.3754415, -20.2644516 ], [ 57.3755541, -20.2642025 ], [ 57.3756695, -20.2637672 ], [ 57.375706, -20.26339 ], [ 57.3758545, -20.2631306 ], [ 57.376053, -20.2630073 ], [ 57.3763082, -20.2627857 ], [ 57.3765385, -20.262572 ], [ 57.3767424, -20.2624236 ], [ 57.3770159, -20.2623607 ], [ 57.3771045, -20.2623229 ], [ 57.3772493, -20.2621896 ], [ 57.3773405, -20.2620612 ], [ 57.3776225, -20.2619021 ], [ 57.3778984, -20.261865 ], [ 57.3780191, -20.2616964 ], [ 57.3782084, -20.2613722 ], [ 57.3783248, -20.2611418 ], [ 57.3784295, -20.2609264 ], [ 57.3785694, -20.2606638 ], [ 57.3786333, -20.2605389 ], [ 57.378687, -20.2604181 ], [ 57.3786762, -20.2602948 ], [ 57.378754, -20.2601741 ], [ 57.3787779, -20.2600911 ], [ 57.3788452, -20.259857 ], [ 57.3789713, -20.2595903 ], [ 57.3791966, -20.2592883 ], [ 57.3791966, -20.2588379 ], [ 57.3791885, -20.2586316 ], [ 57.3792815, -20.2585174 ], [ 57.3793012, -20.2584932 ], [ 57.3794755, -20.2581485 ], [ 57.3795589, -20.2579579 ], [ 57.3796043, -20.2578541 ], [ 57.3796552, -20.257542 ], [ 57.3796847, -20.2573005 ], [ 57.3796828, -20.2572681 ], [ 57.3796713, -20.2570715 ], [ 57.3796365, -20.2568903 ], [ 57.3796472, -20.2567167 ], [ 57.379556, -20.2566538 ], [ 57.3794943, -20.2563493 ], [ 57.3795614, -20.2562285 ], [ 57.3798484, -20.2561228 ], [ 57.3798671, -20.2560549 ], [ 57.3797733, -20.2559643 ], [ 57.3797679, -20.255846 ], [ 57.3798618, -20.2557856 ], [ 57.3799905, -20.2555642 ], [ 57.380012, -20.2553881 ], [ 57.3801273, -20.2552471 ], [ 57.380307, -20.2550257 ], [ 57.380299, -20.2549049 ], [ 57.380197, -20.2548043 ], [ 57.3802017, -20.2546999 ], [ 57.3802053, -20.25462 ], [ 57.3803338, -20.2546155 ], [ 57.3803795, -20.2545566 ], [ 57.380484, -20.2544218 ], [ 57.3805565, -20.2542784 ], [ 57.3806235, -20.2542758 ], [ 57.3806879, -20.2542482 ], [ 57.3810205, -20.2538632 ], [ 57.3811239, -20.2536701 ], [ 57.3813879, -20.2533196 ], [ 57.3817071, -20.2527383 ], [ 57.3818466, -20.2524464 ], [ 57.3820715, -20.2519806 ], [ 57.3822167, -20.2517217 ], [ 57.3823428, -20.2515405 ], [ 57.3824421, -20.2514751 ], [ 57.3824902, -20.251373 ], [ 57.3826942, -20.2512335 ], [ 57.3828061, -20.2511019 ], [ 57.3829061, -20.2509844 ], [ 57.3830456, -20.2508176 ], [ 57.383287, -20.2505289 ], [ 57.3833832, -20.2504267 ], [ 57.3835015, -20.2503729 ], [ 57.3834828, -20.2502068 ], [ 57.383485, -20.250168 ], [ 57.3835244, -20.2495748 ], [ 57.3835793, -20.2493588 ], [ 57.3835625, -20.249287 ], [ 57.3835236, -20.2490672 ], [ 57.3835176, -20.2488832 ], [ 57.3834944, -20.2488245 ], [ 57.3834103, -20.2486114 ], [ 57.3833406, -20.2484151 ], [ 57.3832682, -20.2479798 ], [ 57.3831314, -20.2477105 ], [ 57.3830858, -20.2475067 ], [ 57.3830724, -20.2472022 ], [ 57.3829919, -20.2468373 ], [ 57.3827934, -20.2462686 ], [ 57.3827103, -20.2458836 ], [ 57.3824378, -20.2451749 ], [ 57.3824126, -20.2446429 ], [ 57.3823622, -20.2444458 ], [ 57.3823026, -20.243971 ], [ 57.3822451, -20.243817 ], [ 57.3820505, -20.2435935 ], [ 57.3818922, -20.2434274 ], [ 57.3817956, -20.2433691 ], [ 57.3816267, -20.2431179 ], [ 57.3814711, -20.2429317 ], [ 57.3813574, -20.2427827 ], [ 57.3812485, -20.2425743 ], [ 57.3811251, -20.2424888 ], [ 57.3810881, -20.2422809 ], [ 57.3811412, -20.2421943 ], [ 57.3811465, -20.242061 ], [ 57.3810822, -20.2419502 ], [ 57.3810875, -20.241759 ], [ 57.3811224, -20.2415249 ], [ 57.3811868, -20.241389 ], [ 57.3813316, -20.241238 ], [ 57.3814952, -20.2411298 ], [ 57.3816642, -20.2408782 ], [ 57.3816961, -20.2407648 ], [ 57.381911, -20.2407071 ], [ 57.3821068, -20.2405938 ], [ 57.3825543, -20.2403394 ], [ 57.3828471, -20.2401131 ], [ 57.3830965, -20.2398464 ], [ 57.383207, -20.2397985 ], [ 57.383751, -20.2392172 ], [ 57.3839924, -20.2388649 ], [ 57.384046, -20.238729 ], [ 57.3840417, -20.23854 ], [ 57.3840338, -20.2384952 ], [ 57.3840058, -20.2383364 ], [ 57.3840407, -20.2380571 ], [ 57.3840648, -20.2379614 ], [ 57.3840138, -20.2378306 ], [ 57.3841023, -20.2376066 ], [ 57.3841131, -20.2373851 ], [ 57.3841493, -20.2371486 ], [ 57.3842043, -20.2369145 ], [ 57.3843142, -20.2366301 ], [ 57.3843867, -20.2365471 ], [ 57.3844135, -20.236464 ], [ 57.3844027, -20.2362904 ], [ 57.3844604, -20.235962 ], [ 57.3844779, -20.2357669 ], [ 57.384443, -20.2356096 ], [ 57.3844752, -20.2354926 ], [ 57.3845556, -20.2352963 ], [ 57.3845382, -20.2351025 ], [ 57.3845422, -20.234944 ], [ 57.3844886, -20.234793 ], [ 57.3844296, -20.2347389 ], [ 57.3843947, -20.2346697 ], [ 57.3844188, -20.2345816 ], [ 57.384506, -20.2344469 ], [ 57.3846348, -20.234189 ], [ 57.3847353, -20.2340443 ], [ 57.3848311, -20.23384 ], [ 57.3850116, -20.2336605 ], [ 57.3851846, -20.2334554 ], [ 57.3854201, -20.2331325 ], [ 57.3855682, -20.2328388 ], [ 57.3856683, -20.2325338 ], [ 57.3856325, -20.2324776 ], [ 57.3854595, -20.2324311 ], [ 57.3853657, -20.2324109 ], [ 57.385349, -20.2323282 ], [ 57.3855266, -20.2322587 ], [ 57.3857264, -20.2322335 ], [ 57.3857948, -20.2321341 ], [ 57.3859651, -20.2318904 ], [ 57.3861794, -20.2314929 ], [ 57.3861435, -20.2313248 ], [ 57.386295, -20.2306895 ], [ 57.3863487, -20.2304177 ], [ 57.3864064, -20.2301421 ], [ 57.3864049, -20.2300051 ], [ 57.3864466, -20.2298577 ], [ 57.3865244, -20.229679 ], [ 57.3865418, -20.2295859 ], [ 57.3865077, -20.2294906 ], [ 57.3864868, -20.2294047 ], [ 57.3865248, -20.2292575 ], [ 57.3866772, -20.2291926 ], [ 57.3868516, -20.2290272 ], [ 57.3869932, -20.2288006 ], [ 57.387175, -20.2281824 ], [ 57.38727, -20.2276631 ], [ 57.3872942, -20.2274643 ], [ 57.3872737, -20.2272673 ], [ 57.3871708, -20.2269584 ], [ 57.3870227, -20.2267332 ], [ 57.3869369, -20.2264498 ], [ 57.3870313, -20.2263191 ], [ 57.387203, -20.2262562 ], [ 57.3873076, -20.2261153 ], [ 57.3874506, -20.2258631 ], [ 57.3875999, -20.2255892 ], [ 57.3877984, -20.2252973 ], [ 57.3881069, -20.2248115 ], [ 57.3881739, -20.2246052 ], [ 57.3881353, -20.224466 ], [ 57.3882464, -20.224424 ], [ 57.3884899, -20.2244605 ], [ 57.3886836, -20.2243233 ], [ 57.3889169, -20.2241018 ], [ 57.3891395, -20.2238023 ], [ 57.3895954, -20.2231865 ], [ 57.3899085, -20.222559 ], [ 57.3901808, -20.2222183 ], [ 57.3905068, -20.2219152 ], [ 57.3911337, -20.2209794 ], [ 57.3911968, -20.2208852 ], [ 57.3914301, -20.2204423 ], [ 57.3920392, -20.2195343 ], [ 57.3922082, -20.2191416 ], [ 57.3923646, -20.2187731 ], [ 57.3924869, -20.2185546 ], [ 57.3925835, -20.2185231 ], [ 57.3926572, -20.218435 ], [ 57.3926452, -20.2183557 ], [ 57.3927873, -20.2180688 ], [ 57.3929214, -20.2177139 ], [ 57.3930314, -20.2174068 ], [ 57.3932058, -20.2170922 ], [ 57.3933731, -20.2168966 ], [ 57.3936443, -20.2166895 ], [ 57.3939045, -20.2165007 ], [ 57.3940292, -20.2164152 ], [ 57.3940761, -20.2162641 ], [ 57.3941781, -20.2161597 ], [ 57.3943216, -20.2161287 ], [ 57.3945697, -20.2161861 ], [ 57.3948111, -20.2162138 ], [ 57.3951571, -20.2163157 ], [ 57.3954186, -20.2164292 ], [ 57.39566, -20.2164542 ], [ 57.3958839, -20.2165058 ], [ 57.396134, -20.2165209 ], [ 57.3966097, -20.2165106 ], [ 57.3969568, -20.2165163 ], [ 57.3974101, -20.216497 ], [ 57.3977004, -20.2164491 ], [ 57.3979783, -20.216511 ], [ 57.398196, -20.2165234 ], [ 57.3983636, -20.2164819 ], [ 57.3986331, -20.2163619 ], [ 57.3989135, -20.2163132 ], [ 57.3992008, -20.216275 ], [ 57.3994862, -20.2163019 ], [ 57.3997407, -20.2163558 ], [ 57.3999971, -20.2165435 ], [ 57.4000698, -20.2168247 ], [ 57.4001195, -20.2169525 ], [ 57.4001765, -20.2169508 ], [ 57.400211, -20.2169758 ], [ 57.4003791, -20.2169575 ], [ 57.4005161, -20.2169374 ], [ 57.4006784, -20.2169601 ], [ 57.4008433, -20.2169463 ], [ 57.4010617, -20.2168615 ], [ 57.4012068, -20.2167323 ], [ 57.401541, -20.2163484 ], [ 57.4018049, -20.2158785 ], [ 57.4020369, -20.2152725 ], [ 57.4022689, -20.2146329 ], [ 57.4023521, -20.2145023 ], [ 57.4024138, -20.2143135 ], [ 57.4025103, -20.2139812 ], [ 57.4025702, -20.2136209 ], [ 57.4025843, -20.2134622 ], [ 57.4025868, -20.2132689 ], [ 57.4025747, -20.2131066 ], [ 57.4025358, -20.2128511 ], [ 57.4025358, -20.2126258 ], [ 57.402506, -20.2124746 ], [ 57.4026364, -20.2122143 ], [ 57.4027558, -20.2119374 ], [ 57.4028134, -20.2116308 ], [ 57.4028555, -20.2113684 ], [ 57.4031863, -20.2104826 ], [ 57.4034518, -20.2099615 ], [ 57.4035846, -20.2096771 ], [ 57.403683, -20.2093998 ], [ 57.4037938, -20.2091485 ], [ 57.4038703, -20.208893 ], [ 57.4039695, -20.2084217 ], [ 57.40407, -20.2082474 ], [ 57.4041478, -20.2080649 ], [ 57.4042042, -20.2078497 ], [ 57.4042819, -20.20771 ], [ 57.4043906, -20.2073778 ], [ 57.4044107, -20.2072355 ], [ 57.4044839, -20.2070921 ], [ 57.4045679, -20.2068125 ], [ 57.4046803, -20.2062727 ], [ 57.4048099, -20.2057497 ], [ 57.404801, -20.2055453 ], [ 57.4047118, -20.2053702 ], [ 57.4045944, -20.2053061 ], [ 57.4045435, -20.205247 ], [ 57.4045193, -20.2051639 ], [ 57.4045542, -20.2050204 ], [ 57.404514, -20.2049046 ], [ 57.4044844, -20.2048216 ], [ 57.4044174, -20.2047536 ], [ 57.4043262, -20.2047511 ], [ 57.4042028, -20.2047385 ], [ 57.4040928, -20.2046051 ], [ 57.4040499, -20.2044239 ], [ 57.4040419, -20.2043534 ], [ 57.4039158, -20.2042175 ], [ 57.4037898, -20.2041394 ], [ 57.403771, -20.2039909 ], [ 57.4037173, -20.20386 ], [ 57.4035376, -20.2037216 ], [ 57.4035537, -20.203568 ], [ 57.4034679, -20.2034497 ], [ 57.4032909, -20.203193 ], [ 57.4030023, -20.2029004 ], [ 57.4028242, -20.2022742 ], [ 57.4027437, -20.2019545 ], [ 57.4025029, -20.2015059 ], [ 57.4024226, -20.2012036 ], [ 57.4023371, -20.2009496 ], [ 57.4024782, -20.2003913 ], [ 57.402674, -20.1998929 ], [ 57.4032533, -20.1991503 ], [ 57.4037238, -20.1986514 ], [ 57.4042377, -20.1982592 ], [ 57.4048278, -20.197932 ], [ 57.4052986, -20.1976727 ], [ 57.4058644, -20.1973612 ], [ 57.4059832, -20.197304 ], [ 57.4061407, -20.1972561 ], [ 57.4062413, -20.1971365 ], [ 57.4063955, -20.1969943 ], [ 57.4064612, -20.1968533 ], [ 57.4067141, -20.1966152 ], [ 57.4068743, -20.1966028 ], [ 57.4070969, -20.1963725 ], [ 57.4071465, -20.1962114 ], [ 57.4072686, -20.1961095 ], [ 57.4074161, -20.1960591 ], [ 57.4075355, -20.1959509 ], [ 57.4076092, -20.1958514 ], [ 57.4077192, -20.1958653 ], [ 57.4077635, -20.1958376 ], [ 57.4077809, -20.1956916 ], [ 57.4078788, -20.195645 ], [ 57.4078839, -20.195598 ], [ 57.4080947, -20.1953039 ], [ 57.408092, -20.1952057 ], [ 57.4081564, -20.1951378 ], [ 57.4082985, -20.1951655 ], [ 57.4084099, -20.1951353 ], [ 57.4084984, -20.1949955 ], [ 57.4086043, -20.1948458 ], [ 57.408607, -20.1947224 ], [ 57.4085145, -20.1944166 ], [ 57.4085198, -20.1942454 ], [ 57.4085409, -20.1940784 ], [ 57.4085909, -20.1940805 ], [ 57.4086754, -20.1941371 ], [ 57.4087827, -20.1941699 ], [ 57.4088269, -20.1942139 ], [ 57.4089007, -20.1942341 ], [ 57.4089691, -20.1941887 ], [ 57.4090831, -20.1941642 ], [ 57.4091113, -20.1939446 ], [ 57.4091582, -20.1938212 ], [ 57.40924, -20.1938388 ], [ 57.4092534, -20.1938099 ], [ 57.4091971, -20.1937444 ], [ 57.4091783, -20.1936777 ], [ 57.4092108, -20.1936254 ], [ 57.409244, -20.193572 ], [ 57.4093218, -20.1934524 ], [ 57.4093875, -20.1933945 ], [ 57.4095016, -20.1934097 ], [ 57.4095592, -20.1934222 ], [ 57.4096061, -20.1933681 ], [ 57.4096732, -20.193241 ], [ 57.4096972, -20.1932311 ], [ 57.4098261, -20.193178 ], [ 57.4098515, -20.1930748 ], [ 57.4098598, -20.1929568 ], [ 57.4100259, -20.1928017 ], [ 57.4100822, -20.1927299 ], [ 57.4100634, -20.1926495 ], [ 57.4101801, -20.1925512 ], [ 57.4101949, -20.1924291 ], [ 57.41027, -20.1923813 ], [ 57.4103813, -20.1924102 ], [ 57.4105127, -20.1922869 ], [ 57.4105381, -20.192188 ], [ 57.4105429, -20.1921695 ], [ 57.4107034, -20.1920828 ], [ 57.4107286, -20.1920691 ], [ 57.4108547, -20.1920314 ], [ 57.4108781, -20.1920251 ], [ 57.4109298, -20.1920112 ], [ 57.4110089, -20.1920781 ], [ 57.411025, -20.1920918 ], [ 57.4110505, -20.1920565 ], [ 57.4111202, -20.1919156 ], [ 57.4112302, -20.1919785 ], [ 57.4113026, -20.1919408 ], [ 57.4112999, -20.1918451 ], [ 57.4112363, -20.191776 ], [ 57.4112168, -20.1914247 ], [ 57.4112713, -20.1911036 ], [ 57.4114206, -20.1909967 ], [ 57.4115628, -20.1910068 ], [ 57.4118882, -20.1910979 ], [ 57.4120818, -20.1907928 ], [ 57.4123071, -20.1905839 ], [ 57.4124989, -20.1905084 ], [ 57.4125447, -20.1904002 ], [ 57.4125196, -20.1903495 ], [ 57.4124935, -20.1902969 ], [ 57.4124465, -20.1901857 ], [ 57.4124323, -20.1901522 ], [ 57.4125377, -20.1900778 ], [ 57.4126089, -20.1900275 ], [ 57.4126126, -20.1899428 ], [ 57.4128315, -20.1900426 ], [ 57.4129495, -20.1899998 ], [ 57.4131051, -20.1900275 ], [ 57.4133335, -20.1899508 ], [ 57.4134377, -20.1899847 ], [ 57.4134806, -20.1899042 ], [ 57.4134457, -20.1898387 ], [ 57.413502, -20.1897834 ], [ 57.413502, -20.1896801 ], [ 57.4134299, -20.1895342 ], [ 57.4136925, -20.1894158 ], [ 57.4138668, -20.1892018 ], [ 57.414076, -20.189149 ], [ 57.4144328, -20.1890785 ], [ 57.4148753, -20.18894 ], [ 57.4151811, -20.1885473 ], [ 57.4163435, -20.1879889 ], [ 57.4167314, -20.1878676 ], [ 57.4170479, -20.1878349 ], [ 57.4175522, -20.1878324 ], [ 57.4181128, -20.1877694 ], [ 57.4183354, -20.1876184 ], [ 57.4185296, -20.1875701 ], [ 57.4185768, -20.1876486 ], [ 57.4190918, -20.187495 ], [ 57.4195343, -20.1872584 ], [ 57.4200118, -20.1869412 ], [ 57.42045, -20.1866965 ], [ 57.4207842, -20.1865787 ], [ 57.4208888, -20.1864226 ], [ 57.4210605, -20.1863269 ], [ 57.4211195, -20.1862086 ], [ 57.4213394, -20.186045 ], [ 57.4215326, -20.1859694 ], [ 57.4217905, -20.1857679 ], [ 57.4217552, -20.185622 ], [ 57.4217901, -20.1855138 ], [ 57.4219537, -20.1852495 ], [ 57.4220636, -20.1851286 ], [ 57.4222031, -20.1851211 ], [ 57.4222648, -20.1849524 ], [ 57.4222594, -20.1848064 ], [ 57.4221988, -20.1847354 ], [ 57.4222782, -20.1846503 ], [ 57.4224552, -20.1845748 ], [ 57.4225599, -20.1844363 ], [ 57.4226779, -20.1842651 ], [ 57.4228469, -20.1842425 ], [ 57.4229193, -20.1842274 ], [ 57.4230062, -20.1841766 ], [ 57.4232626, -20.1842576 ], [ 57.4232975, -20.1841997 ], [ 57.4234879, -20.1841594 ], [ 57.4236868, -20.1842248 ], [ 57.4240029, -20.183958 ], [ 57.4241334, -20.1836695 ], [ 57.4241853, -20.1833991 ], [ 57.4242255, -20.1832027 ], [ 57.4243301, -20.1830844 ], [ 57.4244133, -20.182742 ], [ 57.4242872, -20.1826212 ], [ 57.4243822, -20.1823941 ], [ 57.4244186, -20.1821278 ], [ 57.4244025, -20.1819188 ], [ 57.4244294, -20.1817048 ], [ 57.4245205, -20.1814908 ], [ 57.4244696, -20.1813171 ], [ 57.4244803, -20.1810654 ], [ 57.4244412, -20.1809768 ], [ 57.425065, -20.1809067 ], [ 57.4252072, -20.1808312 ], [ 57.4253172, -20.1807154 ], [ 57.4252957, -20.180514 ], [ 57.4253896, -20.1803479 ], [ 57.42558, -20.180446 ], [ 57.4257705, -20.1805744 ], [ 57.4258617, -20.1805342 ], [ 57.4259716, -20.1803479 ], [ 57.4262034, -20.1802592 ], [ 57.4263337, -20.1801288 ], [ 57.4264196, -20.1800281 ], [ 57.4264056, -20.179889 ], [ 57.4262667, -20.1796983 ], [ 57.4262432, -20.1794223 ], [ 57.4262918, -20.1791413 ], [ 57.4265407, -20.1790552 ], [ 57.4268175, -20.1792123 ], [ 57.4269748, -20.1793811 ], [ 57.4271008, -20.179434 ], [ 57.4272736, -20.1794058 ], [ 57.4274012, -20.1792779 ], [ 57.4276775, -20.1792426 ], [ 57.4281318, -20.1787538 ], [ 57.4284473, -20.178573 ], [ 57.4286931, -20.1781285 ], [ 57.4287209, -20.1779511 ], [ 57.4288121, -20.1777875 ], [ 57.4289462, -20.1774451 ], [ 57.4292117, -20.1771153 ], [ 57.4294665, -20.1768988 ], [ 57.4295872, -20.1766168 ], [ 57.4299788, -20.1761989 ], [ 57.4300835, -20.1758741 ], [ 57.4302095, -20.1757835 ], [ 57.430298, -20.1756576 ], [ 57.4304482, -20.175353 ], [ 57.4306521, -20.1751817 ], [ 57.4311671, -20.1747311 ], [ 57.4315249, -20.1743479 ], [ 57.4315962, -20.1742477 ], [ 57.4317411, -20.1743761 ], [ 57.4320683, -20.1744139 ], [ 57.4324518, -20.1744542 ], [ 57.432653, -20.1744038 ], [ 57.4327737, -20.1744693 ], [ 57.4330853, -20.1744548 ], [ 57.4332511, -20.1745095 ], [ 57.433392, -20.1745498 ], [ 57.433545, -20.1746771 ], [ 57.433683, -20.1747084 ], [ 57.4338479, -20.1747802 ], [ 57.4341354, -20.1748583 ], [ 57.4342468, -20.1748403 ], [ 57.4343725, -20.1747891 ], [ 57.4347735, -20.1747343 ], [ 57.4348669, -20.1747243 ], [ 57.4350171, -20.1746814 ], [ 57.4351223, -20.1745962 ], [ 57.4352399, -20.1745611 ], [ 57.4353297, -20.1744749 ], [ 57.4354734, -20.174463 ], [ 57.4355364, -20.174507 ], [ 57.4356412, -20.1746556 ], [ 57.4357872, -20.1747009 ], [ 57.4362364, -20.1746165 ], [ 57.4366736, -20.1745335 ], [ 57.4369391, -20.1744817 ], [ 57.4372065, -20.1743095 ], [ 57.4373858, -20.1742729 ], [ 57.4375494, -20.1742213 ], [ 57.4377334, -20.1741196 ], [ 57.4379115, -20.1738713 ], [ 57.4379637, -20.1737466 ], [ 57.4380839, -20.1736987 ], [ 57.4381757, -20.1737266 ], [ 57.4382548, -20.1737857 ], [ 57.4383192, -20.1738801 ], [ 57.4384452, -20.1739053 ], [ 57.4386679, -20.1739078 ], [ 57.4387979, -20.1739317 ], [ 57.4388744, -20.1739796 ], [ 57.4390206, -20.1741029 ], [ 57.4392187, -20.1741418 ], [ 57.439392, -20.1740655 ], [ 57.4396943, -20.1739015 ], [ 57.4398169, -20.1738381 ], [ 57.4400014, -20.1737933 ], [ 57.4402401, -20.1737465 ], [ 57.4404791, -20.1736494 ], [ 57.4406795, -20.1735025 ], [ 57.4409115, -20.1733639 ], [ 57.4411127, -20.173184 ], [ 57.4412401, -20.1730304 ], [ 57.4413726, -20.1729761 ], [ 57.4415633, -20.1728592 ], [ 57.4419349, -20.1726152 ], [ 57.4420756, -20.1724891 ], [ 57.4422365, -20.172367 ], [ 57.4424712, -20.1723041 ], [ 57.4428856, -20.1722248 ], [ 57.4432992, -20.172098 ], [ 57.4436983, -20.1719969 ], [ 57.4440081, -20.1719126 ], [ 57.4442817, -20.1717439 ], [ 57.4445542, -20.1716171 ], [ 57.4449159, -20.1714801 ], [ 57.4451534, -20.1712781 ], [ 57.4453667, -20.1711119 ], [ 57.445541, -20.1710566 ], [ 57.4457538, -20.1709519 ], [ 57.4459782, -20.1709168 ], [ 57.4460949, -20.1709647 ], [ 57.4463162, -20.1708967 ], [ 57.4464212, -20.1708238 ], [ 57.4466112, -20.1707733 ], [ 57.446925, -20.1706374 ], [ 57.4473073, -20.1703923 ], [ 57.4475712, -20.1702768 ], [ 57.447936, -20.1702503 ], [ 57.4484365, -20.170193 ], [ 57.4489149, -20.1701207 ], [ 57.4490882, -20.1700318 ], [ 57.449252, -20.1700234 ], [ 57.4495831, -20.1699047 ], [ 57.4499801, -20.1698342 ], [ 57.4501933, -20.1697612 ], [ 57.4506348, -20.1694984 ], [ 57.4509162, -20.1693004 ], [ 57.4516135, -20.1689593 ], [ 57.4519638, -20.1687696 ], [ 57.4521822, -20.1686395 ], [ 57.4523967, -20.1685439 ], [ 57.4529226, -20.16831 ], [ 57.4532685, -20.1681838 ], [ 57.4536601, -20.1679988 ], [ 57.4541685, -20.1677574 ], [ 57.4546498, -20.1675468 ], [ 57.4551609, -20.167381 ], [ 57.4556811, -20.1671918 ], [ 57.4560727, -20.1671037 ], [ 57.4567339, -20.1669048 ], [ 57.4574632, -20.1667042 ], [ 57.4578792, -20.1666127 ], [ 57.4582694, -20.1665435 ], [ 57.458638, -20.1664655 ], [ 57.4591653, -20.1663597 ], [ 57.4594791, -20.1663282 ], [ 57.4597988, -20.1662342 ], [ 57.4602154, -20.1661356 ], [ 57.4604863, -20.1660488 ], [ 57.4609176, -20.1659602 ], [ 57.4612239, -20.1658587 ], [ 57.4614841, -20.1657252 ], [ 57.4615678, -20.165607 ], [ 57.4616007, -20.1654961 ], [ 57.4616474, -20.1653989 ], [ 57.4617469, -20.1653815 ], [ 57.4618421, -20.1653362 ], [ 57.4619195, -20.1652194 ], [ 57.4620232, -20.1651461 ], [ 57.4621493, -20.1651046 ], [ 57.4622552, -20.1649762 ], [ 57.4624108, -20.1649435 ], [ 57.4625248, -20.1648478 ], [ 57.4626519, -20.1647426 ], [ 57.4628426, -20.1646224 ], [ 57.4630076, -20.1644827 ], [ 57.4631298, -20.1644662 ], [ 57.463367, -20.1644386 ], [ 57.463589, -20.1644566 ], [ 57.463662, -20.1643883 ], [ 57.4638377, -20.164416 ], [ 57.4641053, -20.1643705 ], [ 57.4643956, -20.1644537 ], [ 57.4647577, -20.1644537 ], [ 57.4652897, -20.1644017 ], [ 57.4656683, -20.1643581 ], [ 57.466009, -20.1642775 ], [ 57.4660024, -20.1642262 ], [ 57.4660423, -20.1642162 ], [ 57.466129, -20.1641861 ], [ 57.4665615, -20.1641592 ], [ 57.4670275, -20.1641668 ], [ 57.4673675, -20.1641843 ], [ 57.4674523, -20.1641719 ], [ 57.4675351, -20.1641931 ], [ 57.4676386, -20.1641941 ], [ 57.4677483, -20.1641968 ], [ 57.4677428, -20.1643339 ], [ 57.4678559, -20.1643987 ], [ 57.4682546, -20.164645 ], [ 57.4686902, -20.1650587 ], [ 57.4690968, -20.1652878 ], [ 57.4692181, -20.1654875 ], [ 57.4694248, -20.1656384 ], [ 57.469493, -20.1656498 ], [ 57.4695842, -20.1658003 ], [ 57.4696434, -20.1658536 ], [ 57.4697225, -20.1658599 ], [ 57.4697922, -20.1659606 ], [ 57.4699599, -20.16604 ], [ 57.4700381, -20.1660493 ], [ 57.4700913, -20.1661256 ], [ 57.470216, -20.1662112 ], [ 57.4704266, -20.1662754 ], [ 57.4705497, -20.1662807 ], [ 57.4706385, -20.1663622 ], [ 57.4707712, -20.1664126 ], [ 57.4709259, -20.1664361 ], [ 57.4709825, -20.1665301 ], [ 57.4707042, -20.1679272 ], [ 57.4704796, -20.1690547 ], [ 57.470297, -20.1699715 ], [ 57.4698011, -20.1724609 ], [ 57.4691422, -20.175769 ], [ 57.4690709, -20.1772523 ], [ 57.4690665, -20.1773447 ], [ 57.4690564, -20.1776932 ], [ 57.4687976, -20.1791204 ], [ 57.4687348, -20.179648 ], [ 57.468737, -20.1796979 ], [ 57.4687476, -20.1798218 ], [ 57.4688067, -20.180374 ], [ 57.4687261, -20.1810277 ], [ 57.4686805, -20.1812115 ], [ 57.4686699, -20.1813811 ], [ 57.4687289, -20.1817008 ], [ 57.4688228, -20.1820557 ], [ 57.4688872, -20.1822723 ], [ 57.4689272, -20.1832266 ], [ 57.4689312, -20.1834885 ], [ 57.4689145, -20.1837453 ], [ 57.4689112, -20.1838145 ], [ 57.4689051, -20.1839436 ], [ 57.4688903, -20.1842539 ], [ 57.4688807, -20.1843994 ], [ 57.4688662, -20.1846189 ], [ 57.4689299, -20.1853778 ], [ 57.4690031, -20.1863335 ], [ 57.4676528, -20.1870655 ], [ 57.4660248, -20.1884274 ], [ 57.4658876, -20.1885604 ], [ 57.465663, -20.1887781 ], [ 57.4648313, -20.1895843 ], [ 57.463944, -20.1905328 ], [ 57.4628652, -20.1922007 ], [ 57.4626003, -20.1924773 ], [ 57.4623034, -20.1928011 ], [ 57.4620808, -20.1930716 ], [ 57.4616302, -20.1936878 ], [ 57.4614337, -20.1939726 ], [ 57.4614008, -20.1940203 ], [ 57.4612068, -20.194299 ], [ 57.4607922, -20.1950121 ], [ 57.4604937, -20.1955651 ], [ 57.4603766, -20.1957807 ], [ 57.4597796, -20.1969513 ], [ 57.4595531, -20.1973505 ], [ 57.4593274, -20.1976789 ], [ 57.459038, -20.1980308 ], [ 57.4587099, -20.1983773 ], [ 57.4583844, -20.1986858 ], [ 57.4581953, -20.1988472 ], [ 57.4580097, -20.1989753 ], [ 57.4576359, -20.1992299 ], [ 57.4568843, -20.1997445 ], [ 57.456069, -20.1999914 ], [ 57.4555994, -20.200144 ], [ 57.4546815, -20.2003772 ], [ 57.4546444, -20.2002188 ], [ 57.4534189, -20.2004785 ], [ 57.4529258, -20.2007035 ], [ 57.4519947, -20.2012705 ], [ 57.451926, -20.2013329 ], [ 57.4512844, -20.201915 ], [ 57.4507384, -20.202671 ], [ 57.4505422, -20.2030894 ], [ 57.4502058, -20.2038065 ], [ 57.4494326, -20.2062111 ], [ 57.4492723, -20.2065899 ], [ 57.4492507, -20.2067752 ], [ 57.4490196, -20.2075472 ], [ 57.4484522, -20.220902 ], [ 57.4481609, -20.2277564 ], [ 57.4481567, -20.2282046 ], [ 57.4482473, -20.2291049 ], [ 57.4491259, -20.2359988 ], [ 57.4491559, -20.2362092 ], [ 57.4491863, -20.2366972 ], [ 57.449007, -20.2367197 ], [ 57.44895, -20.2367429 ], [ 57.4489054, -20.2367761 ], [ 57.4488792, -20.2368166 ], [ 57.4488736, -20.2368654 ], [ 57.4489058, -20.2371448 ], [ 57.4491028, -20.2383986 ], [ 57.4491727, -20.2388423 ], [ 57.449328, -20.239753 ], [ 57.4493417, -20.2398615 ], [ 57.4494367, -20.2405173 ], [ 57.4500765, -20.2424284 ], [ 57.4505636, -20.2460563 ], [ 57.4504185, -20.2465612 ], [ 57.4504548, -20.2468574 ], [ 57.4514592, -20.2544381 ], [ 57.4521339, -20.2595299 ], [ 57.4523485, -20.2598218 ], [ 57.4526274, -20.2600432 ], [ 57.4529171, -20.2602646 ], [ 57.4531531, -20.2604861 ], [ 57.4534428, -20.2608283 ], [ 57.4537003, -20.2612913 ], [ 57.4542475, -20.2621065 ], [ 57.4546503, -20.2631174 ], [ 57.454984, -20.2636591 ], [ 57.4553523, -20.2640283 ], [ 57.4556711, -20.2642944 ], [ 57.4560282, -20.2646193 ], [ 57.456261, -20.2649212 ], [ 57.4563968, -20.265257 ], [ 57.4554276, -20.2720403 ], [ 57.4543367, -20.2787628 ], [ 57.4540509, -20.2814044 ], [ 57.4534533, -20.2855172 ], [ 57.4525647, -20.2906201 ], [ 57.4522112, -20.2936025 ], [ 57.4508608, -20.3018818 ], [ 57.4494635, -20.3103596 ], [ 57.4506392, -20.3106604 ], [ 57.4515274, -20.3106373 ], [ 57.4518293, -20.3107587 ], [ 57.452162, -20.3108049 ], [ 57.45239, -20.3108917 ], [ 57.4527659, -20.3109552 ], [ 57.4528892, -20.3110823 ], [ 57.4531603, -20.3113135 ], [ 57.4535177, -20.3115562 ], [ 57.4538628, -20.3118336 ], [ 57.4541955, -20.3122497 ], [ 57.4547255, -20.3127235 ], [ 57.4552554, -20.3132321 ], [ 57.4552924, -20.3134979 ], [ 57.4555142, -20.313729 ], [ 57.4559332, -20.3138331 ], [ 57.4563276, -20.3140758 ], [ 57.4567097, -20.3144803 ], [ 57.4569315, -20.3149657 ], [ 57.4569808, -20.3153933 ], [ 57.4570547, -20.3160059 ], [ 57.457141, -20.3165375 ], [ 57.4575477, -20.3171732 ], [ 57.4580037, -20.3176239 ], [ 57.4582748, -20.3183058 ], [ 57.4583364, -20.3188259 ], [ 57.4585213, -20.3192882 ], [ 57.4586322, -20.3197621 ], [ 57.4589095, -20.3204902 ], [ 57.4586076, -20.3210218 ], [ 57.4584042, -20.3213223 ], [ 57.4578866, -20.3214494 ], [ 57.4574491, -20.3215765 ], [ 57.456987, -20.3219175 ], [ 57.4567034, -20.3223682 ], [ 57.4566419, -20.3228767 ], [ 57.456303, -20.3233448 ], [ 57.455773, -20.323807 ], [ 57.4551665, -20.3241682 ], [ 57.4546427, -20.3244337 ], [ 57.4541968, -20.3246926 ], [ 57.4539986, -20.3248917 ], [ 57.4538641, -20.3250842 ], [ 57.4538499, -20.3252568 ], [ 57.4537084, -20.3253895 ], [ 57.4536447, -20.3256285 ], [ 57.4536517, -20.3260268 ], [ 57.4539727, -20.3264292 ], [ 57.4542276, -20.326924 ], [ 57.4542556, -20.3270641 ], [ 57.4545265, -20.3274319 ], [ 57.454816, -20.3277035 ], [ 57.4549654, -20.3280538 ], [ 57.4551616, -20.3284567 ], [ 57.4554324, -20.3286669 ], [ 57.4557874, -20.3289033 ], [ 57.4561049, -20.3291748 ], [ 57.4564318, -20.32935 ], [ 57.4567681, -20.3294551 ], [ 57.4570856, -20.3297179 ], [ 57.4573565, -20.3300945 ], [ 57.45759, -20.3305148 ], [ 57.4578795, -20.3310053 ], [ 57.4583652, -20.3316096 ], [ 57.4587762, -20.3318461 ], [ 57.4591521, -20.3319659 ], [ 57.4594148, -20.3320643 ], [ 57.4593963, -20.3323994 ], [ 57.4594703, -20.3326016 ], [ 57.4595812, -20.3327981 ], [ 57.4597476, -20.3330292 ], [ 57.4598585, -20.333347 ], [ 57.4599324, -20.3336532 ], [ 57.460068, -20.3339133 ], [ 57.4600988, -20.3341791 ], [ 57.4600064, -20.3344564 ], [ 57.4600249, -20.3346702 ], [ 57.4600988, -20.3347915 ], [ 57.4602405, -20.3349649 ], [ 57.4602714, -20.3351324 ], [ 57.4602159, -20.3352884 ], [ 57.4600865, -20.3355196 ], [ 57.4598462, -20.3358489 ], [ 57.4596983, -20.3361147 ], [ 57.4595689, -20.3364036 ], [ 57.4595997, -20.3366925 ], [ 57.4597907, -20.3368543 ], [ 57.4601173, -20.3371374 ], [ 57.4603022, -20.3374205 ], [ 57.4604747, -20.3377499 ], [ 57.4607273, -20.3380388 ], [ 57.4611973, -20.3383059 ], [ 57.4614096, -20.3383258 ], [ 57.4615937, -20.3382528 ], [ 57.4617069, -20.3380802 ], [ 57.4617919, -20.3378678 ], [ 57.4619547, -20.3375758 ], [ 57.4623086, -20.3373169 ], [ 57.4626908, -20.3371709 ], [ 57.4632642, -20.3370581 ], [ 57.4636535, -20.3369785 ], [ 57.4640145, -20.3369984 ], [ 57.4643897, -20.3370448 ], [ 57.464786, -20.337078 ], [ 57.4651683, -20.3371643 ], [ 57.4656213, -20.3372904 ], [ 57.4661026, -20.3373568 ], [ 57.4665273, -20.3375028 ], [ 57.4668742, -20.3376886 ], [ 57.4672918, -20.3380404 ], [ 57.4675395, -20.3383988 ], [ 57.4676528, -20.3387572 ], [ 57.4678439, -20.3391554 ], [ 57.4681483, -20.3395868 ], [ 57.4684739, -20.3398191 ], [ 57.4688066, -20.3400382 ], [ 57.4691039, -20.3401908 ], [ 57.4693091, -20.3403235 ], [ 57.4694295, -20.3404762 ], [ 57.4695215, -20.3407417 ], [ 57.4695923, -20.3411133 ], [ 57.4696984, -20.3415315 ], [ 57.4698613, -20.3421222 ], [ 57.4699391, -20.3426398 ], [ 57.4700241, -20.3433301 ], [ 57.4702718, -20.3441 ], [ 57.4702576, -20.344757 ], [ 57.4701939, -20.3459118 ], [ 57.469748, -20.3468874 ], [ 57.4691039, -20.347571 ], [ 57.4685871, -20.3483873 ], [ 57.4679147, -20.3488917 ], [ 57.4668317, -20.3496748 ], [ 57.4657983, -20.3506504 ], [ 57.4648568, -20.3515065 ], [ 57.4643194, -20.3516643 ], [ 57.4637404, -20.3515549 ], [ 57.4633808, -20.3514892 ], [ 57.4632734, -20.351371 ], [ 57.463222, -20.3511915 ], [ 57.4632453, -20.3509506 ], [ 57.4633294, -20.350504 ], [ 57.4635302, -20.3498122 ], [ 57.4636656, -20.3492124 ], [ 57.4637217, -20.3486607 ], [ 57.4635819, -20.3476979 ], [ 57.4634315, -20.3473624 ], [ 57.4632445, -20.3470575 ], [ 57.463029, -20.346844 ], [ 57.4627973, -20.3467373 ], [ 57.4625412, -20.3467068 ], [ 57.4622566, -20.3467411 ], [ 57.4620371, -20.3468174 ], [ 57.4617606, -20.3469546 ], [ 57.4614272, -20.3470994 ], [ 57.4603946, -20.3474196 ], [ 57.4597157, -20.3474882 ], [ 57.4591059, -20.3475225 ], [ 57.4584188, -20.3475073 ], [ 57.4579757, -20.3474234 ], [ 57.4575407, -20.3472976 ], [ 57.4571707, -20.3471147 ], [ 57.4569512, -20.3467792 ], [ 57.4568251, -20.3463942 ], [ 57.4564023, -20.3451554 ], [ 57.4561747, -20.3449114 ], [ 57.4558291, -20.3447933 ], [ 57.4553046, -20.3449191 ], [ 57.4548249, -20.3450067 ], [ 57.4543208, -20.3451401 ], [ 57.453898, -20.3452698 ], [ 57.4533817, -20.345426 ], [ 57.4531337, -20.3454222 ], [ 57.4522206, -20.3452206 ], [ 57.4503525, -20.3444461 ], [ 57.4502026, -20.3444185 ], [ 57.4500924, -20.3444249 ], [ 57.449971, -20.3444592 ], [ 57.4498454, -20.3445334 ], [ 57.4492747, -20.3451098 ], [ 57.4484593, -20.3456882 ], [ 57.4480516, -20.3459598 ], [ 57.4476707, -20.3462013 ], [ 57.4472523, -20.3463874 ], [ 57.4468875, -20.3465282 ], [ 57.4465656, -20.3466036 ], [ 57.4462759, -20.3467998 ], [ 57.4459863, -20.3470563 ], [ 57.445702, -20.347348 ], [ 57.4453747, -20.3476096 ], [ 57.4448758, -20.347846 ], [ 57.4444038, -20.3481125 ], [ 57.4441892, -20.3483137 ], [ 57.4440873, -20.3484596 ], [ 57.4440765, -20.3486608 ], [ 57.4441141, -20.3488469 ], [ 57.4442643, -20.3490682 ], [ 57.4452621, -20.3498427 ], [ 57.4453372, -20.350054 ], [ 57.4453372, -20.350235 ], [ 57.4452352, -20.3503859 ], [ 57.4451011, -20.350562 ], [ 57.4448866, -20.350743 ], [ 57.444731, -20.3510699 ], [ 57.4446452, -20.3514421 ], [ 57.4444842, -20.35193 ], [ 57.4443018, -20.3522871 ], [ 57.443921, -20.3526643 ], [ 57.4435025, -20.3530667 ], [ 57.4431002, -20.3534037 ], [ 57.4427676, -20.3536853 ], [ 57.4424297, -20.353967 ], [ 57.4420823, -20.3542155 ], [ 57.4416196, -20.3543542 ], [ 57.4411422, -20.3543995 ], [ 57.4406594, -20.35449 ], [ 57.4402785, -20.3546258 ], [ 57.4400103, -20.354832 ], [ 57.439844, -20.3550583 ], [ 57.4397957, -20.3553953 ], [ 57.4398494, -20.3556895 ], [ 57.440013, -20.3560039 ], [ 57.4402007, -20.3562805 ], [ 57.4415284, -20.35748 ], [ 57.4419147, -20.3579754 ], [ 57.4422285, -20.3586594 ], [ 57.4423331, -20.3592302 ], [ 57.44225, -20.3596828 ], [ 57.442089, -20.3600274 ], [ 57.441963, -20.3601506 ], [ 57.441802, -20.360314 ], [ 57.4416465, -20.3605605 ], [ 57.4414265, -20.3612947 ], [ 57.4409223, -20.3627406 ], [ 57.4408219, -20.362959 ], [ 57.4407124, -20.3630868 ], [ 57.4405992, -20.3631864 ], [ 57.4403302, -20.3633125 ], [ 57.4400471, -20.3633788 ], [ 57.4397144, -20.3634253 ], [ 57.4393251, -20.3635314 ], [ 57.4389853, -20.363704 ], [ 57.4386526, -20.3639163 ], [ 57.4384332, -20.364142 ], [ 57.4382421, -20.364341 ], [ 57.438143, -20.3645998 ], [ 57.4381713, -20.364925 ], [ 57.4383624, -20.3652037 ], [ 57.4386597, -20.3653298 ], [ 57.439049, -20.3654758 ], [ 57.4393675, -20.3656749 ], [ 57.4396861, -20.3659602 ], [ 57.4399692, -20.3662721 ], [ 57.4401674, -20.3665973 ], [ 57.4402382, -20.3672144 ], [ 57.4401816, -20.3677917 ], [ 57.4401037, -20.3681633 ], [ 57.4398206, -20.3685946 ], [ 57.4395303, -20.3689463 ], [ 57.4390986, -20.3692649 ], [ 57.4388154, -20.3697095 ], [ 57.4385677, -20.3706451 ], [ 57.4383412, -20.3709105 ], [ 57.4381076, -20.3710034 ], [ 57.4378032, -20.3711229 ], [ 57.4375696, -20.371302 ], [ 57.4374493, -20.3715807 ], [ 57.4375413, -20.3717864 ], [ 57.4377678, -20.3720519 ], [ 57.4381854, -20.3723239 ], [ 57.4386809, -20.3725761 ], [ 57.4391693, -20.3727751 ], [ 57.4394949, -20.3729012 ], [ 57.4399338, -20.3731003 ], [ 57.4403444, -20.3733524 ], [ 57.4407124, -20.3737041 ], [ 57.4408682, -20.3739364 ], [ 57.4409743, -20.3743942 ], [ 57.4410734, -20.3747393 ], [ 57.4414344, -20.3752237 ], [ 57.4416468, -20.3756682 ], [ 57.4419087, -20.3762654 ], [ 57.4423617, -20.377493 ], [ 57.4426094, -20.3781234 ], [ 57.4429563, -20.3787537 ], [ 57.4433739, -20.3792447 ], [ 57.4437986, -20.3796561 ], [ 57.4444852, -20.3801405 ], [ 57.4449665, -20.380532 ], [ 57.4456602, -20.38095 ], [ 57.4465314, -20.3813738 ], [ 57.4467509, -20.3814657 ], [ 57.4474234, -20.3816321 ], [ 57.4477316, -20.3817109 ], [ 57.4484555, -20.3819123 ], [ 57.4489365, -20.3820961 ], [ 57.4494502, -20.3823544 ], [ 57.4499359, -20.3826302 ], [ 57.4502067, -20.3829366 ], [ 57.4504589, -20.3832431 ], [ 57.4506971, -20.383637 ], [ 57.4508372, -20.3838997 ], [ 57.4509072, -20.3842762 ], [ 57.4509306, -20.3846439 ], [ 57.4509399, -20.3848452 ], [ 57.4508652, -20.3851342 ], [ 57.4507344, -20.3853968 ], [ 57.4504309, -20.3857295 ], [ 57.450104, -20.3860885 ], [ 57.4499452, -20.3863248 ], [ 57.4498238, -20.3865437 ], [ 57.4498191, -20.386837 ], [ 57.4497397, -20.387104 ], [ 57.4496043, -20.3873273 ], [ 57.4494735, -20.3876206 ], [ 57.4494035, -20.3878044 ], [ 57.4492774, -20.3879751 ], [ 57.449254, -20.3882159 ], [ 57.4492914, -20.3883866 ], [ 57.4492914, -20.3887062 ], [ 57.4492354, -20.3889951 ], [ 57.449198, -20.3891133 ], [ 57.4492027, -20.3893409 ], [ 57.449226, -20.3894591 ], [ 57.4492354, -20.3897086 ], [ 57.4493054, -20.3900063 ], [ 57.4493101, -20.3902033 ], [ 57.449254, -20.3904265 ], [ 57.4491373, -20.3905578 ], [ 57.4490439, -20.390606 ], [ 57.4489178, -20.3907417 ], [ 57.448731, -20.3910393 ], [ 57.4485395, -20.3913939 ], [ 57.4483107, -20.3916171 ], [ 57.4479278, -20.3920724 ], [ 57.4477316, -20.3922212 ], [ 57.4475412, -20.3922982 ], [ 57.4474141, -20.3923482 ], [ 57.4444393, -20.3911619 ], [ 57.4440283, -20.3911269 ], [ 57.4433745, -20.3912144 ], [ 57.4429729, -20.3913632 ], [ 57.442674, -20.3916434 ], [ 57.4424405, -20.3919148 ], [ 57.4421043, -20.3921687 ], [ 57.4415625, -20.392335 ], [ 57.4408901, -20.3923788 ], [ 57.4403764, -20.3923788 ], [ 57.4399, -20.3922562 ], [ 57.4392929, -20.3920286 ], [ 57.4387419, -20.3918623 ], [ 57.4383496, -20.3918623 ], [ 57.437948, -20.3921249 ], [ 57.4377238, -20.3924051 ], [ 57.4376117, -20.3927202 ], [ 57.437537, -20.3931317 ], [ 57.4374343, -20.3935694 ], [ 57.4372942, -20.3938933 ], [ 57.4370607, -20.3942698 ], [ 57.4371099, -20.3947417 ], [ 57.4372755, -20.3948213 ], [ 57.4376397, -20.3948126 ], [ 57.4378686, -20.3947469 ], [ 57.4380694, -20.3947031 ], [ 57.4384103, -20.3947644 ], [ 57.4388586, -20.3948563 ], [ 57.4392462, -20.3949308 ], [ 57.4396152, -20.3948957 ], [ 57.4399374, -20.3948432 ], [ 57.4402316, -20.3948213 ], [ 57.4405071, -20.3948651 ], [ 57.4409648, -20.3948651 ], [ 57.4412263, -20.3948651 ], [ 57.4415719, -20.3949395 ], [ 57.4418568, -20.3950796 ], [ 57.4421463, -20.3952984 ], [ 57.4424031, -20.3954735 ], [ 57.4427441, -20.3956267 ], [ 57.443085, -20.3957668 ], [ 57.443579, -20.3958668 ], [ 57.4440484, -20.3960265 ], [ 57.445136, -20.3965582 ], [ 57.4456993, -20.3968473 ], [ 57.4460131, -20.3971125 ], [ 57.4462046, -20.3972223 ], [ 57.4463873, -20.3973602 ], [ 57.44663, -20.3974972 ], [ 57.4468271, -20.3976744 ], [ 57.4469666, -20.3977109 ], [ 57.4472657, -20.3977436 ], [ 57.4475808, -20.3977712 ], [ 57.448132, -20.3978542 ], [ 57.4485867, -20.3980277 ], [ 57.4486336, -20.3980993 ], [ 57.4486564, -20.3982011 ], [ 57.4486779, -20.3983369 ], [ 57.4486913, -20.3984487 ], [ 57.4486752, -20.398577 ], [ 57.4486899, -20.3986562 ], [ 57.4487959, -20.3987089 ], [ 57.4489582, -20.3987831 ], [ 57.4490333, -20.3988548 ], [ 57.4491298, -20.3989905 ], [ 57.4493135, -20.3991652 ], [ 57.4493819, -20.3992935 ], [ 57.4494423, -20.3994845 ], [ 57.4495576, -20.3995763 ], [ 57.4498607, -20.3996643 ], [ 57.4500941, -20.399712 ], [ 57.450247, -20.3997824 ], [ 57.4504186, -20.3999873 ], [ 57.4505325, -20.4000765 ], [ 57.450951, -20.4002412 ], [ 57.4513936, -20.4004273 ], [ 57.4516055, -20.4005014 ], [ 57.4517558, -20.4005225 ], [ 57.4522144, -20.400734 ], [ 57.4527723, -20.4010558 ], [ 57.4532872, -20.4013222 ], [ 57.4540544, -20.4015988 ], [ 57.4546176, -20.4017094 ], [ 57.455079, -20.4017446 ], [ 57.4555188, -20.4017597 ], [ 57.4559158, -20.4017747 ], [ 57.4563235, -20.4017647 ], [ 57.4566829, -20.4017295 ], [ 57.4570584, -20.4017194 ], [ 57.4574017, -20.4017546 ], [ 57.4580187, -20.4019206 ], [ 57.4584639, -20.4019909 ], [ 57.4588072, -20.4019909 ], [ 57.4591291, -20.4019558 ], [ 57.459467, -20.4018954 ], [ 57.4596737, -20.4018034 ], [ 57.459795, -20.4018313 ], [ 57.4598801, -20.4018326 ], [ 57.4602261, -20.4018288 ], [ 57.4603951, -20.4018753 ], [ 57.4606083, -20.4019947 ], [ 57.4607585, -20.4020261 ], [ 57.4609342, -20.4020261 ], [ 57.4611031, -20.4019527 ], [ 57.4612789, -20.4018275 ], [ 57.4614157, -20.4017421 ], [ 57.4615458, -20.401727 ], [ 57.4617617, -20.4017697 ], [ 57.4621868, -20.4021368 ], [ 57.462573, -20.4025088 ], [ 57.4630558, -20.4031423 ], [ 57.4633777, -20.4037457 ], [ 57.4636781, -20.4044496 ], [ 57.4636674, -20.4049021 ], [ 57.4634635, -20.4052942 ], [ 57.4632275, -20.4057065 ], [ 57.4631095, -20.4062294 ], [ 57.4631309, -20.4067825 ], [ 57.4631739, -20.4075567 ], [ 57.4632597, -20.4079388 ], [ 57.4635064, -20.4081802 ], [ 57.463839, -20.4083712 ], [ 57.4640965, -20.4086528 ], [ 57.464354, -20.4090852 ], [ 57.4647939, -20.4104024 ], [ 57.4649012, -20.4112772 ], [ 57.465105, -20.4116694 ], [ 57.4653625, -20.4120213 ], [ 57.4658883, -20.4120515 ], [ 57.4662745, -20.4123431 ], [ 57.4668324, -20.4128056 ], [ 57.4675298, -20.4134089 ], [ 57.4680769, -20.4142234 ], [ 57.468313, -20.4147261 ], [ 57.4683666, -20.4151786 ], [ 57.4682808, -20.41544 ], [ 57.467916, -20.4155707 ], [ 57.4674868, -20.4156009 ], [ 57.4670255, -20.4155908 ], [ 57.4665534, -20.4154501 ], [ 57.466135, -20.4153897 ], [ 57.4658131, -20.4154098 ], [ 57.465502, -20.4156813 ], [ 57.4654376, -20.4159126 ], [ 57.4654913, -20.416355 ], [ 57.465738, -20.4165259 ], [ 57.4657917, -20.4167974 ], [ 57.4657166, -20.4171192 ], [ 57.465502, -20.4173907 ], [ 57.4652231, -20.4177727 ], [ 57.4649763, -20.4178632 ], [ 57.4647188, -20.4180543 ], [ 57.4645579, -20.4183358 ], [ 57.4644291, -20.4186978 ], [ 57.4640107, -20.4194117 ], [ 57.4634743, -20.4201456 ], [ 57.4631309, -20.4204272 ], [ 57.4627447, -20.4206685 ], [ 57.4621363, -20.4211589 ], [ 57.4614638, -20.4219031 ], [ 57.4611223, -20.4220555 ], [ 57.4607646, -20.4222231 ], [ 57.4601954, -20.422345 ], [ 57.4599352, -20.4223983 ], [ 57.4595043, -20.4223298 ], [ 57.4592847, -20.422185 ], [ 57.4590815, -20.4220707 ], [ 57.4587969, -20.4216135 ], [ 57.4586749, -20.4209277 ], [ 57.4585855, -20.4204553 ], [ 57.458553, -20.4184893 ], [ 57.4586505, -20.4182836 ], [ 57.4588863, -20.4180016 ], [ 57.4589758, -20.4178645 ], [ 57.4590408, -20.4176968 ], [ 57.4587969, -20.4174911 ], [ 57.4581789, -20.417392 ], [ 57.4575203, -20.4171786 ], [ 57.4555364, -20.4172091 ], [ 57.4553087, -20.4171558 ], [ 57.4548209, -20.4169577 ], [ 57.4542354, -20.4166452 ], [ 57.4537069, -20.416188 ], [ 57.4533085, -20.4159899 ], [ 57.4510969, -20.4140277 ], [ 57.450918, -20.4139667 ], [ 57.4504627, -20.4139401 ], [ 57.4499667, -20.4139515 ], [ 57.4497919, -20.4140391 ], [ 57.4495357, -20.414062 ], [ 57.4491902, -20.4141839 ], [ 57.4488324, -20.414283 ], [ 57.4484259, -20.4143554 ], [ 57.4477185, -20.414363 ], [ 57.4472957, -20.4144506 ], [ 57.4468241, -20.4144887 ], [ 57.4466859, -20.4146259 ], [ 57.4462265, -20.4148431 ], [ 57.4453686, -20.415186 ], [ 57.4451328, -20.4153003 ], [ 57.4448239, -20.4153612 ], [ 57.4446491, -20.4154413 ], [ 57.4442466, -20.4154336 ], [ 57.4437709, -20.4154717 ], [ 57.4433196, -20.4155975 ], [ 57.4428968, -20.4157994 ], [ 57.4426163, -20.416028 ], [ 57.4425147, -20.4162414 ], [ 57.4423927, -20.4164471 ], [ 57.4421651, -20.4166148 ], [ 57.4417422, -20.4168167 ], [ 57.4415024, -20.4169005 ], [ 57.4411812, -20.4168853 ], [ 57.4408763, -20.4168243 ], [ 57.4404291, -20.4168319 ], [ 57.4400876, -20.41695 ], [ 57.4399168, -20.4170605 ], [ 57.4396404, -20.4172129 ], [ 57.4394696, -20.4172434 ], [ 57.4392379, -20.4172168 ], [ 57.4389737, -20.4170567 ], [ 57.4385752, -20.4168243 ], [ 57.4383557, -20.41671 ], [ 57.4382053, -20.4165195 ], [ 57.4381158, -20.4164204 ], [ 57.4378597, -20.4163862 ], [ 57.4375792, -20.4162909 ], [ 57.437193, -20.4162757 ], [ 57.4369531, -20.4163214 ], [ 57.4368637, -20.4164738 ], [ 57.4367133, -20.4166567 ], [ 57.4365384, -20.4169996 ], [ 57.4364571, -20.4172129 ], [ 57.4362335, -20.4175254 ], [ 57.4360628, -20.4179216 ], [ 57.4359611, -20.418135 ], [ 57.4358514, -20.4181274 ], [ 57.4357823, -20.4179864 ], [ 57.4357335, -20.4178911 ], [ 57.4355546, -20.4177997 ], [ 57.435396, -20.4178035 ], [ 57.4352334, -20.4178873 ], [ 57.4351115, -20.418154 ], [ 57.4350342, -20.4183826 ], [ 57.4347374, -20.4189237 ], [ 57.4345138, -20.4192894 ], [ 57.4342008, -20.4196437 ], [ 57.4339772, -20.4200019 ], [ 57.4336926, -20.4204705 ], [ 57.4333145, -20.4210687 ], [ 57.4329044, -20.4214809 ], [ 57.4325962, -20.4215334 ], [ 57.4323113, -20.4218047 ], [ 57.4319844, -20.4218135 ], [ 57.4316061, -20.4220585 ], [ 57.4299903, -20.4224787 ], [ 57.4276366, -20.4224787 ], [ 57.4271976, -20.4223955 ], [ 57.4263897, -20.4221811 ], [ 57.4259087, -20.4220148 ], [ 57.4254324, -20.4218353 ], [ 57.4250308, -20.4217872 ], [ 57.4247272, -20.4217785 ], [ 57.4244563, -20.421796 ], [ 57.4241621, -20.4218091 ], [ 57.4238539, -20.4217916 ], [ 57.4236484, -20.4217128 ], [ 57.4234289, -20.4215946 ], [ 57.4232375, -20.4214633 ], [ 57.4229666, -20.4214065 ], [ 57.4226958, -20.4214021 ], [ 57.4224296, -20.4214196 ], [ 57.4223081, -20.4215202 ], [ 57.4221213, -20.4215553 ], [ 57.4218738, -20.4215421 ], [ 57.4217384, -20.4215684 ], [ 57.4216403, -20.4216384 ], [ 57.4215329, -20.4216472 ], [ 57.4213975, -20.4216559 ], [ 57.421206, -20.4217391 ], [ 57.4204891, -20.421657 ], [ 57.420662, -20.4250627 ], [ 57.4194163, -20.4263844 ], [ 57.4182254, -20.4279277 ], [ 57.4181771, -20.4280685 ], [ 57.4182308, -20.4281841 ], [ 57.4183595, -20.4283048 ], [ 57.4183917, -20.4284556 ], [ 57.4182898, -20.4286567 ], [ 57.4181825, -20.4286818 ], [ 57.4179143, -20.4286768 ], [ 57.4176836, -20.4286114 ], [ 57.4174261, -20.4284606 ], [ 57.4171579, -20.4284556 ], [ 57.4168843, -20.4286064 ], [ 57.4166483, -20.4287421 ], [ 57.4163049, -20.428898 ], [ 57.4161494, -20.4289281 ], [ 57.4161333, -20.4290337 ], [ 57.4161011, -20.4291493 ], [ 57.415967, -20.4292901 ], [ 57.415806, -20.4293504 ], [ 57.415688, -20.429285 ], [ 57.4153447, -20.4292448 ], [ 57.4151301, -20.4293655 ], [ 57.4150175, -20.4295113 ], [ 57.4148887, -20.4297023 ], [ 57.4148834, -20.4298028 ], [ 57.4147922, -20.4298833 ], [ 57.4145669, -20.4298732 ], [ 57.4144703, -20.4297525 ], [ 57.4142879, -20.4296118 ], [ 57.4141163, -20.4295867 ], [ 57.4140787, -20.4296872 ], [ 57.4139661, -20.4298129 ], [ 57.4137139, -20.429843 ], [ 57.4135852, -20.4299989 ], [ 57.4134135, -20.4302552 ], [ 57.413376, -20.4304211 ], [ 57.4134135, -20.4305569 ], [ 57.4135315, -20.4307831 ], [ 57.4135691, -20.4309791 ], [ 57.413494, -20.4311953 ], [ 57.4133813, -20.4313612 ], [ 57.4133706, -20.4315271 ], [ 57.4132955, -20.4317181 ], [ 57.4132311, -20.431889 ], [ 57.4132311, -20.4321152 ], [ 57.4131882, -20.4322509 ], [ 57.4129575, -20.4322359 ], [ 57.4126893, -20.4321353 ], [ 57.4120724, -20.4319393 ], [ 57.4117291, -20.4318739 ], [ 57.4116057, -20.4319644 ], [ 57.4115735, -20.4321353 ], [ 57.4114823, -20.4322308 ], [ 57.4113375, -20.4322861 ], [ 57.4110478, -20.4322057 ], [ 57.4107313, -20.4321605 ], [ 57.4104845, -20.4322409 ], [ 57.4103665, -20.4323565 ], [ 57.4103236, -20.4325878 ], [ 57.4103504, -20.432829 ], [ 57.4102163, -20.4330754 ], [ 57.4100071, -20.4331759 ], [ 57.4096423, -20.4333619 ], [ 57.409417, -20.4334524 ], [ 57.4093795, -20.4335529 ], [ 57.4094438, -20.4336886 ], [ 57.4095726, -20.4338043 ], [ 57.4096209, -20.43395 ], [ 57.409535, -20.4341964 ], [ 57.4093419, -20.4344125 ], [ 57.4090362, -20.4345784 ], [ 57.4088913, -20.4345985 ], [ 57.4087411, -20.4346689 ], [ 57.4087089, -20.4347945 ], [ 57.4088055, -20.4349152 ], [ 57.4089342, -20.4350409 ], [ 57.409122, -20.435247 ], [ 57.4091273, -20.4354128 ], [ 57.4090683, -20.4355938 ], [ 57.4087948, -20.4358753 ], [ 57.4084729, -20.4364031 ], [ 57.4082798, -20.4366846 ], [ 57.4081886, -20.4368958 ], [ 57.4081564, -20.4370968 ], [ 57.408151, -20.4372778 ], [ 57.4080598, -20.4374336 ], [ 57.4079311, -20.4375643 ], [ 57.407856, -20.4376598 ], [ 57.4078453, -20.4379011 ], [ 57.4078506, -20.4380971 ], [ 57.4078077, -20.4382329 ], [ 57.407695, -20.4383233 ], [ 57.4074483, -20.4383485 ], [ 57.4071908, -20.4383887 ], [ 57.406944, -20.4385194 ], [ 57.4062467, -20.4387959 ], [ 57.4060267, -20.4388763 ], [ 57.4058175, -20.4389165 ], [ 57.4056351, -20.4389869 ], [ 57.4055117, -20.4391176 ], [ 57.4054044, -20.4392985 ], [ 57.4052542, -20.4397007 ], [ 57.4051577, -20.4398414 ], [ 57.4050021, -20.4399218 ], [ 57.4048412, -20.4399068 ], [ 57.40475, -20.4398112 ], [ 57.4046802, -20.4396554 ], [ 57.4045676, -20.4395901 ], [ 57.4043798, -20.4396202 ], [ 57.4041438, -20.4397007 ], [ 57.4038488, -20.4398967 ], [ 57.4033552, -20.440133 ], [ 57.4028724, -20.4402536 ], [ 57.4025345, -20.4403089 ], [ 57.4021321, -20.4402938 ], [ 57.4019712, -20.440329 ], [ 57.4019337, -20.4404798 ], [ 57.4019819, -20.4406356 ], [ 57.4021482, -20.4408216 ], [ 57.4023414, -20.4410327 ], [ 57.402395, -20.4411936 ], [ 57.4023682, -20.4414449 ], [ 57.4022341, -20.4416409 ], [ 57.402057, -20.441847 ], [ 57.4018907, -20.4419275 ], [ 57.4017084, -20.4419576 ], [ 57.4015421, -20.4421537 ], [ 57.4015206, -20.4422994 ], [ 57.4015742, -20.4424703 ], [ 57.4016118, -20.4426111 ], [ 57.4015742, -20.4431741 ], [ 57.4014723, -20.4436767 ], [ 57.4013007, -20.4439934 ], [ 57.4011075, -20.4443653 ], [ 57.4008501, -20.444672 ], [ 57.4005926, -20.4449032 ], [ 57.4003082, -20.4449736 ], [ 57.4000132, -20.4449032 ], [ 57.3998684, -20.4447725 ], [ 57.3996645, -20.444496 ], [ 57.3994392, -20.4444257 ], [ 57.3992193, -20.4444206 ], [ 57.3990315, -20.444481 ], [ 57.3985594, -20.4445161 ], [ 57.3981786, -20.444496 ], [ 57.3978245, -20.4444206 ], [ 57.3976099, -20.4444106 ], [ 57.3974115, -20.4445111 ], [ 57.3971969, -20.4447524 ], [ 57.397095, -20.4448077 ], [ 57.3969018, -20.4448429 ], [ 57.3966122, -20.4448278 ], [ 57.3962474, -20.4447474 ], [ 57.3960972, -20.4445815 ], [ 57.395829, -20.4444407 ], [ 57.3956305, -20.4444005 ], [ 57.3952657, -20.4443955 ], [ 57.3949331, -20.4443754 ], [ 57.3945951, -20.4443503 ], [ 57.3942894, -20.4442246 ], [ 57.3941231, -20.4439632 ], [ 57.3940104, -20.443551 ], [ 57.3939729, -20.4431539 ], [ 57.3939192, -20.4430333 ], [ 57.3937583, -20.4429227 ], [ 57.3935062, -20.4429076 ], [ 57.3928571, -20.4430886 ], [ 57.3922248, -20.443203 ], [ 57.3920541, -20.4432335 ], [ 57.3918061, -20.4432678 ], [ 57.3914524, -20.443264 ], [ 57.3913223, -20.4431763 ], [ 57.3912735, -20.4430582 ], [ 57.3912613, -20.4429173 ], [ 57.3912898, -20.4427421 ], [ 57.3912857, -20.4425516 ], [ 57.3912207, -20.4423192 ], [ 57.3911637, -20.4420411 ], [ 57.3910434, -20.4417404 ], [ 57.3909187, -20.4414445 ], [ 57.39084, -20.441274 ], [ 57.3906791, -20.4411684 ], [ 57.3904806, -20.4411232 ], [ 57.3902178, -20.4411735 ], [ 57.3900944, -20.4412137 ], [ 57.3899388, -20.4413243 ], [ 57.3897725, -20.4414499 ], [ 57.3895901, -20.4415253 ], [ 57.3893434, -20.4415706 ], [ 57.3891878, -20.4415756 ], [ 57.3890752, -20.4415002 ], [ 57.3890001, -20.4413695 ], [ 57.3889142, -20.4411886 ], [ 57.3888177, -20.4411182 ], [ 57.3886836, -20.4411132 ], [ 57.3886085, -20.4411634 ], [ 57.3885709, -20.4412539 ], [ 57.3885764, -20.4414863 ], [ 57.3887137, -20.4431189 ], [ 57.3884648, -20.4433683 ], [ 57.3874349, -20.443891 ], [ 57.3872031, -20.4437382 ], [ 57.38704, -20.4432557 ], [ 57.3865251, -20.4431029 ], [ 57.3859833, -20.4430526 ], [ 57.385599, -20.4431439 ], [ 57.3854113, -20.4433198 ], [ 57.3852132, -20.4436603 ], [ 57.3850421, -20.4439984 ], [ 57.384694, -20.4443768 ], [ 57.3845029, -20.4446189 ], [ 57.3843543, -20.4449239 ], [ 57.3843224, -20.4451428 ], [ 57.3843543, -20.4452315 ], [ 57.3844447, -20.4453162 ], [ 57.3845897, -20.445435 ], [ 57.3846316, -20.4456039 ], [ 57.384684, -20.4457944 ], [ 57.3847086, -20.4460196 ], [ 57.3847025, -20.4462217 ], [ 57.3846254, -20.4463372 ], [ 57.3841263, -20.4466605 ], [ 57.3827142, -20.447494 ], [ 57.3819074, -20.4473653 ], [ 57.3803968, -20.4468265 ], [ 57.3801564, -20.4468587 ], [ 57.3796071, -20.4474377 ], [ 57.3792123, -20.4481535 ], [ 57.3783626, -20.449215 ], [ 57.3776158, -20.4496091 ], [ 57.376809, -20.4494885 ], [ 57.3762168, -20.4497941 ], [ 57.3761224, -20.4503249 ], [ 57.3764915, -20.4509361 ], [ 57.3767575, -20.4515392 ], [ 57.3770665, -20.4525606 ], [ 57.3769464, -20.4534291 ], [ 57.3764056, -20.4543137 ], [ 57.375719, -20.4550536 ], [ 57.375204, -20.4557693 ], [ 57.3749808, -20.4566619 ], [ 57.3751782, -20.4570962 ], [ 57.3769721, -20.4572892 ], [ 57.3776073, -20.4571686 ], [ 57.3782338, -20.4568791 ], [ 57.3786372, -20.4569756 ], [ 57.3789376, -20.4574581 ], [ 57.378972, -20.4579325 ], [ 57.3786372, -20.4588654 ], [ 57.3781909, -20.459565 ], [ 57.3783454, -20.460345 ], [ 57.3787746, -20.4610848 ], [ 57.3795213, -20.462267 ], [ 57.3801221, -20.4628861 ], [ 57.37965, -20.4634651 ], [ 57.3785771, -20.4642934 ], [ 57.377942, -20.4643416 ], [ 57.3775729, -20.4645588 ], [ 57.3775128, -20.4651297 ], [ 57.3780965, -20.4658856 ], [ 57.3792724, -20.4666254 ], [ 57.3797788, -20.4673169 ], [ 57.380371, -20.4682417 ], [ 57.3810491, -20.4690377 ], [ 57.381667, -20.4695041 ], [ 57.381976, -20.4691905 ], [ 57.382594, -20.4689493 ], [ 57.3834008, -20.4690297 ], [ 57.3842935, -20.4695041 ], [ 57.3851518, -20.4701555 ], [ 57.3853492, -20.4713857 ], [ 57.3848514, -20.4721094 ], [ 57.3837613, -20.4723748 ], [ 57.3832978, -20.4727205 ], [ 57.3828515, -20.4735327 ], [ 57.382388, -20.4750122 ], [ 57.3812293, -20.4760093 ], [ 57.3806027, -20.4763952 ], [ 57.3804716, -20.4765166 ], [ 57.380439, -20.4766689 ], [ 57.3804065, -20.4769165 ], [ 57.3804146, -20.4771069 ], [ 57.3804634, -20.4773202 ], [ 57.380496, -20.4776554 ], [ 57.3805163, -20.4779448 ], [ 57.3804187, -20.4782653 ], [ 57.380355, -20.4786002 ], [ 57.3802382, -20.4789781 ], [ 57.3800736, -20.4793246 ], [ 57.3799823, -20.479444 ], [ 57.3796465, -20.4794728 ], [ 57.3793692, -20.4794642 ], [ 57.379095, -20.4794555 ], [ 57.3787668, -20.4794122 ], [ 57.3785357, -20.4793083 ], [ 57.3782554, -20.4792203 ], [ 57.3780474, -20.4791611 ], [ 57.3777439, -20.4789793 ], [ 57.3774096, -20.4787411 ], [ 57.3767503, -20.4781294 ], [ 57.376154, -20.4775259 ], [ 57.375908, -20.4773452 ], [ 57.3756479, -20.4772136 ], [ 57.3753633, -20.4771203 ], [ 57.3750889, -20.477046 ], [ 57.3745583, -20.4769184 ], [ 57.3743083, -20.4768822 ], [ 57.374103, -20.4768784 ], [ 57.3739912, -20.4769355 ], [ 57.373914, -20.4770555 ], [ 57.3738652, -20.4771926 ], [ 57.3738266, -20.4773792 ], [ 57.3737046, -20.4777353 ], [ 57.37367, -20.4779543 ], [ 57.3736676, -20.4782607 ], [ 57.3736578, -20.4784399 ], [ 57.3735429, -20.4790368 ], [ 57.3733964, -20.4796203 ], [ 57.3735306, -20.4797009 ], [ 57.3736619, -20.4797781 ], [ 57.3738391, -20.4799141 ], [ 57.3739486, -20.4800775 ], [ 57.3740536, -20.4803471 ], [ 57.3740697, -20.4804191 ], [ 57.3740548, -20.4805018 ], [ 57.3740118, -20.4806538 ], [ 57.3738919, -20.4810175 ], [ 57.3737918, -20.4813705 ], [ 57.373611, -20.4816095 ], [ 57.3733151, -20.4818775 ], [ 57.3730657, -20.4821018 ], [ 57.3729685, -20.4822443 ], [ 57.3729034, -20.4824295 ], [ 57.3728937, -20.4826405 ], [ 57.3729777, -20.4830768 ], [ 57.3731034, -20.4834129 ], [ 57.3731652, -20.4836424 ], [ 57.3731764, -20.4839138 ], [ 57.3731359, -20.4843448 ], [ 57.3730867, -20.484778 ], [ 57.3730128, -20.4850783 ], [ 57.3729234, -20.4852654 ], [ 57.3728826, -20.4854162 ], [ 57.3728875, -20.4855062 ], [ 57.3729251, -20.485586 ], [ 57.3729533, -20.4856942 ], [ 57.3729376, -20.4857482 ], [ 57.3728916, -20.4857859 ], [ 57.37277, -20.4858301 ], [ 57.372649, -20.4858453 ], [ 57.3724689, -20.4859312 ], [ 57.3720613, -20.4856269 ], [ 57.3719212, -20.4856116 ], [ 57.3717905, -20.4855437 ], [ 57.3716824, -20.4854642 ], [ 57.371578, -20.4853709 ], [ 57.3714682, -20.485266 ], [ 57.3713468, -20.4851828 ], [ 57.371202, -20.4851107 ], [ 57.3710316, -20.4850866 ], [ 57.3708401, -20.4851041 ], [ 57.3706028, -20.4851791 ], [ 57.3704705, -20.4852292 ], [ 57.3703252, -20.4854429 ], [ 57.3701897, -20.4856678 ], [ 57.3699024, -20.4861393 ], [ 57.3697901, -20.4863336 ], [ 57.369668, -20.486522 ], [ 57.3695581, -20.4867243 ], [ 57.3694269, -20.4868835 ], [ 57.3690548, -20.4871342 ], [ 57.3686407, -20.4874467 ], [ 57.3684302, -20.4876338 ], [ 57.3682317, -20.4877281 ], [ 57.3680104, -20.4877997 ], [ 57.3679809, -20.4878864 ], [ 57.3679554, -20.4879542 ], [ 57.3679136, -20.4879664 ], [ 57.3678575, -20.4879115 ], [ 57.3678642, -20.4878524 ], [ 57.3677972, -20.4878273 ], [ 57.3677087, -20.4878286 ], [ 57.3674364, -20.4878072 ], [ 57.3672358, -20.4878192 ], [ 57.3667438, -20.4879103 ], [ 57.3664447, -20.4880076 ], [ 57.3662594, -20.4880794 ], [ 57.3660617, -20.4882065 ], [ 57.3658604, -20.48831 ], [ 57.3656528, -20.4884371 ], [ 57.3655269, -20.4886211 ], [ 57.3654148, -20.4886591 ], [ 57.3654073, -20.488684 ], [ 57.365299, -20.4887261 ], [ 57.3650694, -20.4887318 ], [ 57.3649084, -20.4887118 ], [ 57.3648106, -20.4886992 ], [ 57.3647075, -20.4886394 ], [ 57.3644635, -20.4884491 ], [ 57.3643199, -20.4885336 ], [ 57.3638863, -20.4885609 ], [ 57.3635274, -20.4885667 ], [ 57.3635083, -20.4886539 ], [ 57.3634815, -20.4887155 ], [ 57.3634077, -20.4887687 ], [ 57.3632723, -20.4887733 ], [ 57.3631328, -20.4887595 ], [ 57.3630483, -20.4887218 ], [ 57.3629799, -20.4887494 ], [ 57.3628753, -20.4887255 ], [ 57.3627922, -20.4887369 ], [ 57.3626739, -20.4886973 ], [ 57.3625092, -20.48862 ], [ 57.3623738, -20.4885346 ], [ 57.3621391, -20.4884303 ], [ 57.3620596, -20.4884039 ], [ 57.3619701, -20.4884278 ], [ 57.3618485, -20.4885098 ], [ 57.3615959, -20.4886038 ], [ 57.3613921, -20.4886553 ], [ 57.3612271, -20.4886916 ], [ 57.3610605, -20.4887144 ], [ 57.3609792, -20.488738 ], [ 57.3609656, -20.4887419 ], [ 57.3608811, -20.4887444 ], [ 57.3607779, -20.4887293 ], [ 57.3607416, -20.4887343 ], [ 57.3607028, -20.4887582 ], [ 57.3606173, -20.4887454 ], [ 57.360409, -20.4886929 ], [ 57.360114, -20.4885962 ], [ 57.3597345, -20.4884479 ], [ 57.3596266, -20.4884287 ], [ 57.359481, -20.4884027 ], [ 57.3590612, -20.4882745 ], [ 57.3583374, -20.4880658 ], [ 57.3578838, -20.4879831 ], [ 57.3573768, -20.4878499 ], [ 57.3570389, -20.4877469 ], [ 57.3567545, -20.4877067 ], [ 57.3564398, -20.4876198 ], [ 57.3562385, -20.4876109 ], [ 57.3562145, -20.4876098 ], [ 57.3560612, -20.4875773 ], [ 57.3559512, -20.4874982 ], [ 57.3558345, -20.4874646 ], [ 57.3556924, -20.4873286 ], [ 57.3555426, -20.4870746 ], [ 57.3555328, -20.4869165 ], [ 57.3555788, -20.4868045 ], [ 57.3555006, -20.4867582 ], [ 57.3553814, -20.4867528 ], [ 57.3551184, -20.4866904 ], [ 57.354707, -20.486678 ], [ 57.3544494, -20.4866583 ], [ 57.3542386, -20.4865849 ], [ 57.3540509, -20.4864843 ], [ 57.3537827, -20.4862683 ], [ 57.3536405, -20.4860296 ], [ 57.3535606, -20.4857865 ], [ 57.353402, -20.4853981 ], [ 57.3532209, -20.4848468 ], [ 57.3531388, -20.4846895 ], [ 57.3530745, -20.4844818 ], [ 57.3530887, -20.4842581 ], [ 57.3531254, -20.484039 ], [ 57.3532427, -20.4839511 ], [ 57.3533263, -20.4838557 ], [ 57.3533221, -20.4837186 ], [ 57.3533335, -20.4835081 ], [ 57.3532546, -20.4833934 ], [ 57.3531326, -20.483077 ], [ 57.3531323, -20.4826736 ], [ 57.3531461, -20.4823509 ], [ 57.3532462, -20.4821426 ], [ 57.3533632, -20.4820318 ], [ 57.3534206, -20.4821049 ], [ 57.3534688, -20.4822355 ], [ 57.3535618, -20.4822077 ], [ 57.3536351, -20.4821551 ], [ 57.3537773, -20.482027 ], [ 57.3539024, -20.4817655 ], [ 57.3538384, -20.481402 ], [ 57.353619, -20.4809315 ], [ 57.3531872, -20.4804214 ], [ 57.3527688, -20.4800344 ], [ 57.3524094, -20.479655 ], [ 57.3519748, -20.4793409 ], [ 57.3515376, -20.4790947 ], [ 57.3510458, -20.4788356 ], [ 57.3507142, -20.4786625 ], [ 57.3504996, -20.4785344 ], [ 57.3502395, -20.4784364 ], [ 57.3497488, -20.4782816 ], [ 57.3495324, -20.4782166 ], [ 57.3493001, -20.4781446 ], [ 57.3489951, -20.4781029 ], [ 57.3486917, -20.4780165 ], [ 57.3485708, -20.4779161 ], [ 57.3484889, -20.4777232 ], [ 57.3484628, -20.477591 ], [ 57.348443, -20.4774574 ], [ 57.3483874, -20.4773546 ], [ 57.3482211, -20.4771524 ], [ 57.3480079, -20.4769413 ], [ 57.3479046, -20.4768282 ], [ 57.3478295, -20.4767039 ], [ 57.3478188, -20.4765493 ], [ 57.3478201, -20.4764677 ], [ 57.3477343, -20.4763571 ], [ 57.3475961, -20.4762164 ], [ 57.3475331, -20.4759865 ], [ 57.3473494, -20.4757691 ], [ 57.3472457, -20.4756452 ], [ 57.3472153, -20.4755229 ], [ 57.3472139, -20.4754211 ], [ 57.3472756, -20.4753859 ], [ 57.3473373, -20.4753784 ], [ 57.3473977, -20.4753005 ], [ 57.3473695, -20.4752412 ], [ 57.3470798, -20.4747891 ], [ 57.3467231, -20.4741936 ], [ 57.3466225, -20.4740755 ], [ 57.3465155, -20.4740125 ], [ 57.3464093, -20.473872 ], [ 57.3463221, -20.4738343 ], [ 57.3462698, -20.4737765 ], [ 57.3462738, -20.473671 ], [ 57.3461317, -20.4735214 ], [ 57.3460103, -20.4733594 ], [ 57.3458688, -20.4731967 ], [ 57.3457129, -20.4729355 ], [ 57.3455936, -20.4728196 ], [ 57.345262, -20.4725017 ], [ 57.3450413, -20.4720917 ], [ 57.3449805, -20.4719436 ], [ 57.3443173, -20.4713324 ], [ 57.3442635, -20.4712411 ], [ 57.3442516, -20.4711438 ], [ 57.3442983, -20.4710024 ], [ 57.3443708, -20.4709299 ], [ 57.344411, -20.4708516 ], [ 57.3443936, -20.4707875 ], [ 57.3443306, -20.4706782 ], [ 57.3442243, -20.4705701 ], [ 57.3441656, -20.4705149 ], [ 57.3441572, -20.4704446 ], [ 57.3441857, -20.4703541 ], [ 57.3442648, -20.4703264 ], [ 57.3443909, -20.4703365 ], [ 57.3444949, -20.4703167 ], [ 57.3443533, -20.4700952 ], [ 57.3442005, -20.4698779 ], [ 57.3439832, -20.4696944 ], [ 57.3438879, -20.4696408 ], [ 57.343841, -20.4694934 ], [ 57.3437767, -20.4693401 ], [ 57.3435845, -20.4691161 ], [ 57.3435259, -20.4689343 ], [ 57.343432, -20.4688137 ], [ 57.3433059, -20.4687453 ], [ 57.3432711, -20.4686805 ], [ 57.3432899, -20.468634 ], [ 57.3432792, -20.4685536 ], [ 57.3432349, -20.4684569 ], [ 57.3431772, -20.4683463 ], [ 57.3430695, -20.4681629 ], [ 57.3429279, -20.467887 ], [ 57.3426113, -20.4673274 ], [ 57.3424101, -20.4671765 ], [ 57.3423564, -20.4669617 ], [ 57.3422599, -20.4667292 ], [ 57.3422022, -20.4666388 ], [ 57.342111, -20.4664943 ], [ 57.3419487, -20.4661437 ], [ 57.3418612, -20.4660289 ], [ 57.3416993, -20.4658799 ], [ 57.3414499, -20.4656575 ], [ 57.3412643, -20.4655067 ], [ 57.3409496, -20.4653333 ], [ 57.3407672, -20.4652429 ], [ 57.3406519, -20.4651156 ], [ 57.3403341, -20.464876 ], [ 57.339975, -20.4646999 ], [ 57.3398191, -20.4646121 ], [ 57.339692, -20.4644913 ], [ 57.3393385, -20.4642693 ], [ 57.3388682, -20.4641661 ], [ 57.3384742, -20.4640202 ], [ 57.3382124, -20.4638708 ], [ 57.3380488, -20.463676 ], [ 57.3379741, -20.4634258 ], [ 57.3378597, -20.4633594 ], [ 57.3376411, -20.4633481 ], [ 57.3373689, -20.4633569 ], [ 57.3371208, -20.463372 ], [ 57.3368652, -20.4633444 ], [ 57.336591, -20.4633183 ], [ 57.3362615, -20.4632486 ], [ 57.3358891, -20.462991 ], [ 57.3358109, -20.462912 ], [ 57.3356873, -20.4627437 ], [ 57.3356093, -20.4626231 ], [ 57.3354511, -20.4624899 ], [ 57.3353063, -20.4624296 ], [ 57.3351873, -20.4623176 ], [ 57.3352325, -20.4622738 ], [ 57.3352526, -20.4622085 ], [ 57.3353492, -20.4622474 ], [ 57.335435, -20.4622964 ], [ 57.3358296, -20.462354 ], [ 57.3359343, -20.4623842 ], [ 57.3360734, -20.4624547 ], [ 57.3362531, -20.4625264 ], [ 57.3365186, -20.4626068 ], [ 57.3370219, -20.462829 ], [ 57.3370993, -20.4628581 ], [ 57.3371943, -20.462843 ], [ 57.3373809, -20.4627965 ], [ 57.3375043, -20.4628028 ], [ 57.3376854, -20.4628229 ], [ 57.3379647, -20.4629094 ], [ 57.3380649, -20.4630088 ], [ 57.3381242, -20.4631821 ], [ 57.338195, -20.4632564 ], [ 57.3383546, -20.4632262 ], [ 57.3384981, -20.4632074 ], [ 57.338646, -20.4632311 ], [ 57.338815, -20.4632876 ], [ 57.3388039, -20.4634147 ], [ 57.3387864, -20.4635253 ], [ 57.3387462, -20.4635831 ], [ 57.3388364, -20.4637211 ], [ 57.3390832, -20.4635502 ], [ 57.3394436, -20.4636735 ], [ 57.3397161, -20.4637311 ], [ 57.3398647, -20.4639449 ], [ 57.3400648, -20.4641709 ], [ 57.3402858, -20.4643294 ], [ 57.3405316, -20.4644548 ], [ 57.3406023, -20.4643721 ], [ 57.3405852, -20.464294 ], [ 57.3404601, -20.4641912 ], [ 57.3402956, -20.4641056 ], [ 57.3401973, -20.4639776 ], [ 57.3400702, -20.4638718 ], [ 57.340081, -20.4633894 ], [ 57.3402724, -20.4633707 ], [ 57.3404403, -20.4634057 ], [ 57.3406452, -20.4633355 ], [ 57.3408185, -20.4633303 ], [ 57.3408719, -20.4633565 ], [ 57.3411082, -20.4634723 ], [ 57.3412101, -20.4633819 ], [ 57.3410814, -20.4631205 ], [ 57.3411914, -20.4627964 ], [ 57.341069, -20.4626583 ], [ 57.340892, -20.4626256 ], [ 57.3407085, -20.4626757 ], [ 57.3406487, -20.4626596 ], [ 57.3404864, -20.4626159 ], [ 57.3403931, -20.4623969 ], [ 57.3403072, -20.4624321 ], [ 57.3403076, -20.4625714 ], [ 57.3402791, -20.462696 ], [ 57.3402147, -20.4628166 ], [ 57.3401412, -20.4627724 ], [ 57.3396304, -20.4622837 ], [ 57.3392656, -20.4618213 ], [ 57.3387828, -20.4612986 ], [ 57.3389008, -20.461188 ], [ 57.3391476, -20.4613991 ], [ 57.3391476, -20.4611176 ], [ 57.3389974, -20.4608362 ], [ 57.3387399, -20.4606552 ], [ 57.3384073, -20.4605849 ], [ 57.3384073, -20.4607055 ], [ 57.3385897, -20.4608864 ], [ 57.3384609, -20.4609367 ], [ 57.3381712, -20.4607156 ], [ 57.3381069, -20.4604844 ], [ 57.3379536, -20.460271 ], [ 57.3377676, -20.460169 ], [ 57.3376854, -20.4600837 ], [ 57.3373451, -20.4600508 ], [ 57.3370671, -20.4600988 ], [ 57.3368421, -20.460169 ], [ 57.3366437, -20.4601979 ], [ 57.3364774, -20.4601741 ], [ 57.3363577, -20.4601805 ], [ 57.3362508, -20.4602557 ], [ 57.3363312, -20.4603536 ], [ 57.3362937, -20.4604542 ], [ 57.3361579, -20.4604469 ], [ 57.3360255, -20.460414 ], [ 57.3359808, -20.4603187 ], [ 57.3360225, -20.4602331 ], [ 57.3360103, -20.4601202 ], [ 57.3361176, -20.4600096 ], [ 57.3363349, -20.4599041 ], [ 57.336653, -20.4596249 ], [ 57.3369893, -20.4595673 ], [ 57.3373702, -20.4596327 ], [ 57.3375955, -20.4596151 ], [ 57.337734, -20.4595143 ], [ 57.3372468, -20.4594919 ], [ 57.3371449, -20.4594165 ], [ 57.3369974, -20.459404 ], [ 57.3367587, -20.4593788 ], [ 57.3365578, -20.459356 ], [ 57.336469, -20.4593638 ], [ 57.3363899, -20.4593361 ], [ 57.336304, -20.4594178 ], [ 57.336174, -20.4594354 ], [ 57.3361176, -20.4594643 ], [ 57.3361592, -20.4595007 ], [ 57.3361927, -20.4595472 ], [ 57.3360522, -20.4597154 ], [ 57.3359285, -20.4597332 ], [ 57.3357251, -20.4596701 ], [ 57.3356, -20.4596264 ], [ 57.3354699, -20.4596452 ], [ 57.3353009, -20.4597256 ], [ 57.3350394, -20.4597533 ], [ 57.3344818, -20.4599039 ], [ 57.3344091, -20.4600247 ], [ 57.3343715, -20.4600724 ], [ 57.3343822, -20.4601214 ], [ 57.3345006, -20.4602331 ], [ 57.3347644, -20.4602232 ], [ 57.3350675, -20.4602923 ], [ 57.3354055, -20.4602999 ], [ 57.3355812, -20.4603099 ], [ 57.3356818, -20.4602823 ], [ 57.3357317, -20.4603398 ], [ 57.3357327, -20.4605009 ], [ 57.3356848, -20.4605773 ], [ 57.3355141, -20.4606102 ], [ 57.3352969, -20.4606002 ], [ 57.3350233, -20.4606353 ], [ 57.334341, -20.4606452 ], [ 57.3338619, -20.4606379 ], [ 57.3335967, -20.4606138 ], [ 57.3333737, -20.4605951 ], [ 57.3331605, -20.4605499 ], [ 57.3329034, -20.4604605 ], [ 57.33273, -20.4604054 ], [ 57.33256, -20.4603876 ], [ 57.3324054, -20.460232 ], [ 57.3322687, -20.4600724 ], [ 57.3322606, -20.4600372 ], [ 57.3323143, -20.460046 ], [ 57.3323706, -20.460046 ], [ 57.3324041, -20.4600109 ], [ 57.33234, -20.4599617 ], [ 57.3321416, -20.4598636 ], [ 57.3320433, -20.4598161 ], [ 57.3318999, -20.4597922 ], [ 57.3316185, -20.4597807 ], [ 57.3309141, -20.4597947 ], [ 57.3301765, -20.4598211 ], [ 57.3293531, -20.4598274 ], [ 57.3290634, -20.45985 ], [ 57.3287338, -20.4599089 ], [ 57.3284411, -20.4599769 ], [ 57.3281528, -20.4600247 ], [ 57.3280026, -20.4600322 ], [ 57.327898, -20.4600234 ], [ 57.3277214, -20.4600647 ], [ 57.3274809, -20.4601566 ], [ 57.32721, -20.4602735 ], [ 57.3269324, -20.4603149 ], [ 57.3268023, -20.4603388 ], [ 57.3267178, -20.4602584 ], [ 57.3266525, -20.4602406 ], [ 57.3263262, -20.4601993 ], [ 57.3262364, -20.4602056 ], [ 57.3260718, -20.4602067 ], [ 57.325774, -20.4600961 ], [ 57.3256879, -20.4600812 ], [ 57.3255806, -20.4601755 ], [ 57.3254773, -20.4602232 ], [ 57.3252323, -20.4602406 ], [ 57.3251098, -20.4602345 ], [ 57.3249278, -20.4601656 ], [ 57.3245332, -20.4601177 ], [ 57.3243109, -20.4601263 ], [ 57.3240128, -20.4601792 ], [ 57.3237114, -20.4602469 ], [ 57.3235166, -20.4602157 ], [ 57.3232933, -20.4600989 ], [ 57.3230499, -20.4600335 ], [ 57.3228662, -20.4600285 ], [ 57.3225832, -20.4600498 ], [ 57.3222989, -20.4600021 ], [ 57.3220565, -20.4599968 ], [ 57.3219475, -20.459948 ], [ 57.3218925, -20.4598789 ], [ 57.3218845, -20.4597973 ], [ 57.3216766, -20.4597143 ], [ 57.3213752, -20.4596324 ], [ 57.3212515, -20.4596879 ], [ 57.3211218, -20.4597795 ], [ 57.3208009, -20.4600473 ], [ 57.3205304, -20.4603487 ], [ 57.3203851, -20.4605675 ], [ 57.3202242, -20.460864 ], [ 57.3199081, -20.4613526 ], [ 57.3197696, -20.4616317 ], [ 57.3195688, -20.4619331 ], [ 57.3191379, -20.4625097 ], [ 57.3188362, -20.4629752 ], [ 57.3185974, -20.4633996 ], [ 57.3183998, -20.4638522 ], [ 57.3182503, -20.46429 ], [ 57.3181089, -20.4647808 ], [ 57.3180779, -20.4649953 ], [ 57.3180136, -20.4651656 ], [ 57.3178713, -20.4653611 ], [ 57.317611, -20.4656831 ], [ 57.3172929, -20.4659789 ], [ 57.3168781, -20.4663056 ], [ 57.3167752, -20.4663904 ], [ 57.3165254, -20.4665961 ], [ 57.3163224, -20.4668085 ], [ 57.3161352, -20.467022 ], [ 57.3158018, -20.4673037 ], [ 57.3155236, -20.4675736 ], [ 57.3153412, -20.4678103 ], [ 57.3151145, -20.4682275 ], [ 57.3150113, -20.4683325 ], [ 57.3148678, -20.4684055 ], [ 57.3146586, -20.468448 ], [ 57.314471, -20.4684525 ], [ 57.3143394, -20.4684455 ], [ 57.314192, -20.4684137 ], [ 57.3139037, -20.4682779 ], [ 57.3136734, -20.4681654 ], [ 57.3134039, -20.4680139 ], [ 57.3128773, -20.4677363 ], [ 57.3124167, -20.4675508 ], [ 57.311851, -20.4674172 ], [ 57.3110082, -20.4672304 ], [ 57.310355, -20.4670654 ], [ 57.3099106, -20.4669748 ], [ 57.3094379, -20.4669509 ], [ 57.3091481, -20.4669268 ], [ 57.3087802, -20.4668609 ], [ 57.3086215, -20.4667851 ], [ 57.3084938, -20.4667028 ], [ 57.3084186, -20.4665523 ], [ 57.3084041, -20.4662419 ], [ 57.3084001, -20.4658771 ], [ 57.3083759, -20.4654086 ], [ 57.3083719, -20.4648682 ], [ 57.3083729, -20.4646774 ], [ 57.3083997, -20.464455 ], [ 57.3084872, -20.4641972 ], [ 57.3086585, -20.4635554 ], [ 57.3087189, -20.4631822 ], [ 57.3087956, -20.4628805 ], [ 57.3088302, -20.4626043 ], [ 57.30886, -20.4621719 ], [ 57.3088956, -20.4618374 ], [ 57.3088919, -20.4610286 ], [ 57.3088739, -20.4604041 ], [ 57.3088677, -20.4601894 ], [ 57.3089415, -20.4599103 ], [ 57.3090622, -20.4597734 ], [ 57.3091789, -20.4596885 ], [ 57.3095799, -20.4593943 ], [ 57.309827, -20.4591864 ], [ 57.3099792, -20.4589744 ], [ 57.3102102, -20.4585294 ], [ 57.3103979, -20.4580394 ], [ 57.3108059, -20.4570622 ], [ 57.3109424, -20.4566723 ], [ 57.3110809, -20.4563328 ], [ 57.3113639, -20.4556179 ], [ 57.3114829, -20.4551682 ], [ 57.3116084, -20.454715 ], [ 57.3118718, -20.4539469 ], [ 57.3120421, -20.4535108 ], [ 57.3121431, -20.4531362 ], [ 57.3123586, -20.4527305 ], [ 57.3125906, -20.4523146 ], [ 57.3129557, -20.4515102 ], [ 57.3135482, -20.4503933 ], [ 57.3138218, -20.4498693 ], [ 57.3141252, -20.4493312 ], [ 57.3143797, -20.4487258 ], [ 57.3145379, -20.448389 ], [ 57.3146331, -20.44809 ], [ 57.3149054, -20.4474353 ], [ 57.315178, -20.4468948 ], [ 57.3153389, -20.4466661 ], [ 57.3154261, -20.4464219 ], [ 57.3154944, -20.446186 ], [ 57.3156112, -20.4457047 ], [ 57.3156983, -20.4452636 ], [ 57.3157315, -20.4450929 ], [ 57.3158134, -20.4446144 ], [ 57.3159652, -20.4441905 ], [ 57.3160242, -20.4439681 ], [ 57.3160336, -20.4436941 ], [ 57.3160564, -20.443379 ], [ 57.3161419, -20.443252 ], [ 57.3162451, -20.4431288 ], [ 57.3164758, -20.4430094 ], [ 57.316575, -20.4430044 ], [ 57.3166786, -20.4429313 ], [ 57.3167816, -20.4429906 ], [ 57.3168486, -20.4430132 ], [ 57.3168902, -20.442983 ], [ 57.3168795, -20.4429202 ], [ 57.3169146, -20.4428999 ], [ 57.3170958, -20.4429238 ], [ 57.3171423, -20.4428813 ], [ 57.3171665, -20.4428172 ], [ 57.3171785, -20.442733 ], [ 57.3172738, -20.4425973 ], [ 57.3173301, -20.442498 ], [ 57.3173466, -20.4424299 ], [ 57.3172617, -20.4423258 ], [ 57.317263, -20.442268 ], [ 57.3173019, -20.4422743 ], [ 57.3173851, -20.4423258 ], [ 57.317436, -20.4423296 ], [ 57.3175074, -20.4422766 ], [ 57.3175701, -20.4421436 ], [ 57.3176278, -20.4419513 ], [ 57.3176815, -20.4416761 ], [ 57.3177006, -20.441505 ], [ 57.3177002, -20.4414625 ], [ 57.3176506, -20.4414349 ], [ 57.3176654, -20.4413846 ], [ 57.3177418, -20.4413833 ], [ 57.3178357, -20.4413481 ], [ 57.3179206, -20.4413065 ], [ 57.3179913, -20.4411848 ], [ 57.3180224, -20.4408818 ], [ 57.3180355, -20.4405301 ], [ 57.3180476, -20.4403114 ], [ 57.3180198, -20.4402321 ], [ 57.3179658, -20.4401958 ], [ 57.3179805, -20.4401405 ], [ 57.3180489, -20.440133 ], [ 57.3181254, -20.4401154 ], [ 57.3182008, -20.4400448 ], [ 57.3183051, -20.4394895 ], [ 57.3183444, -20.4390017 ], [ 57.318352, -20.4389127 ], [ 57.3184244, -20.4388775 ], [ 57.3185827, -20.4388725 ], [ 57.3186594, -20.4388547 ], [ 57.3187745, -20.4386199 ], [ 57.31893, -20.4382366 ], [ 57.3190923, -20.4377855 ], [ 57.3192362, -20.4374774 ], [ 57.3193713, -20.4371534 ], [ 57.3195174, -20.4368467 ], [ 57.3196596, -20.4365074 ], [ 57.3197722, -20.4362749 ], [ 57.3197629, -20.4362184 ], [ 57.3198182, -20.4362233 ], [ 57.3199094, -20.4362006 ], [ 57.320125, -20.4359545 ], [ 57.3202953, -20.4357082 ], [ 57.3204629, -20.4354078 ], [ 57.3205528, -20.4352243 ], [ 57.3205568, -20.4351527 ], [ 57.3205259, -20.4350962 ], [ 57.3205367, -20.435066 ], [ 57.3206725, -20.4351198 ], [ 57.3207392, -20.4350849 ], [ 57.3208344, -20.434929 ], [ 57.3208907, -20.4347732 ], [ 57.3208988, -20.4347016 ], [ 57.3208572, -20.4346576 ], [ 57.320762, -20.4346676 ], [ 57.3206761, -20.4346802 ], [ 57.3207083, -20.4346262 ], [ 57.3207767, -20.4346035 ], [ 57.3209015, -20.4346174 ], [ 57.3210104, -20.4346159 ], [ 57.3211415, -20.4345068 ], [ 57.3213011, -20.4343007 ], [ 57.3213899, -20.4343143 ], [ 57.3214237, -20.4342071 ], [ 57.3214262, -20.4340502 ], [ 57.3215308, -20.4340833 ], [ 57.3216325, -20.4341182 ], [ 57.321727, -20.4340938 ], [ 57.321791, -20.434011 ], [ 57.3217979, -20.4339178 ], [ 57.3218913, -20.4338347 ], [ 57.3219434, -20.4337813 ], [ 57.3219967, -20.4336812 ], [ 57.3221183, -20.4336034 ], [ 57.322188, -20.4334959 ], [ 57.3222716, -20.4332244 ], [ 57.3223695, -20.4330122 ], [ 57.32244, -20.432764 ], [ 57.3224541, -20.4326372 ], [ 57.322404, -20.4325389 ], [ 57.32237, -20.4325136 ], [ 57.3223797, -20.4324593 ], [ 57.3224132, -20.4324173 ], [ 57.3224571, -20.4324709 ], [ 57.3225041, -20.4325136 ], [ 57.3225954, -20.4325461 ], [ 57.322711, -20.4325961 ], [ 57.3227723, -20.4326808 ], [ 57.3228426, -20.4327724 ], [ 57.3229545, -20.4328333 ], [ 57.32316, -20.4329058 ], [ 57.3233279, -20.4329503 ], [ 57.3234491, -20.4330308 ], [ 57.3235185, -20.4331684 ], [ 57.3235193, -20.4333305 ], [ 57.3235354, -20.4334939 ], [ 57.3235569, -20.4335518 ], [ 57.3236207, -20.4336055 ], [ 57.3236806, -20.4336761 ], [ 57.3236873, -20.4337449 ], [ 57.3236386, -20.4339752 ], [ 57.3236443, -20.4342154 ], [ 57.323681, -20.4343651 ], [ 57.323703, -20.4344502 ], [ 57.3237447, -20.4345356 ], [ 57.3238398, -20.4346186 ], [ 57.323956, -20.4346952 ], [ 57.3241446, -20.4347572 ], [ 57.324459, -20.4348161 ], [ 57.3246351, -20.4348448 ], [ 57.3248263, -20.4348934 ], [ 57.3250857, -20.4349642 ], [ 57.3253475, -20.4350606 ], [ 57.3254572, -20.4350999 ], [ 57.3255323, -20.4351313 ], [ 57.3256892, -20.4351816 ], [ 57.3257992, -20.4352168 ], [ 57.3258609, -20.4352457 ], [ 57.3258917, -20.4352771 ], [ 57.3259132, -20.4353525 ], [ 57.3259319, -20.4354681 ], [ 57.3259467, -20.4355662 ], [ 57.3259279, -20.4356491 ], [ 57.3258904, -20.4357157 ], [ 57.3258367, -20.4357597 ], [ 57.3257026, -20.43582 ], [ 57.3255363, -20.4358477 ], [ 57.3252735, -20.4359344 ], [ 57.3251219, -20.4360035 ], [ 57.324965, -20.4360638 ], [ 57.3248832, -20.4360902 ], [ 57.3247759, -20.4361329 ], [ 57.3246968, -20.4361468 ], [ 57.3245332, -20.436182 ], [ 57.3243628, -20.4362423 ], [ 57.3241094, -20.4363139 ], [ 57.3240021, -20.4363478 ], [ 57.3238733, -20.4363943 ], [ 57.3237298, -20.4364358 ], [ 57.3236319, -20.4364873 ], [ 57.3235488, -20.4365753 ], [ 57.3233999, -20.4367324 ], [ 57.3232484, -20.4368907 ], [ 57.3231371, -20.4370478 ], [ 57.3230714, -20.4371911 ], [ 57.3229185, -20.437499 ], [ 57.322779, -20.4377792 ], [ 57.3225617, -20.4381989 ], [ 57.3224759, -20.4384339 ], [ 57.3224129, -20.4387368 ], [ 57.3223646, -20.4389693 ], [ 57.3222975, -20.4392495 ], [ 57.3221286, -20.4400349 ], [ 57.322032, -20.440603 ], [ 57.3219958, -20.4410403 ], [ 57.3219958, -20.4414411 ], [ 57.3220159, -20.4417842 ], [ 57.3220803, -20.4420443 ], [ 57.3221058, -20.442121 ], [ 57.3220944, -20.4422083 ], [ 57.3221064, -20.4422932 ], [ 57.3222211, -20.4423371 ], [ 57.3222855, -20.4423497 ], [ 57.3223807, -20.4423334 ], [ 57.3225416, -20.442312 ], [ 57.3226985, -20.4422806 ], [ 57.322775, -20.4422517 ], [ 57.3228246, -20.4422353 ], [ 57.3228809, -20.4422353 ], [ 57.3230097, -20.4422592 ], [ 57.3231331, -20.4422756 ], [ 57.3233624, -20.442258 ], [ 57.3234469, -20.4422316 ], [ 57.3234884, -20.4422014 ], [ 57.3235314, -20.4421738 ], [ 57.3235796, -20.4421625 ], [ 57.3240021, -20.4422077 ], [ 57.3240691, -20.4422265 ], [ 57.3241121, -20.4422605 ], [ 57.324218, -20.442351 ], [ 57.3243038, -20.4424188 ], [ 57.324374, -20.44245 ], [ 57.3244889, -20.4424879 ], [ 57.3246606, -20.4425193 ], [ 57.3249663, -20.4425759 ], [ 57.3250401, -20.4425696 ], [ 57.3251058, -20.442547 ], [ 57.3251903, -20.4424967 ], [ 57.3252627, -20.4424402 ], [ 57.3253553, -20.4423133 ], [ 57.3254612, -20.4422027 ], [ 57.3255578, -20.442131 ], [ 57.3256785, -20.4420745 ], [ 57.3257603, -20.4420582 ], [ 57.3258595, -20.4420632 ], [ 57.3259494, -20.4420996 ], [ 57.3260339, -20.4421763 ], [ 57.3261277, -20.4422253 ], [ 57.3262545, -20.4422614 ], [ 57.3263695, -20.4422942 ], [ 57.3265596, -20.4423497 ], [ 57.3267151, -20.4423547 ], [ 57.3270008, -20.4423547 ], [ 57.3273253, -20.4423246 ], [ 57.3275332, -20.4423133 ], [ 57.3276231, -20.4423309 ], [ 57.3278926, -20.4424163 ], [ 57.3282386, -20.4425156 ], [ 57.3287939, -20.4426236 ], [ 57.3290232, -20.4426664 ], [ 57.3291801, -20.4426789 ], [ 57.3293464, -20.4426789 ], [ 57.3295864, -20.4426576 ], [ 57.3297071, -20.4426061 ], [ 57.3298641, -20.4425319 ], [ 57.32997, -20.4424967 ], [ 57.3300987, -20.4424829 ], [ 57.3302291, -20.4425062 ], [ 57.3303938, -20.4425583 ], [ 57.3304997, -20.4425797 ], [ 57.3306218, -20.4425709 ], [ 57.3307425, -20.4425407 ], [ 57.3308082, -20.4425206 ], [ 57.3308833, -20.4425181 ], [ 57.3310523, -20.4425721 ], [ 57.3312038, -20.4426463 ], [ 57.3313084, -20.4426978 ], [ 57.3316869, -20.4428408 ], [ 57.331979, -20.4429164 ], [ 57.3322757, -20.442964 ], [ 57.3325087, -20.4430471 ], [ 57.332726, -20.4431464 ], [ 57.3329674, -20.4432218 ], [ 57.3332078, -20.4432832 ], [ 57.3336956, -20.4434091 ], [ 57.3341895, -20.4434956 ], [ 57.3346424, -20.4435309 ], [ 57.3350568, -20.4435423 ], [ 57.335957, -20.4434704 ], [ 57.33619, -20.4434442 ], [ 57.3365203, -20.4433297 ], [ 57.3366353, -20.4432067 ], [ 57.3367443, -20.4431236 ], [ 57.3368539, -20.4431012 ], [ 57.3370058, -20.4431299 ], [ 57.3370675, -20.4431688 ], [ 57.3370846, -20.4432218 ], [ 57.3370711, -20.443296 ], [ 57.337165, -20.4433311 ], [ 57.3372566, -20.4433862 ], [ 57.3374209, -20.4434858 ], [ 57.337456, -20.4435699 ], [ 57.3374215, -20.4436841 ], [ 57.3375499, -20.4438049 ], [ 57.3376894, -20.4438753 ], [ 57.337911, -20.4440271 ], [ 57.33814, -20.4441454 ], [ 57.3383844, -20.4442136 ], [ 57.3385893, -20.4442774 ], [ 57.3387757, -20.4443767 ], [ 57.3390831, -20.4444984 ], [ 57.3395107, -20.4446261 ], [ 57.339975, -20.4447045 ], [ 57.3407032, -20.4447723 ], [ 57.3413305, -20.4448831 ], [ 57.3416711, -20.444917 ], [ 57.3419585, -20.4449231 ], [ 57.3420292, -20.4448755 ], [ 57.3420872, -20.4448187 ], [ 57.3423269, -20.4448165 ], [ 57.3425727, -20.4448037 ], [ 57.342626, -20.4448429 ], [ 57.342618, -20.4449384 ], [ 57.3428258, -20.4450741 ], [ 57.3430421, -20.4452448 ], [ 57.3431812, -20.4453091 ], [ 57.3433318, -20.4453453 ], [ 57.343475, -20.4453406 ], [ 57.3436764, -20.4453114 ], [ 57.3437646, -20.4453769 ] ] ] ] } },
{ "type": "Feature", "properties": { "element": "relation", "id": 3488096, "admin_level": "4", "border_type": null, "boundary": "administrative", "maritime": null, "note": null, "type": "boundary", "ISO3166-1": null, "ISO3166-1:alpha2": null, "ISO3166-1:alpha3": null, "ISO3166-1:numeric": null, "driving_side": null, "flag": null, "name": "Moka", "name:ab": null, "name:af": null, "name:als": null, "name:am": null, "name:ami": null, "name:an": null, "name:ang": null, "name:ar": "مقاطعة موكا", "name:ary": null, "name:arz": null, "name:ast": null, "name:avk": null, "name:az": null, "name:azb": null, "name:ba": null, "name:ban": null, "name:bar": "Moka", "name:bcl": null, "name:be": null, "name:be-tarask": null, "name:bg": null, "name:bi": null, "name:bjn": null, "name:bn": null, "name:bo": null, "name:bpy": null, "name:br": null, "name:bs": null, "name:bxr": null, "name:ca": "Moka", "name:cbk": null, "name:cdo": null, "name:ce": null, "name:ceb": "Moka District", "name:ckb": null, "name:crh": null, "name:cs": null, "name:cv": null, "name:cy": null, "name:da": null, "name:dag": null, "name:de": "Moka", "name:diq": null, "name:dty": null, "name:dv": null, "name:ee": null, "name:el": null, "name:en": "Moka", "name:eo": null, "name:es": "Distrito de Moka", "name:et": null, "name:eu": null, "name:ext": null, "name:fa": "ناحیه موکا", "name:ff": null, "name:fi": "Moka", "name:fo": null, "name:fr": "Moka", "name:frp": null, "name:frr": null, "name:fy": null, "name:ga": null, "name:gag": null, "name:gcr": null, "name:gd": null, "name:gl": null, "name:gn": null, "name:grc": null, "name:gu": null, "name:gv": null, "name:ha": null, "name:hak": null, "name:haw": null, "name:he": null, "name:hi": null, "name:hif": null, "name:hr": null, "name:hsb": null, "name:ht": null, "name:hu": null, "name:hy": null, "name:ia": null, "name:id": null, "name:ie": null, "name:ig": null, "name:ilo": null, "name:io": null, "name:is": null, "name:it": "Distretto di Moka", "name:ja": "モカ県", "name:jam": null, "name:jv": null, "name:ka": "მოკის ოლქი", "name:kg": null, "name:ki": null, "name:kk": null, "name:kn": null, "name:ko": "모카구", "name:ku": null, "name:kw": null, "name:ky": null, "name:la": null, "name:lad": null, "name:lb": null, "name:lfn": null, "name:lg": null, "name:li": null, "name:lij": null, "name:lld": null, "name:lmo": null, "name:ln": null, "name:lt": "Mokos rajonas", "name:lv": null, "name:mfe": null, "name:mg": null, "name:mhr": null, "name:mi": null, "name:min": null, "name:mk": null, "name:ml": null, "name:mn": null, "name:mr": null, "name:mrj": null, "name:ms": null, "name:mt": null, "name:my": null, "name:mzn": null, "name:na": null, "name:nah": null, "name:nan": null, "name:nds": null, "name:nds-NL": null, "name:ne": null, "name:nl": "Moka", "name:nn": "Moka", "name:no": "Moka", "name:nov": null, "name:nso": null, "name:oc": null, "name:olo": null, "name:om": null, "name:or": null, "name:os": null, "name:pa": null, "name:pam": null, "name:pi": null, "name:pih": null, "name:pl": "Moka", "name:pms": null, "name:pnb": null, "name:ps": null, "name:pt": "Moka", "name:qu": null, "name:ro": "Districtul Moka", "name:ru": "Мока", "name:rw": null, "name:sa": null, "name:sah": null, "name:sc": null, "name:scn": null, "name:sco": null, "name:sd": null, "name:se": null, "name:sg": null, "name:sgs": null, "name:sh": null, "name:shn": null, "name:si": null, "name:simple": null, "name:sk": null, "name:sl": null, "name:sm": null, "name:smn": null, "name:sms": null, "name:sn": null, "name:so": null, "name:sq": null, "name:sr": "Мока Маурицијус", "name:ss": null, "name:st": null, "name:stq": null, "name:su": null, "name:sv": "Moka", "name:sw": null, "name:szl": null, "name:szy": null, "name:ta": "மோக்கா மாவட்டம்", "name:tay": null, "name:te": null, "name:tg": null, "name:th": null, "name:tk": null, "name:tl": null, "name:tr": "Moka Bölgesi", "name:trv": null, "name:ts": null, "name:tt": null, "name:tzl": null, "name:udm": null, "name:ug": null, "name:uk": "Мока", "name:ur": "موکا ضلع", "name:uz": null, "name:vec": null, "name:vep": null, "name:vi": null, "name:vo": null, "name:vro": null, "name:war": null, "name:wo": null, "name:wuu": "莫卡區", "name:xal": null, "name:xmf": null, "name:yi": null, "name:yo": null, "name:yue": "莫卡區", "name:za": null, "name:zea": null, "name:zh": "莫卡區", "name:zh-Hans": null, "name:zh-Hant": null, "name:zh-Hant-CN": null, "name:zh-Hant-TW": null, "name:zu": null, "official_name": null, "official_name:ca": null, "official_name:cs": null, "official_name:de": null, "official_name:fr": null, "official_name:sr": null, "official_name:xmf": null, "population": null, "timezone": null, "wikidata": "Q911643", "wikipedia": "en:Moka District", "wikipedia:xmf": null, "ISO3166-2": "MU-MO", "official_name:ar": null, "official_name:fa": null, "official_name:ur": null, "alt_name:en": null, "code": null }, "geometry": { "type": "Polygon", "coordinates": [ [ [ 57.4708138, -20.1884717 ], [ 57.4708211, -20.1883588 ], [ 57.4709231, -20.188107 ], [ 57.4710679, -20.1876312 ], [ 57.4711001, -20.1875884 ], [ 57.4712879, -20.1874777 ], [ 57.4715185, -20.1874374 ], [ 57.4717197, -20.1873367 ], [ 57.4725378, -20.1870875 ], [ 57.472924, -20.1870573 ], [ 57.4733451, -20.1869918 ], [ 57.473498, -20.1869339 ], [ 57.4735732, -20.1868433 ], [ 57.4746319, -20.1868754 ], [ 57.4750832, -20.1868716 ], [ 57.4754694, -20.186822 ], [ 57.475758, -20.186738 ], [ 57.4760136, -20.1865811 ], [ 57.4766198, -20.1862186 ], [ 57.4767592, -20.186123 ], [ 57.4771303, -20.1853887 ], [ 57.4773319, -20.1850669 ], [ 57.4774351, -20.1849071 ], [ 57.4781444, -20.1834183 ], [ 57.4784819, -20.182926 ], [ 57.4788661, -20.1829369 ], [ 57.4795957, -20.1827684 ], [ 57.4860762, -20.1797512 ], [ 57.4872064, -20.1794307 ], [ 57.4883203, -20.1793773 ], [ 57.488987, -20.1792246 ], [ 57.4908816, -20.1790415 ], [ 57.4932802, -20.1789728 ], [ 57.4952253, -20.1789195 ], [ 57.4996102, -20.1807238 ], [ 57.5008919, -20.1812906 ], [ 57.5015328, -20.181707 ], [ 57.5024201, -20.1825283 ], [ 57.504848, -20.1858597 ], [ 57.5053779, -20.1868429 ], [ 57.5059325, -20.1874791 ], [ 57.5072512, -20.1881038 ], [ 57.5107759, -20.1912384 ], [ 57.5122302, -20.1922678 ], [ 57.5136598, -20.1927189 ], [ 57.515644, -20.1928577 ], [ 57.5168517, -20.1934476 ], [ 57.5206846, -20.1958651 ], [ 57.5258361, -20.197947 ], [ 57.5287404, -20.1980007 ], [ 57.5290982, -20.1979702 ], [ 57.5294803, -20.1979168 ], [ 57.5297974, -20.1979855 ], [ 57.5300983, -20.198016 ], [ 57.530269, -20.1979473 ], [ 57.5304642, -20.1977871 ], [ 57.5305292, -20.1975963 ], [ 57.5305617, -20.1974284 ], [ 57.5309358, -20.1973445 ], [ 57.5313992, -20.1972911 ], [ 57.531635, -20.19723 ], [ 57.532009, -20.1971461 ], [ 57.5324806, -20.1971308 ], [ 57.5328791, -20.1971156 ], [ 57.533188, -20.1970621 ], [ 57.5336027, -20.1970469 ], [ 57.5339279, -20.1970621 ], [ 57.5342207, -20.1971308 ], [ 57.5346028, -20.1971995 ], [ 57.5349281, -20.1971919 ], [ 57.5351557, -20.1970927 ], [ 57.5354728, -20.1968485 ], [ 57.535733, -20.1965661 ], [ 57.5360095, -20.1963296 ], [ 57.5363022, -20.196032 ], [ 57.5365136, -20.1957954 ], [ 57.537034, -20.1958641 ], [ 57.537408, -20.1958641 ], [ 57.5378145, -20.1958412 ], [ 57.5381642, -20.1958488 ], [ 57.538652, -20.1958946 ], [ 57.5390586, -20.1959327 ], [ 57.5394814, -20.1960014 ], [ 57.5398147, -20.1960243 ], [ 57.5401237, -20.1960625 ], [ 57.5404002, -20.1961006 ], [ 57.5408067, -20.196154 ], [ 57.541132, -20.1961769 ], [ 57.5414491, -20.1963067 ], [ 57.5417336, -20.196444 ], [ 57.5420426, -20.1966043 ], [ 57.5422622, -20.1967569 ], [ 57.5423679, -20.1968485 ], [ 57.5426118, -20.1968714 ], [ 57.5430021, -20.1970087 ], [ 57.5433598, -20.1971308 ], [ 57.5435631, -20.1971995 ], [ 57.5438802, -20.1972758 ], [ 57.5440591, -20.1972758 ], [ 57.5442705, -20.1972148 ], [ 57.5445307, -20.1970316 ], [ 57.5447096, -20.1968943 ], [ 57.5449454, -20.1968179 ], [ 57.5451649, -20.1966959 ], [ 57.5453438, -20.1966272 ], [ 57.5455715, -20.1966043 ], [ 57.5457666, -20.1965127 ], [ 57.545913, -20.1963753 ], [ 57.5461487, -20.1962761 ], [ 57.5463683, -20.1961846 ], [ 57.5468523, -20.1961592 ], [ 57.5472166, -20.1960803 ], [ 57.5475341, -20.195905 ], [ 57.5481973, -20.1956157 ], [ 57.5488044, -20.1952738 ], [ 57.5491219, -20.19523 ], [ 57.5493928, -20.1951599 ], [ 57.549673, -20.1950459 ], [ 57.5498131, -20.1947829 ], [ 57.5501773, -20.1946777 ], [ 57.5505416, -20.1945726 ], [ 57.5512328, -20.1944411 ], [ 57.5515877, -20.194292 ], [ 57.552092, -20.1940466 ], [ 57.5524563, -20.1938012 ], [ 57.5528019, -20.1935119 ], [ 57.5532315, -20.1932489 ], [ 57.5537172, -20.1930035 ], [ 57.5542869, -20.1927142 ], [ 57.5547913, -20.1924249 ], [ 57.5550472, -20.1922805 ], [ 57.5553517, -20.1919516 ], [ 57.5556818, -20.191647 ], [ 57.5558132, -20.1920437 ], [ 57.5558559, -20.1924291 ], [ 57.5561954, -20.192948 ], [ 57.5563356, -20.1931865 ], [ 57.556671, -20.1933238 ], [ 57.5569617, -20.1935986 ], [ 57.557045, -20.1937302 ], [ 57.5574991, -20.1941094 ], [ 57.5578491, -20.1943385 ], [ 57.5583333, -20.1945261 ], [ 57.5591956, -20.1948181 ], [ 57.5595577, -20.1949578 ], [ 57.5597414, -20.1951403 ], [ 57.5602055, -20.1955028 ], [ 57.5604576, -20.1957567 ], [ 57.5611243, -20.1962175 ], [ 57.5613601, -20.1963695 ], [ 57.5618839, -20.1966087 ], [ 57.5625139, -20.1969541 ], [ 57.5628342, -20.1970671 ], [ 57.5630394, -20.1972016 ], [ 57.5635528, -20.1972844 ], [ 57.5642806, -20.1973177 ], [ 57.5646221, -20.1973073 ], [ 57.5649615, -20.1972805 ], [ 57.5654214, -20.1972935 ], [ 57.5667968, -20.1976058 ], [ 57.5669636, -20.1976789 ], [ 57.56729, -20.1977689 ], [ 57.567662, -20.1977251 ], [ 57.5677311, -20.1976583 ], [ 57.5684747, -20.1975456 ], [ 57.5689008, -20.197249 ], [ 57.5692734, -20.1972194 ], [ 57.5694979, -20.1971438 ], [ 57.5697927, -20.1969805 ], [ 57.5699995, -20.196823 ], [ 57.5701939, -20.1966366 ], [ 57.5703168, -20.1964656 ], [ 57.5704601, -20.19631 ], [ 57.5715491, -20.195457 ], [ 57.5721121, -20.1950151 ], [ 57.5724273, -20.1948018 ], [ 57.5730926, -20.1943638 ], [ 57.573281, -20.1942139 ], [ 57.5733874, -20.194139 ], [ 57.5735962, -20.1940333 ], [ 57.5738869, -20.1938316 ], [ 57.5741162, -20.1935837 ], [ 57.574454, -20.1933378 ], [ 57.5749371, -20.1931803 ], [ 57.576282, -20.1924867 ], [ 57.5766464, -20.1920486 ], [ 57.5769678, -20.1917989 ], [ 57.5772626, -20.1913992 ], [ 57.5775389, -20.191186 ], [ 57.577891, -20.1909516 ], [ 57.5791828, -20.1903118 ], [ 57.5795553, -20.1902292 ], [ 57.579846, -20.1901907 ], [ 57.5802636, -20.190039 ], [ 57.5806894, -20.1898507 ], [ 57.5808225, -20.1897354 ], [ 57.5811889, -20.1890764 ], [ 57.5812723, -20.1889329 ], [ 57.5813438, -20.188381 ], [ 57.5815405, -20.1880333 ], [ 57.5816708, -20.1879345 ], [ 57.5822585, -20.1875311 ], [ 57.5825946, -20.1871576 ], [ 57.5831572, -20.1864923 ], [ 57.5836854, -20.1857046 ], [ 57.5838432, -20.1852818 ], [ 57.5839552, -20.1846916 ], [ 57.5840421, -20.1840756 ], [ 57.5842799, -20.1833996 ], [ 57.5846106, -20.1823507 ], [ 57.5845321, -20.1819118 ], [ 57.5844084, -20.1815917 ], [ 57.5842907, -20.1811868 ], [ 57.5842093, -20.1808158 ], [ 57.5839651, -20.1804565 ], [ 57.5840406, -20.1804482 ], [ 57.5845726, -20.1807811 ], [ 57.5851534, -20.1810751 ], [ 57.5858059, -20.1813669 ], [ 57.5864032, -20.1815857 ], [ 57.5871352, -20.1817529 ], [ 57.5876422, -20.1818367 ], [ 57.5879456, -20.1818244 ], [ 57.5883304, -20.1817788 ], [ 57.5886009, -20.1816025 ], [ 57.5888925, -20.1812931 ], [ 57.589054, -20.1810367 ], [ 57.5892215, -20.180618 ], [ 57.589473, -20.1797401 ], [ 57.5896719, -20.1792229 ], [ 57.5898914, -20.1788945 ], [ 57.5902848, -20.1785124 ], [ 57.591252, -20.1776582 ], [ 57.5923085, -20.1771409 ], [ 57.5928298, -20.1767954 ], [ 57.5930928, -20.17657 ], [ 57.5933512, -20.1763167 ], [ 57.5936393, -20.175778 ], [ 57.5937948, -20.1752629 ], [ 57.5939434, -20.1747606 ], [ 57.5940669, -20.1743871 ], [ 57.5941104, -20.1741296 ], [ 57.5941584, -20.1733333 ], [ 57.5941538, -20.1730929 ], [ 57.5942407, -20.1729297 ], [ 57.594458, -20.1728074 ], [ 57.5948261, -20.1728975 ], [ 57.5952949, -20.1730521 ], [ 57.5958483, -20.173168 ], [ 57.5963445, -20.1732538 ], [ 57.5967286, -20.173286 ], [ 57.5973414, -20.1731963 ], [ 57.5978858, -20.1730824 ], [ 57.5984084, -20.1729572 ], [ 57.5990711, -20.172758 ], [ 57.5994129, -20.1726491 ], [ 57.600338, -20.1723122 ], [ 57.6009619, -20.1719511 ], [ 57.6018038, -20.1713799 ], [ 57.602331, -20.1711096 ], [ 57.6029072, -20.1710237 ], [ 57.6033371, -20.1712126 ], [ 57.6036573, -20.1714186 ], [ 57.6040323, -20.1715131 ], [ 57.6045536, -20.1714702 ], [ 57.6052854, -20.1711868 ], [ 57.6062458, -20.1703454 ], [ 57.6069775, -20.1698217 ], [ 57.6076727, -20.169152 ], [ 57.6084502, -20.1686197 ], [ 57.6093557, -20.1682076 ], [ 57.6098972, -20.1680177 ], [ 57.610164, -20.1679884 ], [ 57.6105314, -20.1680307 ], [ 57.6109162, -20.1680177 ], [ 57.6112038, -20.1681056 ], [ 57.6115331, -20.1683138 ], [ 57.6118901, -20.168483 ], [ 57.6122817, -20.1685578 ], [ 57.6126041, -20.168509 ], [ 57.6128257, -20.1683921 ], [ 57.6130392, -20.1682157 ], [ 57.6134746, -20.1675869 ], [ 57.6140134, -20.1670329 ], [ 57.614252, -20.1668881 ], [ 57.6145412, -20.1667762 ], [ 57.614903, -20.166696 ], [ 57.6152265, -20.1666661 ], [ 57.6155457, -20.1666664 ], [ 57.6157607, -20.1666943 ], [ 57.6160374, -20.1667887 ], [ 57.6162272, -20.1669111 ], [ 57.6163809, -20.1670486 ], [ 57.616453, -20.1671604 ], [ 57.6164738, -20.1672955 ], [ 57.6164496, -20.1674126 ], [ 57.6163698, -20.1676127 ], [ 57.615415, -20.1683805 ], [ 57.6152625, -20.1685822 ], [ 57.6151845, -20.1687579 ], [ 57.6151724, -20.1689466 ], [ 57.6164388, -20.1708503 ], [ 57.6165514, -20.1709466 ], [ 57.6167584, -20.1709541 ], [ 57.616905, -20.1709933 ], [ 57.617127, -20.1711388 ], [ 57.6172964, -20.1711709 ], [ 57.6174855, -20.1711561 ], [ 57.6176326, -20.1710648 ], [ 57.6177167, -20.1709132 ], [ 57.6177495, -20.1706235 ], [ 57.6177551, -20.1703804 ], [ 57.617802, -20.1702512 ], [ 57.617915, -20.1701723 ], [ 57.6180476, -20.1701649 ], [ 57.6182105, -20.1701933 ], [ 57.6184127, -20.1703104 ], [ 57.6185978, -20.1704234 ], [ 57.618753, -20.1705953 ], [ 57.6188088, -20.1707336 ], [ 57.6189322, -20.1708606 ], [ 57.6192149, -20.1708681 ], [ 57.6194308, -20.1709099 ], [ 57.6196646, -20.1710095 ], [ 57.6199089, -20.1711624 ], [ 57.6204691, -20.1715698 ], [ 57.6205228, -20.1716096 ], [ 57.6207409, -20.1717682 ], [ 57.6209149, -20.1719531 ], [ 57.6210681, -20.1722708 ], [ 57.6211165, -20.1724104 ], [ 57.6212499, -20.1729629 ], [ 57.6213021, -20.1734922 ], [ 57.6213065, -20.1735774 ], [ 57.6214246, -20.1738856 ], [ 57.6215211, -20.1740668 ], [ 57.6216599, -20.1742537 ], [ 57.6217806, -20.1743982 ], [ 57.6221233, -20.1746575 ], [ 57.6227169, -20.1750607 ], [ 57.6239468, -20.1756957 ], [ 57.6247311, -20.175971 ], [ 57.6256024, -20.1762541 ], [ 57.627135, -20.1766739 ], [ 57.6286155, -20.1770172 ], [ 57.6299967, -20.1772445 ], [ 57.6305428, -20.1773606 ], [ 57.6310226, -20.1775022 ], [ 57.6315265, -20.1776523 ], [ 57.6319821, -20.17791 ], [ 57.6406419, -20.1856959 ], [ 57.657138, -20.2004835 ], [ 57.6650137, -20.2075781 ], [ 57.641624, -20.2235093 ], [ 57.6280017, -20.232787 ], [ 57.6334161, -20.2377591 ], [ 57.6540451, -20.2567009 ], [ 57.6684496, -20.2699219 ], [ 57.6567558, -20.3073941 ], [ 57.6505072, -20.3272816 ], [ 57.6502228, -20.3272371 ], [ 57.6497541, -20.3272322 ], [ 57.6493117, -20.327247 ], [ 57.6489851, -20.3272989 ], [ 57.6486586, -20.3273902 ], [ 57.648303, -20.3275483 ], [ 57.6480213, -20.3276545 ], [ 57.6476605, -20.327815 ], [ 57.6473787, -20.3280175 ], [ 57.6470363, -20.3282743 ], [ 57.6466861, -20.3285558 ], [ 57.6459224, -20.3296251 ], [ 57.644177, -20.3314727 ], [ 57.6432964, -20.3332662 ], [ 57.6427973, -20.3339523 ], [ 57.6413217, -20.335067 ], [ 57.6409335, -20.3352735 ], [ 57.6404404, -20.3354182 ], [ 57.6399382, -20.335543 ], [ 57.6395359, -20.335594 ], [ 57.6391638, -20.3355855 ], [ 57.6387554, -20.3356139 ], [ 57.6383955, -20.3357189 ], [ 57.6380294, -20.3357954 ], [ 57.6376997, -20.3358578 ], [ 57.6372369, -20.3359004 ], [ 57.6368073, -20.3358635 ], [ 57.636411, -20.3358068 ], [ 57.6360299, -20.3356848 ], [ 57.6357576, -20.3354891 ], [ 57.6354944, -20.3352877 ], [ 57.6351526, -20.3350806 ], [ 57.6347866, -20.3349417 ], [ 57.6343873, -20.3349019 ], [ 57.6340424, -20.334831 ], [ 57.6335471, -20.3346137 ], [ 57.6331942, -20.3345396 ], [ 57.6326517, -20.3344853 ], [ 57.632283, -20.3344606 ], [ 57.6319249, -20.3343075 ], [ 57.6315667, -20.3341297 ], [ 57.6310348, -20.3339074 ], [ 57.6306398, -20.3338729 ], [ 57.6302922, -20.3338284 ], [ 57.6299077, -20.3337247 ], [ 57.6294336, -20.3335765 ], [ 57.6291071, -20.333458 ], [ 57.6287121, -20.3333691 ], [ 57.6281643, -20.3332506 ], [ 57.6275323, -20.3331469 ], [ 57.6272374, -20.3331716 ], [ 57.6247619, -20.3341642 ], [ 57.6236203, -20.3347686 ], [ 57.623303, -20.3350483 ], [ 57.6221706, -20.3364311 ], [ 57.6219072, -20.3366434 ], [ 57.6211014, -20.3371422 ], [ 57.620285, -20.3375867 ], [ 57.6200691, -20.3376361 ], [ 57.6189999, -20.3375423 ], [ 57.6176832, -20.3374287 ], [ 57.6169774, -20.3374089 ], [ 57.6163349, -20.3372657 ], [ 57.6159609, -20.3371175 ], [ 57.6153658, -20.3366039 ], [ 57.6149707, -20.3363126 ], [ 57.6145599, -20.3361595 ], [ 57.61397, -20.3361348 ], [ 57.612411, -20.3366484 ], [ 57.6118896, -20.3367867 ], [ 57.6113102, -20.3368509 ], [ 57.6104201, -20.3368558 ], [ 57.6096986, -20.3368953 ], [ 57.6092298, -20.3369447 ], [ 57.6084767, -20.3370731 ], [ 57.6070283, -20.3372953 ], [ 57.6067122, -20.3373151 ], [ 57.6064068, -20.3372459 ], [ 57.6062066, -20.3370928 ], [ 57.6057115, -20.3365941 ], [ 57.6054376, -20.3363521 ], [ 57.6047214, -20.3359175 ], [ 57.604063, -20.3355322 ], [ 57.6034784, -20.3352359 ], [ 57.6026515, -20.3349297 ], [ 57.6018825, -20.3347668 ], [ 57.6012064, -20.3346924 ], [ 57.6008468, -20.3346136 ], [ 57.6005152, -20.3345041 ], [ 57.6001977, -20.3343465 ], [ 57.5995775, -20.3341795 ], [ 57.5987617, -20.3342474 ], [ 57.5980135, -20.3343053 ], [ 57.5974126, -20.3342571 ], [ 57.5970475, -20.3341077 ], [ 57.5965337, -20.3339103 ], [ 57.5958766, -20.3338877 ], [ 57.5951632, -20.333935 ], [ 57.5942349, -20.3339546 ], [ 57.5935703, -20.3339808 ], [ 57.5930855, -20.3340892 ], [ 57.5925295, -20.3341612 ], [ 57.5917216, -20.3341407 ], [ 57.5911332, -20.3340225 ], [ 57.5901105, -20.3338867 ], [ 57.5890364, -20.3336064 ], [ 57.5883219, -20.3333218 ], [ 57.5876401, -20.3329803 ], [ 57.5861908, -20.3319371 ], [ 57.5852603, -20.3309895 ], [ 57.5844869, -20.3304984 ], [ 57.5837167, -20.3299726 ], [ 57.583082, -20.329545 ], [ 57.5823117, -20.3291 ], [ 57.5816893, -20.3287996 ], [ 57.5810916, -20.3285627 ], [ 57.5803891, -20.3283431 ], [ 57.5797421, -20.3281986 ], [ 57.5790333, -20.3280282 ], [ 57.577951, -20.3274568 ], [ 57.576862, -20.3271777 ], [ 57.5750745, -20.3265146 ], [ 57.5749683, -20.3265096 ], [ 57.5748533, -20.3265395 ], [ 57.5747082, -20.3265594 ], [ 57.5744923, -20.3265395 ], [ 57.5743135, -20.3265146 ], [ 57.5741437, -20.3265428 ], [ 57.5739667, -20.326581 ], [ 57.5738535, -20.3266524 ], [ 57.5737384, -20.3266889 ], [ 57.573542, -20.3266872 ], [ 57.5733367, -20.3266158 ], [ 57.5731438, -20.3265279 ], [ 57.5729863, -20.3264117 ], [ 57.5728554, -20.3263371 ], [ 57.5726926, -20.3262906 ], [ 57.5724944, -20.3262674 ], [ 57.5722148, -20.3262408 ], [ 57.571852, -20.3261778 ], [ 57.5715512, -20.3261081 ], [ 57.5713919, -20.3260931 ], [ 57.5711902, -20.3261512 ], [ 57.5709, -20.3262143 ], [ 57.5706239, -20.3262458 ], [ 57.5702983, -20.3262375 ], [ 57.5701196, -20.3262707 ], [ 57.5699338, -20.3262873 ], [ 57.5697869, -20.326269 ], [ 57.5696418, -20.3262392 ], [ 57.5694684, -20.3262076 ], [ 57.5693304, -20.3261695 ], [ 57.5691428, -20.3260898 ], [ 57.5690065, -20.3260616 ], [ 57.5688526, -20.3260367 ], [ 57.5686951, -20.3259919 ], [ 57.5685234, -20.3259172 ], [ 57.568373, -20.3258326 ], [ 57.5682403, -20.325743 ], [ 57.5681076, -20.325665 ], [ 57.56792, -20.3255887 ], [ 57.5677519, -20.3255538 ], [ 57.5675838, -20.325514 ], [ 57.5674121, -20.3254692 ], [ 57.5672139, -20.3253812 ], [ 57.5670688, -20.3253232 ], [ 57.5668972, -20.3252883 ], [ 57.5667131, -20.3252784 ], [ 57.5665397, -20.3252734 ], [ 57.566315, -20.3253016 ], [ 57.5661262, -20.3253217 ], [ 57.5659583, -20.325308 ], [ 57.5656386, -20.3252755 ], [ 57.5651541, -20.3251859 ], [ 57.5649076, -20.325118 ], [ 57.5646296, -20.3250472 ], [ 57.5644239, -20.3249851 ], [ 57.5643484, -20.324957 ], [ 57.5642283, -20.3249259 ], [ 57.564085, -20.3248717 ], [ 57.5639186, -20.3248053 ], [ 57.5635546, -20.3246457 ], [ 57.5633456, -20.3245855 ], [ 57.5630957, -20.3245231 ], [ 57.562833, -20.3244541 ], [ 57.5624244, -20.3243654 ], [ 57.5622399, -20.324338 ], [ 57.5620473, -20.3243282 ], [ 57.5618115, -20.324337 ], [ 57.561648, -20.324361 ], [ 57.5615605, -20.3243599 ], [ 57.5614624, -20.3243216 ], [ 57.5613281, -20.3242483 ], [ 57.5611857, -20.3241705 ], [ 57.5610106, -20.324072 ], [ 57.5608751, -20.3240063 ], [ 57.5607327, -20.3239363 ], [ 57.5605973, -20.3238596 ], [ 57.5604759, -20.3237961 ], [ 57.5603252, -20.3237184 ], [ 57.5601023, -20.3236253 ], [ 57.5599855, -20.3235531 ], [ 57.5599096, -20.3234491 ], [ 57.5598046, -20.3232339 ], [ 57.5597498, -20.3231161 ], [ 57.5596984, -20.3230332 ], [ 57.5596046, -20.3229585 ], [ 57.559479, -20.3228871 ], [ 57.5593728, -20.3228207 ], [ 57.5592047, -20.3227328 ], [ 57.5590189, -20.3226631 ], [ 57.558911, -20.3225934 ], [ 57.5588313, -20.3225021 ], [ 57.5587464, -20.3224208 ], [ 57.5586243, -20.3223694 ], [ 57.5584403, -20.3223163 ], [ 57.5582509, -20.3222947 ], [ 57.5560427, -20.3221082 ], [ 57.5538859, -20.3212298 ], [ 57.5495232, -20.3150119 ], [ 57.5486649, -20.3138871 ], [ 57.5448237, -20.3088974 ], [ 57.5359824, -20.2991524 ], [ 57.5356677, -20.2985071 ], [ 57.5355533, -20.2981654 ], [ 57.5352427, -20.2976048 ], [ 57.5350559, -20.2973179 ], [ 57.5350419, -20.2966346 ], [ 57.5350269, -20.2964551 ], [ 57.5350423, -20.2962731 ], [ 57.5351193, -20.2959465 ], [ 57.5351778, -20.2957067 ], [ 57.535184, -20.2953975 ], [ 57.5351193, -20.2951692 ], [ 57.5350792, -20.295016 ], [ 57.53507, -20.2948686 ], [ 57.5351686, -20.2946981 ], [ 57.5352703, -20.2945219 ], [ 57.5353165, -20.294334 ], [ 57.535375, -20.2942213 ], [ 57.5356523, -20.2940421 ], [ 57.5359019, -20.2939121 ], [ 57.53621, -20.2938023 ], [ 57.5364965, -20.2935769 ], [ 57.5366752, -20.2934844 ], [ 57.5368262, -20.2933717 ], [ 57.5369248, -20.2932388 ], [ 57.5370203, -20.2930914 ], [ 57.5371435, -20.2929382 ], [ 57.5372668, -20.2928833 ], [ 57.5374886, -20.2928602 ], [ 57.5377382, -20.2927649 ], [ 57.5378368, -20.2926839 ], [ 57.5379816, -20.2925799 ], [ 57.5381202, -20.2924788 ], [ 57.5381942, -20.2923112 ], [ 57.5382743, -20.2921984 ], [ 57.5384345, -20.2920742 ], [ 57.5385978, -20.2920597 ], [ 57.538835, -20.2919817 ], [ 57.538986, -20.2918603 ], [ 57.5390661, -20.291713 ], [ 57.5391062, -20.2915338 ], [ 57.5392541, -20.2912997 ], [ 57.5393865, -20.2911234 ], [ 57.5396515, -20.2908229 ], [ 57.5398733, -20.290583 ], [ 57.5399596, -20.2904588 ], [ 57.5400274, -20.290268 ], [ 57.5400305, -20.2901813 ], [ 57.5400243, -20.2900253 ], [ 57.5399658, -20.2898779 ], [ 57.5399504, -20.289719 ], [ 57.5400243, -20.2895716 ], [ 57.5401814, -20.2894502 ], [ 57.5403725, -20.2893808 ], [ 57.5405974, -20.2892941 ], [ 57.5406775, -20.289219 ], [ 57.5406621, -20.2890976 ], [ 57.5405974, -20.2888925 ], [ 57.540545, -20.288774 ], [ 57.5404156, -20.2885861 ], [ 57.5403417, -20.2884705 ], [ 57.5403047, -20.2882393 ], [ 57.5403232, -20.2880746 ], [ 57.5403417, -20.2875342 ], [ 57.5403386, -20.2872683 ], [ 57.5403293, -20.2870342 ], [ 57.5403293, -20.2868262 ], [ 57.5403663, -20.2865719 ], [ 57.5404526, -20.2863782 ], [ 57.5405697, -20.2861644 ], [ 57.5406159, -20.2859852 ], [ 57.5406436, -20.2857713 ], [ 57.5406998, -20.2853493 ], [ 57.5406978, -20.2851453 ], [ 57.5406856, -20.2850061 ], [ 57.5406388, -20.284865 ], [ 57.5405291, -20.2847201 ], [ 57.5404254, -20.2846038 ], [ 57.5403217, -20.2844208 ], [ 57.5401754, -20.2842149 ], [ 57.5400493, -20.2840966 ], [ 57.5398949, -20.2839956 ], [ 57.539718, -20.283906 ], [ 57.5395635, -20.2838431 ], [ 57.5394253, -20.2837344 ], [ 57.5393846, -20.28362 ], [ 57.5393562, -20.2834083 ], [ 57.539344, -20.2832672 ], [ 57.5393724, -20.2830537 ], [ 57.5393582, -20.2827906 ], [ 57.5392464, -20.2826247 ], [ 57.5391041, -20.2825122 ], [ 57.5389476, -20.282455 ], [ 57.5386935, -20.2824111 ], [ 57.5385187, -20.2824073 ], [ 57.5383906, -20.2824416 ], [ 57.5383398, -20.282516 ], [ 57.5383114, -20.2826094 ], [ 57.5382321, -20.282699 ], [ 57.5381264, -20.2827448 ], [ 57.5379353, -20.2827639 ], [ 57.5378133, -20.2827276 ], [ 57.5376649, -20.2825904 ], [ 57.5376101, -20.2824416 ], [ 57.5375084, -20.2821499 ], [ 57.5374129, -20.2819554 ], [ 57.5374007, -20.2818105 ], [ 57.537417, -20.2816485 ], [ 57.5374535, -20.2814139 ], [ 57.5374698, -20.2812385 ], [ 57.5374901, -20.281105 ], [ 57.5374983, -20.2809716 ], [ 57.53748, -20.2808171 ], [ 57.5374596, -20.280697 ], [ 57.5374048, -20.2805788 ], [ 57.5373255, -20.2804529 ], [ 57.5373112, -20.2803614 ], [ 57.5373194, -20.2802737 ], [ 57.5373804, -20.2801879 ], [ 57.5374779, -20.2801116 ], [ 57.5375714, -20.2800354 ], [ 57.5376446, -20.2799477 ], [ 57.5376771, -20.2798638 ], [ 57.5376629, -20.2797875 ], [ 57.5375592, -20.2796636 ], [ 57.5374637, -20.2795701 ], [ 57.537423, -20.279492 ], [ 57.5374068, -20.2793661 ], [ 57.5374129, -20.2792689 ], [ 57.5374109, -20.2791716 ], [ 57.5373478, -20.2790496 ], [ 57.5372747, -20.2789447 ], [ 57.537173, -20.2788093 ], [ 57.5371283, -20.2787083 ], [ 57.5370917, -20.2786072 ], [ 57.5370592, -20.278531 ], [ 57.5370124, -20.2784757 ], [ 57.5369393, -20.278428 ], [ 57.5368498, -20.2784147 ], [ 57.5367299, -20.2784089 ], [ 57.5365856, -20.2783861 ], [ 57.5364799, -20.2783555 ], [ 57.5363945, -20.278285 ], [ 57.5363559, -20.2782125 ], [ 57.5363254, -20.2781134 ], [ 57.536301, -20.277978 ], [ 57.5362969, -20.277875 ], [ 57.5362888, -20.2777816 ], [ 57.5362197, -20.2776653 ], [ 57.5360652, -20.2775509 ], [ 57.5358638, -20.2774546 ], [ 57.535162, -20.2772999 ], [ 57.5351551, -20.2770014 ], [ 57.5347246, -20.2766552 ], [ 57.5345526, -20.2763943 ], [ 57.5345663, -20.2758385 ], [ 57.5344581, -20.2754615 ], [ 57.5342052, -20.2752508 ], [ 57.5337132, -20.2747314 ], [ 57.5338866, -20.2744111 ], [ 57.533982, -20.2742348 ], [ 57.5340002, -20.2737883 ], [ 57.533499, -20.2732325 ], [ 57.5332484, -20.2727085 ], [ 57.5335309, -20.2719887 ], [ 57.5334352, -20.2717563 ], [ 57.531827, -20.2710638 ], [ 57.5315445, -20.2707495 ], [ 57.5316994, -20.2703394 ], [ 57.5315445, -20.2701025 ], [ 57.5315217, -20.2685034 ], [ 57.531262, -20.2681161 ], [ 57.5311937, -20.2677425 ], [ 57.531278, -20.2671684 ], [ 57.531229, -20.2669338 ], [ 57.5312513, -20.2667651 ], [ 57.5312005, -20.2666286 ], [ 57.5305422, -20.2666012 ], [ 57.5300479, -20.2664053 ], [ 57.5300114, -20.2662459 ], [ 57.5305764, -20.2655693 ], [ 57.5316704, -20.26529 ], [ 57.5318493, -20.2652118 ], [ 57.5320038, -20.2651412 ], [ 57.5320892, -20.2650631 ], [ 57.5321196, -20.2649906 ], [ 57.5321196, -20.2649238 ], [ 57.532077, -20.2648247 ], [ 57.5320485, -20.2647427 ], [ 57.5319774, -20.2646512 ], [ 57.531886, -20.2645212 ], [ 57.5318346, -20.2644615 ], [ 57.5316538, -20.2643212 ], [ 57.5315959, -20.2641887 ], [ 57.5315363, -20.2641249 ], [ 57.5314366, -20.2640943 ], [ 57.5313309, -20.2640581 ], [ 57.5312151, -20.2640142 ], [ 57.5310464, -20.2639761 ], [ 57.5309, -20.263978 ], [ 57.5307902, -20.2639761 ], [ 57.5306236, -20.2639666 ], [ 57.5304589, -20.2639952 ], [ 57.5302412, -20.2640978 ], [ 57.529877, -20.2643483 ], [ 57.5297644, -20.264416 ], [ 57.5296504, -20.2644421 ], [ 57.5295333, -20.2644305 ], [ 57.5294317, -20.2643843 ], [ 57.5294317, -20.2642889 ], [ 57.5294964, -20.2641762 ], [ 57.5295087, -20.2640692 ], [ 57.5294686, -20.2639363 ], [ 57.5294101, -20.2637484 ], [ 57.5293762, -20.2635865 ], [ 57.5293731, -20.2634073 ], [ 57.5293546, -20.2632194 ], [ 57.5293177, -20.2631096 ], [ 57.5292437, -20.2629795 ], [ 57.5291759, -20.2628928 ], [ 57.5290958, -20.2627801 ], [ 57.5289339, -20.2626996 ], [ 57.5288213, -20.2627096 ], [ 57.528714, -20.2627398 ], [ 57.5286174, -20.2628002 ], [ 57.5283224, -20.2631424 ], [ 57.5282258, -20.2631978 ], [ 57.5279147, -20.2633236 ], [ 57.5277645, -20.2631877 ], [ 57.5277001, -20.2628656 ], [ 57.5276143, -20.2626643 ], [ 57.5275821, -20.2625586 ], [ 57.5275606, -20.262458 ], [ 57.5275499, -20.2623423 ], [ 57.5275499, -20.2622366 ], [ 57.5275053, -20.2620215 ], [ 57.5274952, -20.2619242 ], [ 57.5274322, -20.2617431 ], [ 57.527422, -20.2616516 ], [ 57.5274139, -20.2615562 ], [ 57.5273813, -20.2613255 ], [ 57.5273041, -20.2610852 ], [ 57.5271923, -20.2607763 ], [ 57.5271638, -20.2606409 ], [ 57.5271415, -20.2605436 ], [ 57.527176, -20.2603739 ], [ 57.5271008, -20.2600726 ], [ 57.5270642, -20.2598991 ], [ 57.5270561, -20.2598056 ], [ 57.5270541, -20.259716 ], [ 57.5271333, -20.259592 ], [ 57.527235, -20.2595253 ], [ 57.5273407, -20.2594872 ], [ 57.527483, -20.259449 ], [ 57.5276293, -20.2593632 ], [ 57.5277716, -20.2592888 ], [ 57.527859, -20.2592335 ], [ 57.5279139, -20.2591725 ], [ 57.5279308, -20.2591095 ], [ 57.5279038, -20.2590047 ], [ 57.5278306, -20.2589189 ], [ 57.5277371, -20.2588598 ], [ 57.5276273, -20.2588273 ], [ 57.5274911, -20.2588121 ], [ 57.5273712, -20.2587663 ], [ 57.5270134, -20.2585222 ], [ 57.5268162, -20.2582667 ], [ 57.5267431, -20.2581046 ], [ 57.5267187, -20.2580092 ], [ 57.5267187, -20.2579425 ], [ 57.5267634, -20.2578738 ], [ 57.526861, -20.2578395 ], [ 57.5269598, -20.2578363 ], [ 57.5271618, -20.257809 ], [ 57.5273387, -20.257767 ], [ 57.5275175, -20.257706 ], [ 57.5276766, -20.2576794 ], [ 57.5277859, -20.2576551 ], [ 57.527802, -20.2574991 ], [ 57.5277162, -20.2573028 ], [ 57.5277108, -20.2571921 ], [ 57.5277216, -20.2569857 ], [ 57.5277427, -20.2568955 ], [ 57.5277591, -20.2567844 ], [ 57.5278074, -20.2563667 ], [ 57.527802, -20.2559339 ], [ 57.5277987, -20.2559097 ], [ 57.5277484, -20.2556118 ], [ 57.5276786, -20.2554055 ], [ 57.5276465, -20.2551891 ], [ 57.527566, -20.2549928 ], [ 57.5274909, -20.2549073 ], [ 57.5273782, -20.254872 ], [ 57.5271315, -20.2548569 ], [ 57.5270134, -20.254867 ], [ 57.5269008, -20.2548972 ], [ 57.5266701, -20.2549274 ], [ 57.5260854, -20.2550331 ], [ 57.5259728, -20.255018 ], [ 57.5258816, -20.2549576 ], [ 57.525844, -20.2548569 ], [ 57.5258923, -20.2547663 ], [ 57.5259298, -20.2546607 ], [ 57.5259835, -20.2544593 ], [ 57.5260586, -20.2541322 ], [ 57.5260854, -20.2539309 ], [ 57.5261176, -20.2538303 ], [ 57.5261927, -20.2537497 ], [ 57.5263429, -20.2535132 ], [ 57.526359, -20.2532062 ], [ 57.5263965, -20.2531005 ], [ 57.5263965, -20.2528942 ], [ 57.5263536, -20.2527834 ], [ 57.5262732, -20.2527029 ], [ 57.5261712, -20.2526325 ], [ 57.5259459, -20.2525318 ], [ 57.5256616, -20.2523154 ], [ 57.5254631, -20.2522047 ], [ 57.5252807, -20.2520738 ], [ 57.525211, -20.2519832 ], [ 57.525034, -20.2517014 ], [ 57.5249374, -20.2516511 ], [ 57.5248248, -20.2516309 ], [ 57.5247067, -20.251636 ], [ 57.5244868, -20.2516762 ], [ 57.5243742, -20.2517115 ], [ 57.5242481, -20.2517028 ], [ 57.5239937, -20.2514308 ], [ 57.5239906, -20.2507834 ], [ 57.5238437, -20.2496487 ], [ 57.524162, -20.2483498 ], [ 57.5241656, -20.2479087 ], [ 57.523396, -20.247878 ], [ 57.5228281, -20.2476873 ], [ 57.5224199, -20.2471912 ], [ 57.522045, -20.2469589 ], [ 57.5207883, -20.2467817 ], [ 57.5202622, -20.2466348 ], [ 57.5197523, -20.2469462 ], [ 57.5194884, -20.2474727 ], [ 57.5188063, -20.2482673 ], [ 57.5185697, -20.2483003 ], [ 57.5183885, -20.2481059 ], [ 57.5183479, -20.2479381 ], [ 57.5183072, -20.2477741 ], [ 57.5183926, -20.2474994 ], [ 57.5184902, -20.2472095 ], [ 57.5185105, -20.2470303 ], [ 57.5186365, -20.2468281 ], [ 57.5188195, -20.2465153 ], [ 57.5188886, -20.2461682 ], [ 57.5187991, -20.2459165 ], [ 57.5186812, -20.2457525 ], [ 57.5183235, -20.2456686 ], [ 57.5179657, -20.2456686 ], [ 57.517608, -20.245741 ], [ 57.5174413, -20.2458364 ], [ 57.517303, -20.2461034 ], [ 57.5172014, -20.2462407 ], [ 57.5170225, -20.2463017 ], [ 57.5168843, -20.2462636 ], [ 57.5167786, -20.2461263 ], [ 57.5167827, -20.2459966 ], [ 57.5168274, -20.2458173 ], [ 57.516864, -20.2455046 ], [ 57.5168721, -20.245352 ], [ 57.5168193, -20.2448523 ], [ 57.5167705, -20.2447074 ], [ 57.5166363, -20.2445434 ], [ 57.5164696, -20.2444709 ], [ 57.5162216, -20.2444556 ], [ 57.5159452, -20.2445815 ], [ 57.5156565, -20.2448065 ], [ 57.5153696, -20.2450456 ], [ 57.5130308, -20.2468927 ], [ 57.5126311, -20.2467367 ], [ 57.5122623, -20.2466184 ], [ 57.5120169, -20.2464976 ], [ 57.5118291, -20.2465957 ], [ 57.5114965, -20.24686 ], [ 57.5110593, -20.2471594 ], [ 57.5105605, -20.2473431 ], [ 57.5100401, -20.2473934 ], [ 57.5095278, -20.2474362 ], [ 57.5092381, -20.2473054 ], [ 57.508927, -20.2470185 ], [ 57.5087473, -20.246719 ], [ 57.5085193, -20.2464699 ], [ 57.5083691, -20.2463038 ], [ 57.5079989, -20.2462635 ], [ 57.5076449, -20.2462535 ], [ 57.5071406, -20.2463793 ], [ 57.5070172, -20.2463994 ], [ 57.5056171, -20.2464196 ], [ 57.5052524, -20.2464699 ], [ 57.5042921, -20.2464598 ], [ 57.5041848, -20.2463944 ], [ 57.5041312, -20.2462988 ], [ 57.5041097, -20.2461981 ], [ 57.5041527, -20.2460924 ], [ 57.504335, -20.2459767 ], [ 57.5046945, -20.245881 ], [ 57.5050378, -20.2457502 ], [ 57.5052255, -20.2455942 ], [ 57.5052738, -20.2454985 ], [ 57.5052845, -20.2453928 ], [ 57.505247, -20.2452721 ], [ 57.505129, -20.2450858 ], [ 57.5049198, -20.2449801 ], [ 57.5046676, -20.2449449 ], [ 57.5038093, -20.2449449 ], [ 57.5035465, -20.2449751 ], [ 57.503171, -20.2450909 ], [ 57.5020337, -20.2455992 ], [ 57.5018889, -20.2456193 ], [ 57.5017708, -20.2455942 ], [ 57.5016689, -20.2455136 ], [ 57.5015294, -20.2453324 ], [ 57.5014651, -20.245116 ], [ 57.5014597, -20.2450053 ], [ 57.5014597, -20.2448996 ], [ 57.5014973, -20.2447788 ], [ 57.5017118, -20.2443711 ], [ 57.5017118, -20.2442654 ], [ 57.5016689, -20.2440943 ], [ 57.5016153, -20.2437772 ], [ 57.5016153, -20.2435206 ], [ 57.5017226, -20.2430877 ], [ 57.5017172, -20.242977 ], [ 57.501685, -20.2428763 ], [ 57.5015885, -20.2428059 ], [ 57.5014704, -20.2427706 ], [ 57.501111, -20.2427857 ], [ 57.5009823, -20.2428411 ], [ 57.500875, -20.2429166 ], [ 57.500763, -20.2430814 ], [ 57.500696, -20.2431745 ], [ 57.5005994, -20.243227 ], [ 57.5002821, -20.2432245 ], [ 57.499901, -20.2430136 ], [ 57.4997468, -20.2427637 ], [ 57.4996427, -20.2424574 ], [ 57.4996725, -20.2421763 ], [ 57.4997902, -20.2420792 ], [ 57.4999938, -20.2421008 ], [ 57.5002037, -20.2419534 ], [ 57.5003175, -20.2418123 ], [ 57.500472, -20.2417551 ], [ 57.5006346, -20.2416635 ], [ 57.5008501, -20.2415071 ], [ 57.500968, -20.2412859 ], [ 57.5009558, -20.2410532 ], [ 57.5008463, -20.2408423 ], [ 57.4999273, -20.2404645 ], [ 57.4986548, -20.2400282 ], [ 57.4985305, -20.2398962 ], [ 57.4984084, -20.2398729 ], [ 57.4982598, -20.2398563 ], [ 57.4981235, -20.2397999 ], [ 57.4980226, -20.2397218 ], [ 57.4979324, -20.2396405 ], [ 57.4978634, -20.2395276 ], [ 57.4977542, -20.2394683 ], [ 57.4976567, -20.2394664 ], [ 57.4975672, -20.2394302 ], [ 57.4975184, -20.2393691 ], [ 57.4974534, -20.2393329 ], [ 57.4973619, -20.2393215 ], [ 57.4972684, -20.2392909 ], [ 57.4971769, -20.2392242 ], [ 57.4971058, -20.2391803 ], [ 57.4969676, -20.2391632 ], [ 57.4968273, -20.2391632 ], [ 57.4966952, -20.2391517 ], [ 57.49662, -20.2390869 ], [ 57.4965692, -20.2390011 ], [ 57.496496, -20.2389438 ], [ 57.4963659, -20.2388885 ], [ 57.4961666, -20.2387825 ], [ 57.4959847, -20.2386593 ], [ 57.4955852, -20.2382976 ], [ 57.4954457, -20.2382019 ], [ 57.4953384, -20.2381617 ], [ 57.4952392, -20.2381088 ], [ 57.4950219, -20.2380333 ], [ 57.4948594, -20.2380118 ], [ 57.494641, -20.237983 ], [ 57.4943514, -20.2379805 ], [ 57.494177, -20.2380232 ], [ 57.4940402, -20.2380887 ], [ 57.4938042, -20.2381138 ], [ 57.4937825, -20.2381188 ], [ 57.4936406, -20.2381516 ], [ 57.49343, -20.2382277 ], [ 57.4934044, -20.2382483 ], [ 57.4933576, -20.2382781 ], [ 57.4933348, -20.2383284 ], [ 57.4933308, -20.2383825 ], [ 57.4933844, -20.2384995 ], [ 57.4934233, -20.2385498 ], [ 57.4935507, -20.2387147 ], [ 57.4935829, -20.2388103 ], [ 57.4935749, -20.2388355 ], [ 57.4935226, -20.2388619 ], [ 57.4934676, -20.2388758 ], [ 57.4934449, -20.2388943 ], [ 57.493375, -20.2389512 ], [ 57.4933522, -20.2390305 ], [ 57.4933496, -20.2392457 ], [ 57.4933589, -20.239325 ], [ 57.4933844, -20.2394269 ], [ 57.4934628, -20.2396335 ], [ 57.4934823, -20.2396848 ], [ 57.4934877, -20.2397905 ], [ 57.4934528, -20.2398321 ], [ 57.493375, -20.2398799 ], [ 57.4932168, -20.2398925 ], [ 57.4929124, -20.2400472 ], [ 57.4927809, -20.2401403 ], [ 57.492646, -20.2401172 ], [ 57.4925692, -20.2401041 ], [ 57.4925234, -20.2400963 ], [ 57.4924497, -20.2400523 ], [ 57.492333, -20.2399277 ], [ 57.4922709, -20.2398087 ], [ 57.4922016, -20.239676 ], [ 57.4920661, -20.239486 ], [ 57.4920219, -20.2393665 ], [ 57.4918824, -20.239179 ], [ 57.4916987, -20.2390934 ], [ 57.4915713, -20.2389752 ], [ 57.4913711, -20.2389034 ], [ 57.4911439, -20.2387592 ], [ 57.4906611, -20.2386535 ], [ 57.490291, -20.2386585 ], [ 57.4898833, -20.2386988 ], [ 57.4896687, -20.2387592 ], [ 57.4894649, -20.2388649 ], [ 57.4893415, -20.2388599 ], [ 57.4891591, -20.2387642 ], [ 57.4889606, -20.2385327 ], [ 57.4888641, -20.2383163 ], [ 57.4887514, -20.2380797 ], [ 57.4887085, -20.2378281 ], [ 57.4886441, -20.2374908 ], [ 57.4884725, -20.2371385 ], [ 57.4883169, -20.2368969 ], [ 57.4881184, -20.2367258 ], [ 57.487877, -20.236615 ], [ 57.4875498, -20.2365597 ], [ 57.487303, -20.2365647 ], [ 57.4869704, -20.2366201 ], [ 57.4867129, -20.2365496 ], [ 57.4864823, -20.2364288 ], [ 57.486316, -20.2363181 ], [ 57.4860477, -20.2361671 ], [ 57.4857849, -20.2360412 ], [ 57.4853343, -20.2359003 ], [ 57.484948, -20.2357745 ], [ 57.4846423, -20.2357896 ], [ 57.4844438, -20.2358198 ], [ 57.4842292, -20.2359053 ], [ 57.4839663, -20.2359456 ], [ 57.4837142, -20.235855 ], [ 57.4835426, -20.2356688 ], [ 57.4834192, -20.2353919 ], [ 57.4833763, -20.235105 ], [ 57.4833816, -20.2348131 ], [ 57.4834353, -20.2345614 ], [ 57.4835801, -20.2343148 ], [ 57.4836713, -20.2340984 ], [ 57.4837089, -20.233897 ], [ 57.4836391, -20.2336101 ], [ 57.4835265, -20.2333836 ], [ 57.4833012, -20.2331269 ], [ 57.48299, -20.2328048 ], [ 57.482872, -20.2326085 ], [ 57.4828291, -20.2323568 ], [ 57.4828774, -20.2320951 ], [ 57.4830168, -20.2319139 ], [ 57.4832261, -20.2317478 ], [ 57.4834192, -20.2314911 ], [ 57.4834782, -20.2312847 ], [ 57.4835104, -20.2310129 ], [ 57.4834889, -20.2307159 ], [ 57.4833226, -20.2301471 ], [ 57.4831188, -20.2295985 ], [ 57.482813, -20.2289341 ], [ 57.4826145, -20.2281992 ], [ 57.4825394, -20.2279022 ], [ 57.482577, -20.2277612 ], [ 57.4826735, -20.2276455 ], [ 57.4828184, -20.22758 ], [ 57.4830115, -20.2275851 ], [ 57.483151, -20.2276505 ], [ 57.4834353, -20.2277562 ], [ 57.483741, -20.2277663 ], [ 57.4840039, -20.2276404 ], [ 57.4841595, -20.2274441 ], [ 57.4842185, -20.2271874 ], [ 57.4841917, -20.2268552 ], [ 57.4841273, -20.2266086 ], [ 57.4839288, -20.2263468 ], [ 57.4836123, -20.226075 ], [ 57.48321, -20.2257176 ], [ 57.4827164, -20.2254961 ], [ 57.4825072, -20.2253904 ], [ 57.4823785, -20.2252193 ], [ 57.4823409, -20.2250683 ], [ 57.4823356, -20.2248619 ], [ 57.4823999, -20.2246807 ], [ 57.4825019, -20.2245146 ], [ 57.4826896, -20.2243082 ], [ 57.4829525, -20.2240515 ], [ 57.4832314, -20.2237243 ], [ 57.4833226, -20.2235481 ], [ 57.4834353, -20.2232964 ], [ 57.4834567, -20.2230951 ], [ 57.4834245, -20.2228283 ], [ 57.4833065, -20.2226017 ], [ 57.4831295, -20.2224205 ], [ 57.4828666, -20.2221588 ], [ 57.4826252, -20.2219625 ], [ 57.4823141, -20.221751 ], [ 57.4819547, -20.2216202 ], [ 57.4815148, -20.2215296 ], [ 57.4812412, -20.2214943 ], [ 57.4808711, -20.2215195 ], [ 57.4805599, -20.2215749 ], [ 57.4803239, -20.2215799 ], [ 57.4799752, -20.2214541 ], [ 57.4797338, -20.2213534 ], [ 57.4794871, -20.2211369 ], [ 57.4793798, -20.2209054 ], [ 57.4793369, -20.2206486 ], [ 57.4793275, -20.2201629 ], [ 57.4793763, -20.2200382 ], [ 57.4794617, -20.21992 ], [ 57.4795552, -20.2197216 ], [ 57.4795836, -20.219569 ], [ 57.4796324, -20.2194431 ], [ 57.4797137, -20.2192752 ], [ 57.4797015, -20.2190311 ], [ 57.4796202, -20.2188213 ], [ 57.4795145, -20.2186343 ], [ 57.4794291, -20.218558 ], [ 57.4793641, -20.2184054 ], [ 57.4792421, -20.2180125 ], [ 57.4791608, -20.217776 ], [ 57.4790632, -20.2175318 ], [ 57.4789088, -20.2173143 ], [ 57.4787746, -20.2170549 ], [ 57.4784341, -20.2167498 ], [ 57.4782739, -20.2167007 ], [ 57.478086, -20.2166226 ], [ 57.4779412, -20.2165128 ], [ 57.4777471, -20.216374 ], [ 57.4775807, -20.2162207 ], [ 57.4774513, -20.2160473 ], [ 57.4773219, -20.2158969 ], [ 57.4772017, -20.2156974 ], [ 57.4771771, -20.2155182 ], [ 57.4771495, -20.2153467 ], [ 57.4771863, -20.2152001 ], [ 57.4776023, -20.2149197 ], [ 57.477781, -20.214804 ], [ 57.4779535, -20.2146855 ], [ 57.4780244, -20.2145727 ], [ 57.4780051, -20.2144334 ], [ 57.4779525, -20.2142524 ], [ 57.4779023, -20.2140958 ], [ 57.4779253, -20.2138718 ], [ 57.4777041, -20.2137106 ], [ 57.477513, -20.2136176 ], [ 57.4772652, -20.2135379 ], [ 57.4770033, -20.2134515 ], [ 57.4766636, -20.2132589 ], [ 57.4764158, -20.2130596 ], [ 57.4763946, -20.2128338 ], [ 57.4763451, -20.2125747 ], [ 57.4763875, -20.2122758 ], [ 57.4763946, -20.2119702 ], [ 57.476253, -20.2117444 ], [ 57.4761752, -20.2115584 ], [ 57.4761539, -20.2113126 ], [ 57.4761752, -20.2110669 ], [ 57.4761752, -20.2108078 ], [ 57.476069, -20.2104225 ], [ 57.4758425, -20.2102963 ], [ 57.4756231, -20.2101767 ], [ 57.475439, -20.2099443 ], [ 57.4752479, -20.2096121 ], [ 57.475031, -20.2094007 ], [ 57.4746563, -20.2092242 ], [ 57.47445, -20.2071259 ], [ 57.4738053, -20.2065874 ], [ 57.4737738, -20.2063267 ], [ 57.4737489, -20.2060744 ], [ 57.4736196, -20.2056553 ], [ 57.4736806, -20.2053272 ], [ 57.4736887, -20.2050945 ], [ 57.4735952, -20.2048846 ], [ 57.4735179, -20.2047358 ], [ 57.4735098, -20.2045756 ], [ 57.473522, -20.204423 ], [ 57.4735464, -20.2042398 ], [ 57.4735667, -20.204091 ], [ 57.4735993, -20.203988 ], [ 57.4735952, -20.2038316 ], [ 57.4735464, -20.2036752 ], [ 57.473522, -20.203492 ], [ 57.4735098, -20.2033509 ], [ 57.4734448, -20.2030571 ], [ 57.4733553, -20.2028549 ], [ 57.47327, -20.2026527 ], [ 57.473087, -20.2022597 ], [ 57.4729854, -20.2020193 ], [ 57.4728797, -20.2018476 ], [ 57.4727008, -20.2016034 ], [ 57.4725788, -20.2014241 ], [ 57.4724243, -20.2012639 ], [ 57.4722455, -20.2011761 ], [ 57.4721479, -20.2010273 ], [ 57.4720991, -20.2008709 ], [ 57.4720503, -20.2006877 ], [ 57.4719771, -20.2003024 ], [ 57.4719934, -20.2000811 ], [ 57.4720422, -20.199959 ], [ 57.4720991, -20.199814 ], [ 57.47203, -20.1996957 ], [ 57.4718999, -20.1995011 ], [ 57.4717332, -20.1993638 ], [ 57.4716722, -20.1991539 ], [ 57.4716641, -20.1989212 ], [ 57.4716548, -20.1986138 ], [ 57.4716359, -20.1985657 ], [ 57.4715984, -20.198246 ], [ 57.4716037, -20.1981352 ], [ 57.4716493, -20.1980345 ], [ 57.4717861, -20.1978659 ], [ 57.4723145, -20.197448 ], [ 57.4724862, -20.1973398 ], [ 57.4726136, -20.1971403 ], [ 57.4727852, -20.1966142 ], [ 57.4728469, -20.1963071 ], [ 57.4729971, -20.1959521 ], [ 57.47315, -20.1957281 ], [ 57.4734451, -20.1955066 ], [ 57.4734842, -20.1953286 ], [ 57.4740925, -20.1942154 ], [ 57.4741422, -20.193705 ], [ 57.4742008, -20.1935286 ], [ 57.4742593, -20.1933696 ], [ 57.4743425, -20.1932221 ], [ 57.4744134, -20.1930052 ], [ 57.4744503, -20.192852 ], [ 57.4744442, -20.1927103 ], [ 57.4744101, -20.1926606 ], [ 57.4743117, -20.1924385 ], [ 57.47417, -20.192236 ], [ 57.4740344, -20.1920336 ], [ 57.4729595, -20.1915087 ], [ 57.4725524, -20.1910476 ], [ 57.4723552, -20.1908191 ], [ 57.4721426, -20.1906774 ], [ 57.4719855, -20.1905936 ], [ 57.4717914, -20.1904316 ], [ 57.4716035, -20.1902494 ], [ 57.4714248, -20.190047 ], [ 57.4712861, -20.1899053 ], [ 57.4711475, -20.1897405 ], [ 57.4710643, -20.1895988 ], [ 57.4709597, -20.1894142 ], [ 57.4708138, -20.1884717 ] ] ] } },
{ "type": "Feature", "properties": { "element": "relation", "id": 3488097, "admin_level": "4", "border_type": null, "boundary": "administrative", "maritime": null, "note": null, "type": "boundary", "ISO3166-1": null, "ISO3166-1:alpha2": null, "ISO3166-1:alpha3": null, "ISO3166-1:numeric": null, "driving_side": null, "flag": null, "name": "Pamplemousses", "name:ab": null, "name:af": null, "name:als": null, "name:am": null, "name:ami": null, "name:an": null, "name:ang": null, "name:ar": null, "name:ary": null, "name:arz": null, "name:ast": null, "name:avk": null, "name:az": null, "name:azb": null, "name:ba": null, "name:ban": null, "name:bar": null, "name:bcl": null, "name:be": null, "name:be-tarask": null, "name:bg": null, "name:bi": null, "name:bjn": null, "name:bn": null, "name:bo": null, "name:bpy": null, "name:br": null, "name:bs": null, "name:bxr": null, "name:ca": null, "name:cbk": null, "name:cdo": null, "name:ce": null, "name:ceb": null, "name:ckb": null, "name:crh": null, "name:cs": null, "name:cv": null, "name:cy": null, "name:da": null, "name:dag": null, "name:de": null, "name:diq": null, "name:dty": null, "name:dv": null, "name:ee": null, "name:el": null, "name:en": null, "name:eo": null, "name:es": null, "name:et": null, "name:eu": null, "name:ext": null, "name:fa": null, "name:ff": null, "name:fi": null, "name:fo": null, "name:fr": null, "name:frp": null, "name:frr": null, "name:fy": null, "name:ga": null, "name:gag": null, "name:gcr": null, "name:gd": null, "name:gl": null, "name:gn": null, "name:grc": null, "name:gu": null, "name:gv": null, "name:ha": null, "name:hak": null, "name:haw": null, "name:he": null, "name:hi": null, "name:hif": null, "name:hr": null, "name:hsb": null, "name:ht": null, "name:hu": null, "name:hy": null, "name:ia": null, "name:id": null, "name:ie": null, "name:ig": null, "name:ilo": null, "name:io": null, "name:is": null, "name:it": null, "name:ja": null, "name:jam": null, "name:jv": null, "name:ka": null, "name:kg": null, "name:ki": null, "name:kk": null, "name:kn": null, "name:ko": null, "name:ku": null, "name:kw": null, "name:ky": null, "name:la": null, "name:lad": null, "name:lb": null, "name:lfn": null, "name:lg": null, "name:li": null, "name:lij": null, "name:lld": null, "name:lmo": null, "name:ln": null, "name:lt": null, "name:lv": null, "name:mfe": null, "name:mg": null, "name:mhr": null, "name:mi": null, "name:min": null, "name:mk": null, "name:ml": null, "name:mn": null, "name:mr": null, "name:mrj": null, "name:ms": null, "name:mt": null, "name:my": null, "name:mzn": null, "name:na": null, "name:nah": null, "name:nan": null, "name:nds": null, "name:nds-NL": null, "name:ne": null, "name:nl": null, "name:nn": null, "name:no": null, "name:nov": null, "name:nso": null, "name:oc": null, "name:olo": null, "name:om": null, "name:or": null, "name:os": null, "name:pa": null, "name:pam": null, "name:pi": null, "name:pih": null, "name:pl": null, "name:pms": null, "name:pnb": null, "name:ps": null, "name:pt": null, "name:qu": null, "name:ro": null, "name:ru": null, "name:rw": null, "name:sa": null, "name:sah": null, "name:sc": null, "name:scn": null, "name:sco": null, "name:sd": null, "name:se": null, "name:sg": null, "name:sgs": null, "name:sh": null, "name:shn": null, "name:si": null, "name:simple": null, "name:sk": null, "name:sl": null, "name:sm": null, "name:smn": null, "name:sms": null, "name:sn": null, "name:so": null, "name:sq": null, "name:sr": null, "name:ss": null, "name:st": null, "name:stq": null, "name:su": null, "name:sv": null, "name:sw": null, "name:szl": null, "name:szy": null, "name:ta": null, "name:tay": null, "name:te": null, "name:tg": null, "name:th": null, "name:tk": null, "name:tl": null, "name:tr": null, "name:trv": null, "name:ts": null, "name:tt": null, "name:tzl": null, "name:udm": null, "name:ug": null, "name:uk": null, "name:ur": null, "name:uz": null, "name:vec": null, "name:vep": null, "name:vi": null, "name:vo": null, "name:vro": null, "name:war": null, "name:wo": null, "name:wuu": null, "name:xal": null, "name:xmf": null, "name:yi": null, "name:yo": null, "name:yue": null, "name:za": null, "name:zea": null, "name:zh": null, "name:zh-Hans": null, "name:zh-Hant": null, "name:zh-Hant-CN": null, "name:zh-Hant-TW": null, "name:zu": null, "official_name": null, "official_name:ca": null, "official_name:cs": null, "official_name:de": null, "official_name:fr": null, "official_name:sr": null, "official_name:xmf": null, "population": null, "timezone": null, "wikidata": "Q934126", "wikipedia": "en:Pamplemousses District", "wikipedia:xmf": null, "ISO3166-2": "MU-PA", "official_name:ar": null, "official_name:fa": null, "official_name:ur": null, "alt_name:en": null, "code": null }, "geometry": { "type": "Polygon", "coordinates": [ [ [ 57.5028537, -20.1375386 ], [ 57.5027163, -20.1374794 ], [ 57.5025621, -20.137463 ], [ 57.5024843, -20.1374907 ], [ 57.502444, -20.1375278 ], [ 57.5024159, -20.1375612 ], [ 57.502432, -20.1376708 ], [ 57.502369, -20.1377803 ], [ 57.5020677, -20.1379344 ], [ 57.5017395, -20.1378822 ], [ 57.5012436, -20.1380663 ], [ 57.5010158, -20.1381958 ], [ 57.5007866, -20.138329 ], [ 57.5006255, -20.1384083 ], [ 57.5003788, -20.1384262 ], [ 57.5003211, -20.1384489 ], [ 57.5002006, -20.1384635 ], [ 57.5001079, -20.1384602 ], [ 57.500069, -20.1384074 ], [ 57.500131, -20.1383657 ], [ 57.500077, -20.1382626 ], [ 57.499955, -20.1380749 ], [ 57.4999054, -20.137983 ], [ 57.4998155, -20.1377337 ], [ 57.4997284, -20.1375776 ], [ 57.49966, -20.1374139 ], [ 57.4995414, -20.1371992 ], [ 57.4994239, -20.1369392 ], [ 57.4992321, -20.1367138 ], [ 57.4991123, -20.1366429 ], [ 57.4989291, -20.1366282 ], [ 57.4987664, -20.136655 ], [ 57.4987292, -20.1366798 ], [ 57.4987239, -20.1367604 ], [ 57.4987413, -20.1369694 ], [ 57.4987909, -20.1372464 ], [ 57.4987982, -20.1374739 ], [ 57.4987869, -20.1375814 ], [ 57.4987537, -20.137651 ], [ 57.4986401, -20.1376948 ], [ 57.4985562, -20.1376997 ], [ 57.4985077, -20.1376409 ], [ 57.4983779, -20.1372735 ], [ 57.4982301, -20.1370151 ], [ 57.4981133, -20.1368903 ], [ 57.4979639, -20.1367255 ], [ 57.497835, -20.1365955 ], [ 57.4977346, -20.1364979 ], [ 57.4975933, -20.136316 ], [ 57.4975491, -20.136219 ], [ 57.4975563, -20.1361345 ], [ 57.4975812, -20.1359571 ], [ 57.4975712, -20.1357588 ], [ 57.4975471, -20.135467 ], [ 57.4975252, -20.135226 ], [ 57.4975323, -20.1350934 ], [ 57.4975024, -20.1349774 ], [ 57.4974747, -20.1348884 ], [ 57.4974565, -20.1347024 ], [ 57.4974605, -20.1346596 ], [ 57.4974421, -20.1346165 ], [ 57.4973814, -20.1345185 ], [ 57.4973362, -20.1344207 ], [ 57.4973217, -20.1342913 ], [ 57.497315, -20.134244 ], [ 57.4972668, -20.1341723 ], [ 57.4972077, -20.1341156 ], [ 57.4972071, -20.1340576 ], [ 57.4972145, -20.1339154 ], [ 57.4971937, -20.1337699 ], [ 57.4971762, -20.1337158 ], [ 57.4971036, -20.1336492 ], [ 57.4970455, -20.133518 ], [ 57.4970265, -20.1334632 ], [ 57.4969781, -20.1333934 ], [ 57.4969395, -20.1333305 ], [ 57.4969326, -20.1332739 ], [ 57.4969443, -20.1331826 ], [ 57.4969269, -20.13307 ], [ 57.4968931, -20.1329515 ], [ 57.4968383, -20.1327186 ], [ 57.4968204, -20.1325333 ], [ 57.4967551, -20.1324781 ], [ 57.4967095, -20.1324088 ], [ 57.4966921, -20.1322753 ], [ 57.4966916, -20.1320586 ], [ 57.4966358, -20.1318397 ], [ 57.4965861, -20.1318258 ], [ 57.4965566, -20.1317654 ], [ 57.4965597, -20.1316719 ], [ 57.4965253, -20.1312567 ], [ 57.4965161, -20.1307986 ], [ 57.4965095, -20.1304738 ], [ 57.496509, -20.1304487 ], [ 57.4965473, -20.1302065 ], [ 57.496554, -20.1300051 ], [ 57.4965234, -20.1296439 ], [ 57.4965017, -20.1293906 ], [ 57.4965285, -20.1292886 ], [ 57.4965365, -20.1291463 ], [ 57.4965405, -20.1289839 ], [ 57.4965258, -20.1288693 ], [ 57.4964901, -20.1286977 ], [ 57.4964158, -20.1284955 ], [ 57.4963823, -20.1282649 ], [ 57.4963936, -20.1281948 ], [ 57.4964536, -20.1281614 ], [ 57.4964625, -20.1280201 ], [ 57.4964882, -20.1279274 ], [ 57.4964323, -20.1278063 ], [ 57.4963649, -20.1276705 ], [ 57.4963673, -20.127553 ], [ 57.4963555, -20.1275156 ], [ 57.4963287, -20.127493 ], [ 57.4963219, -20.127435 ], [ 57.4963367, -20.1273645 ], [ 57.4963863, -20.1273255 ], [ 57.4963841, -20.1272833 ], [ 57.4963504, -20.1272508 ], [ 57.496216, -20.1270938 ], [ 57.4960785, -20.1269218 ], [ 57.4959628, -20.1268586 ], [ 57.4959411, -20.1267815 ], [ 57.4959022, -20.1267362 ], [ 57.4958439, -20.1266683 ], [ 57.4958904, -20.1265801 ], [ 57.4958807, -20.1265007 ], [ 57.4959075, -20.1264554 ], [ 57.495984, -20.1263912 ], [ 57.4960189, -20.1263169 ], [ 57.4960242, -20.1262589 ], [ 57.4960246, -20.1261791 ], [ 57.4961047, -20.1261217 ], [ 57.4962536, -20.1260465 ], [ 57.4963209, -20.1259506 ], [ 57.4964216, -20.1257131 ], [ 57.4964717, -20.125558 ], [ 57.4964869, -20.1254757 ], [ 57.4965316, -20.1254023 ], [ 57.4966011, -20.1253101 ], [ 57.4967173, -20.1250487 ], [ 57.4967985, -20.1249217 ], [ 57.4968809, -20.1247674 ], [ 57.4969458, -20.1246368 ], [ 57.4970448, -20.1244192 ], [ 57.4971119, -20.1242467 ], [ 57.4971454, -20.1240603 ], [ 57.4971829, -20.1236885 ], [ 57.4972527, -20.1236196 ], [ 57.4973157, -20.1234118 ], [ 57.4974431, -20.1229976 ], [ 57.4975973, -20.1223427 ], [ 57.4976282, -20.1220821 ], [ 57.4977341, -20.1219587 ], [ 57.4977864, -20.1217496 ], [ 57.4978857, -20.1212925 ], [ 57.4981251, -20.120477 ], [ 57.4981834, -20.1202637 ], [ 57.4982518, -20.1199791 ], [ 57.498351, -20.1194956 ], [ 57.4984342, -20.1192462 ], [ 57.4985623, -20.118924 ], [ 57.498854, -20.1184353 ], [ 57.4991656, -20.1179493 ], [ 57.4994574, -20.1173951 ], [ 57.4997485, -20.1169229 ], [ 57.4999765, -20.1165879 ], [ 57.5001843, -20.1162844 ], [ 57.5004111, -20.1159314 ], [ 57.5005183, -20.1156988 ], [ 57.5006041, -20.1155238 ], [ 57.5007664, -20.1151964 ], [ 57.5009501, -20.1148614 ], [ 57.5010815, -20.1145478 ], [ 57.5012116, -20.1143224 ], [ 57.5013052, -20.1141883 ], [ 57.501673, -20.1137683 ], [ 57.5020203, -20.1133125 ], [ 57.5021769, -20.1131584 ], [ 57.5028147, -20.1126003 ], [ 57.5032702, -20.1121778 ], [ 57.5037562, -20.1117916 ], [ 57.5040346, -20.1116199 ], [ 57.5043096, -20.1114675 ], [ 57.5045322, -20.1112698 ], [ 57.5048299, -20.1110784 ], [ 57.5051491, -20.1108744 ], [ 57.5055367, -20.1106666 ], [ 57.5059285, -20.1104176 ], [ 57.5060906, -20.1103253 ], [ 57.5062515, -20.1102372 ], [ 57.5065505, -20.1101024 ], [ 57.5068241, -20.109974 ], [ 57.507023, -20.1098978 ], [ 57.507209, -20.1098631 ], [ 57.5074759, -20.1098443 ], [ 57.5077119, -20.1097687 ], [ 57.5083664, -20.1095559 ], [ 57.5088036, -20.1093934 ], [ 57.5089149, -20.1094022 ], [ 57.5092059, -20.1093323 ], [ 57.509442, -20.1092058 ], [ 57.5097035, -20.1091504 ], [ 57.5099263, -20.1090503 ], [ 57.5105175, -20.1087851 ], [ 57.5108394, -20.1086265 ], [ 57.5111251, -20.1084627 ], [ 57.5113396, -20.1084048 ], [ 57.5115314, -20.1083104 ], [ 57.511699, -20.1081932 ], [ 57.5117581, -20.1081026 ], [ 57.5118586, -20.1080887 ], [ 57.5120115, -20.1080371 ], [ 57.5121778, -20.107964 ], [ 57.5123481, -20.1079415 ], [ 57.512438, -20.1078457 ], [ 57.5125198, -20.1077764 ], [ 57.5126445, -20.1076542 ], [ 57.51285, -20.1075284 ], [ 57.513016, -20.1074527 ], [ 57.5130817, -20.1073684 ], [ 57.5131582, -20.107279 ], [ 57.5132641, -20.1072198 ], [ 57.5133473, -20.1071543 ], [ 57.5134496, -20.1071262 ], [ 57.5135712, -20.1071379 ], [ 57.513696, -20.1071303 ], [ 57.5138395, -20.1070938 ], [ 57.5139816, -20.1070888 ], [ 57.5141296, -20.1071597 ], [ 57.5143625, -20.1071858 ], [ 57.5145368, -20.1071744 ], [ 57.5147286, -20.1071706 ], [ 57.5149646, -20.1071681 ], [ 57.5151218, -20.1071226 ], [ 57.5152141, -20.1071442 ], [ 57.5153039, -20.1071706 ], [ 57.5154997, -20.107187 ], [ 57.5155727, -20.1072576 ], [ 57.5157237, -20.1072632 ], [ 57.5158726, -20.1072575 ], [ 57.5160431, -20.1071789 ], [ 57.5162883, -20.1071643 ], [ 57.5164908, -20.1071152 ], [ 57.5166451, -20.1070454 ], [ 57.51681, -20.1070819 ], [ 57.5169589, -20.107136 ], [ 57.5170326, -20.1071425 ], [ 57.5170952, -20.1070682 ], [ 57.5171693, -20.1069799 ], [ 57.5171278, -20.1068797 ], [ 57.5171117, -20.1067714 ], [ 57.5171239, -20.1066406 ], [ 57.5172982, -20.1063495 ], [ 57.5174493, -20.1060133 ], [ 57.517498, -20.1056921 ], [ 57.5175542, -20.1053683 ], [ 57.5175489, -20.1049403 ], [ 57.5174765, -20.1045108 ], [ 57.5173303, -20.1040474 ], [ 57.5171739, -20.1037246 ], [ 57.5169695, -20.1036138 ], [ 57.516688, -20.1033938 ], [ 57.5166155, -20.1033295 ], [ 57.5165096, -20.1032918 ], [ 57.5162655, -20.1031658 ], [ 57.5159316, -20.1029908 ], [ 57.5157733, -20.1029177 ], [ 57.515527, -20.102872 ], [ 57.5153978, -20.1028107 ], [ 57.5152637, -20.1027905 ], [ 57.5150236, -20.1027515 ], [ 57.5149033, -20.1027506 ], [ 57.5147337, -20.102745 ], [ 57.5145422, -20.1027162 ], [ 57.5143597, -20.1026345 ], [ 57.5142703, -20.1026226 ], [ 57.5142143, -20.1026002 ], [ 57.5141558, -20.1025477 ], [ 57.5141459, -20.1024933 ], [ 57.5141371, -20.1023865 ], [ 57.5138732, -20.1020461 ], [ 57.5132413, -20.1012717 ], [ 57.5130349, -20.1011047 ], [ 57.5129543, -20.1010223 ], [ 57.5129235, -20.1009694 ], [ 57.5129382, -20.1008875 ], [ 57.5129042, -20.1008127 ], [ 57.5128873, -20.1007755 ], [ 57.5127516, -20.1006436 ], [ 57.5122602, -20.0999729 ], [ 57.512096, -20.0997478 ], [ 57.511809, -20.0994254 ], [ 57.5113984, -20.0989026 ], [ 57.5111397, -20.0986429 ], [ 57.510999, -20.0984266 ], [ 57.5108952, -20.0982104 ], [ 57.5106275, -20.097943 ], [ 57.5104921, -20.0978221 ], [ 57.510433, -20.0977138 ], [ 57.5104029, -20.0976055 ], [ 57.5102849, -20.0975129 ], [ 57.5101621, -20.0974203 ], [ 57.5100166, -20.0972912 ], [ 57.509967, -20.0972201 ], [ 57.5099388, -20.0971582 ], [ 57.5098564, -20.0970765 ], [ 57.5097511, -20.0970154 ], [ 57.5096425, -20.0968838 ], [ 57.5095774, -20.0968637 ], [ 57.5095271, -20.0968139 ], [ 57.5094895, -20.0967421 ], [ 57.5094286, -20.0966496 ], [ 57.5093609, -20.0965674 ], [ 57.5093146, -20.0964484 ], [ 57.5092779, -20.0963846 ], [ 57.5092838, -20.0963113 ], [ 57.5093306, -20.096162 ], [ 57.5092403, -20.0960179 ], [ 57.5092147, -20.095977 ], [ 57.5090653, -20.0958 ], [ 57.5089015, -20.0956684 ], [ 57.5087605, -20.0955931 ], [ 57.508717, -20.0955719 ], [ 57.5086554, -20.0955601 ], [ 57.5086199, -20.0955066 ], [ 57.5085769, -20.0954331 ], [ 57.508526, -20.0953838 ], [ 57.5085019, -20.0953133 ], [ 57.5085045, -20.0952339 ], [ 57.5084469, -20.0951558 ], [ 57.5084576, -20.0950614 ], [ 57.5084873, -20.0949674 ], [ 57.508554, -20.0949723 ], [ 57.5086043, -20.0949837 ], [ 57.5086351, -20.0949406 ], [ 57.5086688, -20.0948504 ], [ 57.5086898, -20.0947558 ], [ 57.5087022, -20.0946688 ], [ 57.5087131, -20.0945035 ], [ 57.5087034, -20.0942852 ], [ 57.5086774, -20.0942265 ], [ 57.508598, -20.0942041 ], [ 57.50852, -20.0942024 ], [ 57.5084683, -20.0941785 ], [ 57.5084677, -20.094142 ], [ 57.508463, -20.0940834 ], [ 57.5085053, -20.0940578 ], [ 57.5085499, -20.0940164 ], [ 57.5086039, -20.0939686 ], [ 57.5086698, -20.0939499 ], [ 57.5087069, -20.093923 ], [ 57.5086229, -20.0937196 ], [ 57.5085343, -20.0935482 ], [ 57.5085137, -20.0934249 ], [ 57.5084622, -20.0933316 ], [ 57.5084058, -20.0932183 ], [ 57.5083401, -20.0931627 ], [ 57.5082913, -20.0931552 ], [ 57.5082484, -20.0931829 ], [ 57.5082055, -20.0931766 ], [ 57.5081954, -20.0931533 ], [ 57.508208, -20.0931061 ], [ 57.5081877, -20.0930742 ], [ 57.5081834, -20.0930675 ], [ 57.5081575, -20.0930245 ], [ 57.5081351, -20.0929731 ], [ 57.5081254, -20.0929177 ], [ 57.5081141, -20.0927782 ], [ 57.5081074, -20.0926534 ], [ 57.5081215, -20.0925641 ], [ 57.5081651, -20.0925288 ], [ 57.5081981, -20.0924968 ], [ 57.5082148, -20.0924186 ], [ 57.5082016, -20.0923129 ], [ 57.5081666, -20.0922811 ], [ 57.5081552, -20.0922332 ], [ 57.5081874, -20.0922043 ], [ 57.5081923, -20.092122 ], [ 57.5081552, -20.0921035 ], [ 57.5081565, -20.09206 ], [ 57.508186, -20.0920191 ], [ 57.5082061, -20.0918773 ], [ 57.5082801, -20.0917726 ], [ 57.5082942, -20.0916883 ], [ 57.5082649, -20.0916516 ], [ 57.5082752, -20.091581 ], [ 57.5082542, -20.091505 ], [ 57.5082459, -20.091434 ], [ 57.508276, -20.091418 ], [ 57.5083166, -20.0913982 ], [ 57.5083507, -20.0913496 ], [ 57.5083582, -20.0912886 ], [ 57.5083263, -20.0912504 ], [ 57.5082799, -20.0912647 ], [ 57.5082256, -20.0912552 ], [ 57.5081988, -20.0912244 ], [ 57.5082088, -20.0911797 ], [ 57.5082484, -20.0911715 ], [ 57.5083221, -20.0911753 ], [ 57.5083577, -20.0911412 ], [ 57.5083687, -20.0910888 ], [ 57.5084036, -20.0909407 ], [ 57.5083972, -20.0908025 ], [ 57.5084501, -20.090731 ], [ 57.5085077, -20.090709 ], [ 57.5085594, -20.0907242 ], [ 57.5086434, -20.0907203 ], [ 57.5087149, -20.0906767 ], [ 57.5087731, -20.0906398 ], [ 57.5088217, -20.0905537 ], [ 57.5088635, -20.0905209 ], [ 57.5089197, -20.0904984 ], [ 57.5090446, -20.0904868 ], [ 57.5091292, -20.0904714 ], [ 57.5092447, -20.0904544 ], [ 57.5093197, -20.0904173 ], [ 57.5094382, -20.0904075 ], [ 57.5095397, -20.090435 ], [ 57.5095974, -20.090468 ], [ 57.5096479, -20.0904674 ], [ 57.5096961, -20.0904478 ], [ 57.5097312, -20.0903995 ], [ 57.50976, -20.0903582 ], [ 57.5098246, -20.0903256 ], [ 57.509902, -20.0902716 ], [ 57.5100021, -20.0902315 ], [ 57.5102546, -20.0901079 ], [ 57.5105174, -20.0899959 ], [ 57.5107175, -20.0899116 ], [ 57.5107995, -20.0898474 ], [ 57.5110565, -20.0897428 ], [ 57.5112891, -20.0896774 ], [ 57.5113975, -20.0896357 ], [ 57.5115419, -20.0895654 ], [ 57.5117361, -20.0895574 ], [ 57.5118134, -20.0895827 ], [ 57.5122153, -20.0895684 ], [ 57.512459, -20.0895672 ], [ 57.5127161, -20.0895349 ], [ 57.5129008, -20.0894789 ], [ 57.5130425, -20.0894509 ], [ 57.5131683, -20.0893975 ], [ 57.5132433, -20.0893439 ], [ 57.5132655, -20.0892766 ], [ 57.5133003, -20.0892633 ], [ 57.5133841, -20.0892837 ], [ 57.5135036, -20.0892628 ], [ 57.5136419, -20.089179 ], [ 57.5137498, -20.0890964 ], [ 57.5138321, -20.0890305 ], [ 57.5139768, -20.0889123 ], [ 57.5141202, -20.0888062 ], [ 57.5142919, -20.0886756 ], [ 57.5143678, -20.0886008 ], [ 57.5144285, -20.0885179 ], [ 57.5145588, -20.0884127 ], [ 57.5147244, -20.0882836 ], [ 57.5148111, -20.0881934 ], [ 57.5148789, -20.0881025 ], [ 57.5149184, -20.0880007 ], [ 57.5149745, -20.0879403 ], [ 57.5150907, -20.0878602 ], [ 57.5151838, -20.0877629 ], [ 57.5152756, -20.0877174 ], [ 57.5154088, -20.0876154 ], [ 57.5154907, -20.0875045 ], [ 57.5155222, -20.0874493 ], [ 57.5155297, -20.0873572 ], [ 57.5155284, -20.0873105 ], [ 57.5154658, -20.0872214 ], [ 57.5154104, -20.0871802 ], [ 57.5153309, -20.0871574 ], [ 57.5152971, -20.0871199 ], [ 57.5152798, -20.0870302 ], [ 57.5152622, -20.0869807 ], [ 57.515302, -20.0868953 ], [ 57.5153792, -20.0868393 ], [ 57.5154462, -20.0867531 ], [ 57.515515, -20.0866349 ], [ 57.5155767, -20.0865656 ], [ 57.5156317, -20.0865045 ], [ 57.5156245, -20.0864111 ], [ 57.5156435, -20.0863777 ], [ 57.5157069, -20.0863734 ], [ 57.5157665, -20.0863477 ], [ 57.5159094, -20.0862526 ], [ 57.516002, -20.0861983 ], [ 57.5160422, -20.086198 ], [ 57.5162274, -20.0862039 ], [ 57.5163173, -20.0857075 ], [ 57.5162353, -20.0854898 ], [ 57.516173, -20.0852529 ], [ 57.5160246, -20.0848376 ], [ 57.5158882, -20.0846682 ], [ 57.5156875, -20.0844356 ], [ 57.5154733, -20.0842046 ], [ 57.5154219, -20.084159 ], [ 57.5154009, -20.0841414 ], [ 57.5153507, -20.0841004 ], [ 57.5151921, -20.0840268 ], [ 57.5151234, -20.0840311 ], [ 57.5149503, -20.084034 ], [ 57.5146083, -20.0841261 ], [ 57.5143933, -20.0841452 ], [ 57.5142147, -20.0841498 ], [ 57.51405, -20.0841717 ], [ 57.5139025, -20.084144 ], [ 57.5136571, -20.084076 ], [ 57.5132529, -20.0839308 ], [ 57.5131153, -20.0838102 ], [ 57.5128897, -20.0836687 ], [ 57.512843, -20.0835822 ], [ 57.5127317, -20.0834651 ], [ 57.5125493, -20.0832963 ], [ 57.5125507, -20.0832572 ], [ 57.5124685, -20.0830373 ], [ 57.5124447, -20.0829272 ], [ 57.51243, -20.0828476 ], [ 57.5124209, -20.082794 ], [ 57.5124112, -20.0827515 ], [ 57.5124055, -20.0827251 ], [ 57.5123941, -20.0826594 ], [ 57.512387, -20.0825531 ], [ 57.5123759, -20.0824239 ], [ 57.5123321, -20.0822723 ], [ 57.5123099, -20.0820784 ], [ 57.5122645, -20.0820206 ], [ 57.5121769, -20.0817903 ], [ 57.5121108, -20.081747 ], [ 57.5120837, -20.0817029 ], [ 57.5121277, -20.0815964 ], [ 57.512095, -20.0814661 ], [ 57.5120397, -20.0813685 ], [ 57.5119508, -20.081243 ], [ 57.5117863, -20.0809619 ], [ 57.5116977, -20.08082 ], [ 57.5115929, -20.0807479 ], [ 57.5114711, -20.0805756 ], [ 57.5114429, -20.080461 ], [ 57.5114363, -20.0802531 ], [ 57.5113799, -20.0798728 ], [ 57.5113624, -20.0796586 ], [ 57.5113888, -20.0795007 ], [ 57.5114214, -20.0793488 ], [ 57.5115153, -20.0791976 ], [ 57.5115113, -20.079088 ], [ 57.5115816, -20.0789488 ], [ 57.5115783, -20.0787328 ], [ 57.5116021, -20.0784595 ], [ 57.5115757, -20.0781862 ], [ 57.5115368, -20.0779872 ], [ 57.5114956, -20.077752 ], [ 57.5115167, -20.0774266 ], [ 57.5115467, -20.0772584 ], [ 57.5115946, -20.0770686 ], [ 57.5116687, -20.0768536 ], [ 57.5117448, -20.0767331 ], [ 57.5118561, -20.0764693 ], [ 57.5119002, -20.0761806 ], [ 57.5118774, -20.075905 ], [ 57.5119109, -20.0757803 ], [ 57.5119806, -20.075605 ], [ 57.5120303, -20.0754705 ], [ 57.5119847, -20.075415 ], [ 57.512037, -20.0753571 ], [ 57.5121493, -20.0753014 ], [ 57.512486, -20.0749378 ], [ 57.5125739, -20.0748549 ], [ 57.5126687, -20.0747712 ], [ 57.5128309, -20.0745696 ], [ 57.5129129, -20.0744286 ], [ 57.5130106, -20.074328 ], [ 57.5130665, -20.0742035 ], [ 57.5131477, -20.0741248 ], [ 57.5132379, -20.0740153 ], [ 57.5133653, -20.0739283 ], [ 57.5134753, -20.0737628 ], [ 57.5135521, -20.0736337 ], [ 57.513846, -20.0730299 ], [ 57.5138973, -20.0727863 ], [ 57.513912, -20.0726916 ], [ 57.5139873, -20.0725565 ], [ 57.5141186, -20.0724589 ], [ 57.5142821, -20.0723017 ], [ 57.5144894, -20.0721066 ], [ 57.5148955, -20.0716588 ], [ 57.5155268, -20.0709396 ], [ 57.5157197, -20.0707178 ], [ 57.5158739, -20.0705768 ], [ 57.5161146, -20.0703157 ], [ 57.5164447, -20.0698965 ], [ 57.5164584, -20.0698725 ], [ 57.5164701, -20.0698513 ], [ 57.5164891, -20.0698087 ], [ 57.5165089, -20.0697907 ], [ 57.5165994, -20.0697429 ], [ 57.516688, -20.0696849 ], [ 57.5169131, -20.0694578 ], [ 57.517374, -20.0688524 ], [ 57.517565, -20.0685235 ], [ 57.5176777, -20.0684328 ], [ 57.5178057, -20.0683154 ], [ 57.5178722, -20.0681834 ], [ 57.5179741, -20.0680562 ], [ 57.5181086, -20.0679231 ], [ 57.5182329, -20.067585 ], [ 57.5183228, -20.0672046 ], [ 57.5185049, -20.0665855 ], [ 57.518591, -20.0663531 ], [ 57.5187054, -20.0661356 ], [ 57.5186993, -20.0659443 ], [ 57.5187157, -20.0658542 ], [ 57.5187741, -20.0656497 ], [ 57.5189129, -20.0653743 ], [ 57.5190568, -20.0650879 ], [ 57.5191154, -20.0648779 ], [ 57.5192038, -20.0646781 ], [ 57.5193772, -20.0642734 ], [ 57.5194506, -20.0639924 ], [ 57.5194446, -20.0637464 ], [ 57.5194158, -20.0636308 ], [ 57.5193608, -20.0635666 ], [ 57.5193909, -20.063498 ], [ 57.5195056, -20.0634772 ], [ 57.5195432, -20.0634091 ], [ 57.5196593, -20.0633858 ], [ 57.5197537, -20.06303 ], [ 57.5198159, -20.0627541 ], [ 57.5198986, -20.0626697 ], [ 57.5199431, -20.0624611 ], [ 57.5199227, -20.0621872 ], [ 57.5199109, -20.0619638 ], [ 57.5198664, -20.0618282 ], [ 57.5197792, -20.0616959 ], [ 57.5196683, -20.0615291 ], [ 57.5195324, -20.0613835 ], [ 57.519401, -20.0612122 ], [ 57.5193228, -20.0609718 ], [ 57.519401, -20.0608746 ], [ 57.5194788, -20.0607612 ], [ 57.5194493, -20.0605873 ], [ 57.5193049, -20.0604161 ], [ 57.5191803, -20.0601424 ], [ 57.5191569, -20.0599373 ], [ 57.5191944, -20.0598017 ], [ 57.5193447, -20.0595871 ], [ 57.5195056, -20.0594334 ], [ 57.5195163, -20.059247 ], [ 57.5196424, -20.0590731 ], [ 57.5196534, -20.058916 ], [ 57.5195841, -20.0587596 ], [ 57.5196113, -20.0585391 ], [ 57.5197866, -20.0584573 ], [ 57.5199602, -20.0584798 ], [ 57.5200662, -20.0585062 ], [ 57.5202727, -20.0586599 ], [ 57.5204943, -20.0587629 ], [ 57.5207233, -20.0588438 ], [ 57.5209996, -20.0588035 ], [ 57.5211391, -20.0587305 ], [ 57.5212035, -20.0585869 ], [ 57.5211927, -20.0584155 ], [ 57.5211391, -20.0582744 ], [ 57.5209835, -20.0582417 ], [ 57.5207958, -20.0581661 ], [ 57.5206616, -20.0581081 ], [ 57.5205973, -20.0579746 ], [ 57.5207485, -20.0579791 ], [ 57.5209369, -20.0579694 ], [ 57.5211414, -20.05802 ], [ 57.521367, -20.0579409 ], [ 57.5214455, -20.0579256 ], [ 57.5215092, -20.0579469 ], [ 57.5216046, -20.0581146 ], [ 57.521705, -20.0581598 ], [ 57.521815, -20.0582026 ], [ 57.5219344, -20.058214 ], [ 57.522098, -20.0582291 ], [ 57.5222617, -20.0582248 ], [ 57.5223586, -20.0581766 ], [ 57.5224212, -20.0580956 ], [ 57.5224588, -20.0579318 ], [ 57.5224618, -20.0578532 ], [ 57.5222112, -20.0575331 ], [ 57.5222525, -20.0571993 ], [ 57.5220846, -20.056987 ], [ 57.5220556, -20.0568721 ], [ 57.5218886, -20.0567173 ], [ 57.5217513, -20.0565939 ], [ 57.521699, -20.056529 ], [ 57.5216675, -20.0565145 ], [ 57.5215914, -20.0564543 ], [ 57.5215615, -20.0563533 ], [ 57.5215682, -20.0562733 ], [ 57.5215873, -20.0561721 ], [ 57.5216945, -20.0558986 ], [ 57.5217247, -20.0558177 ], [ 57.5218145, -20.0555296 ], [ 57.5218794, -20.0553707 ], [ 57.5218794, -20.0552585 ], [ 57.5218507, -20.0551521 ], [ 57.5218435, -20.055047 ], [ 57.5218607, -20.0548595 ], [ 57.5218472, -20.0546399 ], [ 57.5218244, -20.0544157 ], [ 57.5218477, -20.0542756 ], [ 57.5219069, -20.0541555 ], [ 57.5219321, -20.05401 ], [ 57.5219672, -20.0538931 ], [ 57.5220009, -20.0537338 ], [ 57.5220145, -20.0535257 ], [ 57.5220717, -20.0533528 ], [ 57.5220991, -20.0530634 ], [ 57.5221233, -20.0529531 ], [ 57.5221476, -20.0528339 ], [ 57.5221646, -20.0527344 ], [ 57.5221452, -20.0526408 ], [ 57.5221267, -20.0525275 ], [ 57.5221346, -20.0524166 ], [ 57.5221847, -20.0523153 ], [ 57.5222647, -20.0521085 ], [ 57.5223462, -20.0518397 ], [ 57.5223984, -20.0516297 ], [ 57.522456, -20.0514338 ], [ 57.5225835, -20.0511541 ], [ 57.5226387, -20.050818 ], [ 57.5226197, -20.0507233 ], [ 57.5225118, -20.0506604 ], [ 57.5225566, -20.0506414 ], [ 57.5226653, -20.0506527 ], [ 57.5227724, -20.0505919 ], [ 57.5229074, -20.050431 ], [ 57.523026, -20.0500534 ], [ 57.5232688, -20.0496411 ], [ 57.5233596, -20.0494306 ], [ 57.5234538, -20.0491384 ], [ 57.523496, -20.0488849 ], [ 57.5235812, -20.0488524 ], [ 57.5237118, -20.0486692 ], [ 57.5237828, -20.048497 ], [ 57.5238446, -20.0484211 ], [ 57.5239414, -20.0484068 ], [ 57.5240536, -20.0483962 ], [ 57.5241834, -20.0482616 ], [ 57.5241926, -20.0481627 ], [ 57.524211, -20.0480637 ], [ 57.5242898, -20.0479982 ], [ 57.524398, -20.047905 ], [ 57.5245973, -20.0478344 ], [ 57.5248379, -20.0475964 ], [ 57.5248767, -20.0475346 ], [ 57.5249321, -20.0473175 ], [ 57.5249108, -20.0472237 ], [ 57.5248195, -20.0471135 ], [ 57.5248038, -20.0470329 ], [ 57.5248438, -20.0469732 ], [ 57.5248886, -20.0469345 ], [ 57.5250777, -20.046952 ], [ 57.5252593, -20.0470716 ], [ 57.5254346, -20.0471116 ], [ 57.525516, -20.0470987 ], [ 57.5256693, -20.0471038 ], [ 57.5257632, -20.047071 ], [ 57.5258115, -20.0469652 ], [ 57.5259094, -20.0469135 ], [ 57.52601, -20.0469538 ], [ 57.5260559, -20.0470411 ], [ 57.5261414, -20.0470886 ], [ 57.5263161, -20.0471928 ], [ 57.5264887, -20.0472701 ], [ 57.526651, -20.0472738 ], [ 57.5267972, -20.0472398 ], [ 57.5268927, -20.0471735 ], [ 57.5271648, -20.046953 ], [ 57.5272746, -20.0468529 ], [ 57.5273795, -20.0468208 ], [ 57.5274878, -20.0467545 ], [ 57.5275771, -20.0466816 ], [ 57.5276569, -20.0465721 ], [ 57.5277496, -20.0464991 ], [ 57.5278523, -20.0464255 ], [ 57.5280027, -20.0462844 ], [ 57.5281349, -20.0462109 ], [ 57.5283065, -20.0461089 ], [ 57.5283882, -20.0459626 ], [ 57.5284663, -20.0459561 ], [ 57.5286119, -20.0459717 ], [ 57.5287876, -20.0459502 ], [ 57.5289095, -20.0459182 ], [ 57.529011, -20.0458289 ], [ 57.5290998, -20.0457698 ], [ 57.5292618, -20.0457483 ], [ 57.5294207, -20.0457108 ], [ 57.5295047, -20.0456241 ], [ 57.5295518, -20.0455237 ], [ 57.5295882, -20.0454131 ], [ 57.5295871, -20.045326 ], [ 57.5295561, -20.0452132 ], [ 57.529426, -20.0451062 ], [ 57.529525, -20.0450905 ], [ 57.529599, -20.0451149 ], [ 57.5297305, -20.0454769 ], [ 57.5298352, -20.045465 ], [ 57.5300165, -20.0454444 ], [ 57.5301726, -20.045388 ], [ 57.5304051, -20.0453779 ], [ 57.53049, -20.0453414 ], [ 57.5305716, -20.0453495 ], [ 57.5306907, -20.0454167 ], [ 57.5308019, -20.0454236 ], [ 57.5309525, -20.045392 ], [ 57.5310716, -20.0453362 ], [ 57.5311357, -20.0452896 ], [ 57.5311853, -20.0452316 ], [ 57.5312443, -20.0452228 ], [ 57.5313215, -20.0452626 ], [ 57.5314141, -20.0452582 ], [ 57.5315221, -20.0452762 ], [ 57.5316461, -20.045296 ], [ 57.5317635, -20.0453064 ], [ 57.531943, -20.0452952 ], [ 57.5320604, -20.0452326 ], [ 57.5321644, -20.0451771 ], [ 57.5322353, -20.0451132 ], [ 57.5322737, -20.0450421 ], [ 57.5322716, -20.044957 ], [ 57.5323149, -20.0449322 ], [ 57.5324392, -20.0449381 ], [ 57.5325264, -20.0448612 ], [ 57.5326163, -20.0448776 ], [ 57.5327276, -20.0449129 ], [ 57.5328456, -20.0448952 ], [ 57.5329381, -20.0449103 ], [ 57.5331151, -20.0448574 ], [ 57.53337, -20.0447818 ], [ 57.5335014, -20.0447314 ], [ 57.5336449, -20.0446634 ], [ 57.5337133, -20.044608 ], [ 57.5338286, -20.0446294 ], [ 57.5339426, -20.0446231 ], [ 57.5340284, -20.0445777 ], [ 57.5340512, -20.0445236 ], [ 57.5341156, -20.0444392 ], [ 57.5341719, -20.0444744 ], [ 57.5342367, -20.0444828 ], [ 57.5343367, -20.0444521 ], [ 57.5343852, -20.0443484 ], [ 57.5344619, -20.0443352 ], [ 57.5345636, -20.0443716 ], [ 57.5346719, -20.0443955 ], [ 57.5347983, -20.0443433 ], [ 57.5348947, -20.0442869 ], [ 57.5349483, -20.0442361 ], [ 57.5350003, -20.0441467 ], [ 57.5351214, -20.0441872 ], [ 57.5352721, -20.0441662 ], [ 57.5353652, -20.0441053 ], [ 57.5354419, -20.0440467 ], [ 57.5354542, -20.0440025 ], [ 57.5354962, -20.0439608 ], [ 57.5355824, -20.0440089 ], [ 57.5357064, -20.0440529 ], [ 57.535819, -20.044053 ], [ 57.5359006, -20.0439894 ], [ 57.5359827, -20.0439627 ], [ 57.5361157, -20.0439509 ], [ 57.5362556, -20.0438703 ], [ 57.5363955, -20.0437147 ], [ 57.5364672, -20.0436805 ], [ 57.5365236, -20.0435985 ], [ 57.5366209, -20.0435547 ], [ 57.5367226, -20.0434835 ], [ 57.5368069, -20.0434002 ], [ 57.5368917, -20.0433632 ], [ 57.5370233, -20.0433309 ], [ 57.5371659, -20.0432402 ], [ 57.53731, -20.0430918 ], [ 57.5375019, -20.0429298 ], [ 57.537667, -20.0427585 ], [ 57.5379351, -20.0425027 ], [ 57.5382294, -20.0423018 ], [ 57.5383136, -20.0422142 ], [ 57.538493, -20.0420492 ], [ 57.5386859, -20.0419348 ], [ 57.538721, -20.0418425 ], [ 57.5387116, -20.0417581 ], [ 57.5387692, -20.0416712 ], [ 57.5389168, -20.0416725 ], [ 57.539012, -20.0416422 ], [ 57.5390698, -20.0415653 ], [ 57.5392225, -20.0415263 ], [ 57.5394586, -20.0415137 ], [ 57.5395685, -20.0414784 ], [ 57.539708, -20.0414784 ], [ 57.5398733, -20.0415889 ], [ 57.5401787, -20.0415704 ], [ 57.5404647, -20.0415284 ], [ 57.5406682, -20.0414633 ], [ 57.5410094, -20.0413222 ], [ 57.5412208, -20.0412088 ], [ 57.5414062, -20.0410869 ], [ 57.5416848, -20.0408345 ], [ 57.5418055, -20.0407112 ], [ 57.5418954, -20.0405814 ], [ 57.5420705, -20.0403294 ], [ 57.5420975, -20.0401583 ], [ 57.5421745, -20.0400106 ], [ 57.5423361, -20.0397505 ], [ 57.5425692, -20.0392712 ], [ 57.5426129, -20.0391032 ], [ 57.5426923, -20.0389667 ], [ 57.54279, -20.0388455 ], [ 57.5428588, -20.0386602 ], [ 57.542936, -20.0383879 ], [ 57.5430517, -20.0380583 ], [ 57.5431167, -20.0379713 ], [ 57.5432021, -20.037911 ], [ 57.5433159, -20.0377942 ], [ 57.5434636, -20.0375089 ], [ 57.5437238, -20.0370131 ], [ 57.5438591, -20.03676 ], [ 57.5440519, -20.0363821 ], [ 57.5441584, -20.0362319 ], [ 57.5442208, -20.0359562 ], [ 57.5442944, -20.0357194 ], [ 57.5442624, -20.0352418 ], [ 57.5443737, -20.0347228 ], [ 57.5444716, -20.0344726 ], [ 57.5446642, -20.0338568 ], [ 57.5448461, -20.0331243 ], [ 57.5449035, -20.0330786 ], [ 57.5449845, -20.032849 ], [ 57.5450976, -20.0326758 ], [ 57.5451905, -20.0323729 ], [ 57.5452505, -20.0320711 ], [ 57.5453534, -20.0317864 ], [ 57.5454299, -20.0315091 ], [ 57.5454966, -20.0311591 ], [ 57.5455707, -20.0309857 ], [ 57.5456337, -20.0306766 ], [ 57.5458415, -20.0298419 ], [ 57.5458983, -20.0294664 ], [ 57.5459234, -20.029211 ], [ 57.545958, -20.0289746 ], [ 57.5459993, -20.0288323 ], [ 57.5460035, -20.0288121 ], [ 57.5461098, -20.0285778 ], [ 57.5462036, -20.0282985 ], [ 57.5462441, -20.0280654 ], [ 57.5463286, -20.0278358 ], [ 57.5463971, -20.0275854 ], [ 57.546485, -20.0273582 ], [ 57.5466849, -20.0270599 ], [ 57.5468314, -20.0269069 ], [ 57.5470916, -20.0267575 ], [ 57.5472286, -20.0266968 ], [ 57.5474393, -20.0266197 ], [ 57.5476631, -20.0265525 ], [ 57.5478555, -20.0264611 ], [ 57.548052, -20.0263908 ], [ 57.5481905, -20.0263096 ], [ 57.5484862, -20.0262312 ], [ 57.5486956, -20.0261716 ], [ 57.5487967, -20.0261048 ], [ 57.5488832, -20.0260646 ], [ 57.5489825, -20.0259973 ], [ 57.5490572, -20.0259874 ], [ 57.5492076, -20.0258753 ], [ 57.5494371, -20.0257464 ], [ 57.5496587, -20.0256083 ], [ 57.5497028, -20.0255334 ], [ 57.549709, -20.0254768 ], [ 57.5497294, -20.025419 ], [ 57.5497756, -20.025402 ], [ 57.5499594, -20.0252917 ], [ 57.5499956, -20.025213 ], [ 57.550062, -20.0251733 ], [ 57.5501224, -20.0251649 ], [ 57.5503239, -20.0249524 ], [ 57.5504578, -20.0247909 ], [ 57.5505549, -20.0246302 ], [ 57.5505321, -20.0245559 ], [ 57.550575, -20.0244941 ], [ 57.550683, -20.0243768 ], [ 57.5509465, -20.0240998 ], [ 57.5510404, -20.0240342 ], [ 57.5511378, -20.0239068 ], [ 57.5512777, -20.0236212 ], [ 57.5512814, -20.0236027 ], [ 57.5512979, -20.0235206 ], [ 57.5513099, -20.0232051 ], [ 57.5512911, -20.0231673 ], [ 57.5512482, -20.0231346 ], [ 57.5511584, -20.0230741 ], [ 57.5512093, -20.0229897 ], [ 57.5513837, -20.023059 ], [ 57.5516231, -20.0231652 ], [ 57.5517042, -20.0231963 ], [ 57.5517677, -20.0232068 ], [ 57.5518505, -20.0230866 ], [ 57.5520521, -20.0228276 ], [ 57.5521015, -20.0227219 ], [ 57.5521752, -20.0225627 ], [ 57.5521982, -20.0225099 ], [ 57.5522035, -20.0224979 ], [ 57.5522652, -20.0223963 ], [ 57.5523157, -20.0222714 ], [ 57.5523385, -20.0221656 ], [ 57.5523292, -20.0220875 ], [ 57.5524592, -20.0220207 ], [ 57.5523479, -20.0218304 ], [ 57.5525366, -20.0216873 ], [ 57.5525451, -20.0215935 ], [ 57.5525786, -20.0215305 ], [ 57.552714, -20.0214852 ], [ 57.5528535, -20.0213655 ], [ 57.5530171, -20.0212369 ], [ 57.5532335, -20.0211149 ], [ 57.5533377, -20.0210063 ], [ 57.5534074, -20.0208917 ], [ 57.5535764, -20.0207758 ], [ 57.5536381, -20.0207027 ], [ 57.5537373, -20.0206548 ], [ 57.5538835, -20.0206233 ], [ 57.5538634, -20.0205666 ], [ 57.5539338, -20.0205272 ], [ 57.5539827, -20.0205893 ], [ 57.5540753, -20.0206296 ], [ 57.554275, -20.0207079 ], [ 57.5544199, -20.0206548 ], [ 57.5545837, -20.020672 ], [ 57.554709, -20.0205784 ], [ 57.5550582, -20.0202629 ], [ 57.5553293, -20.0198907 ], [ 57.5554499, -20.0197299 ], [ 57.5556137, -20.0195675 ], [ 57.5557878, -20.0194514 ], [ 57.5559977, -20.0192614 ], [ 57.5561082, -20.0189617 ], [ 57.5562554, -20.0186535 ], [ 57.5564918, -20.0180466 ], [ 57.5567127, -20.0175096 ], [ 57.5568158, -20.0171761 ], [ 57.556905, -20.0168557 ], [ 57.5569647, -20.016533 ], [ 57.5569973, -20.0162442 ], [ 57.5570248, -20.01589 ], [ 57.5570764, -20.0153601 ], [ 57.5570893, -20.014831 ], [ 57.5570691, -20.0144121 ], [ 57.5570378, -20.0141716 ], [ 57.5569581, -20.0139527 ], [ 57.5568633, -20.0136294 ], [ 57.5568514, -20.0134546 ], [ 57.5568533, -20.01325 ], [ 57.5566761, -20.0124821 ], [ 57.5564914, -20.0116143 ], [ 57.5561534, -20.010722 ], [ 57.5560086, -20.0103097 ], [ 57.5557994, -20.0099445 ], [ 57.5557299, -20.0097868 ], [ 57.5556108, -20.0096356 ], [ 57.555493, -20.0094896 ], [ 57.5554132, -20.0093509 ], [ 57.5553265, -20.0091576 ], [ 57.555244, -20.00898 ], [ 57.5551793, -20.0088154 ], [ 57.5550289, -20.0085868 ], [ 57.5550127, -20.0083738 ], [ 57.5549357, -20.0081122 ], [ 57.554837, -20.0079428 ], [ 57.5547037, -20.0077884 ], [ 57.5545414, -20.0075388 ], [ 57.5544931, -20.0074947 ], [ 57.5543977, -20.0073776 ], [ 57.554296, -20.0072527 ], [ 57.5542189, -20.0071095 ], [ 57.554083, -20.0069337 ], [ 57.5538977, -20.0066794 ], [ 57.5537886, -20.0065386 ], [ 57.5536322, -20.0064437 ], [ 57.5534001, -20.0062611 ], [ 57.5530472, -20.006066 ], [ 57.5528323, -20.0059471 ], [ 57.5526182, -20.0058594 ], [ 57.5524732, -20.0057892 ], [ 57.552287, -20.005699 ], [ 57.5521381, -20.0055965 ], [ 57.5518999, -20.0054375 ], [ 57.5518276, -20.0053519 ], [ 57.5517778, -20.0052503 ], [ 57.5517102, -20.0050701 ], [ 57.5517096, -20.0049645 ], [ 57.5517199, -20.004882 ], [ 57.5518002, -20.0046467 ], [ 57.5518466, -20.0044836 ], [ 57.5519105, -20.004355 ], [ 57.5519272, -20.004159 ], [ 57.5519429, -20.0040577 ], [ 57.5520202, -20.0039934 ], [ 57.5520958, -20.0038787 ], [ 57.5521421, -20.0037565 ], [ 57.5521645, -20.0036406 ], [ 57.5521506, -20.003544 ], [ 57.5521872, -20.0034704 ], [ 57.5522965, -20.0033664 ], [ 57.5523916, -20.0032369 ], [ 57.5524855, -20.0031093 ], [ 57.5525712, -20.0029203 ], [ 57.5526234, -20.0027669 ], [ 57.552647, -20.0026655 ], [ 57.5526358, -20.002609 ], [ 57.5525478, -20.0025055 ], [ 57.5524771, -20.0024178 ], [ 57.552512, -20.0023685 ], [ 57.5524649, -20.002257 ], [ 57.5524217, -20.0021484 ], [ 57.5524069, -20.0020174 ], [ 57.5523494, -20.0018721 ], [ 57.55233, -20.0018233 ], [ 57.5522017, -20.0015902 ], [ 57.55208, -20.001459 ], [ 57.5519398, -20.0010636 ], [ 57.5519034, -20.0009411 ], [ 57.5518841, -20.000818 ], [ 57.5518491, -20.0006689 ], [ 57.5518772, -20.0004409 ], [ 57.5518987, -20.0003753 ], [ 57.5519349, -20.0002405 ], [ 57.5519791, -20.0001686 ], [ 57.5520562, -20.0001876 ], [ 57.5521331, -20.0002493 ], [ 57.5521911, -20.0002807 ], [ 57.5522823, -20.0002972 ], [ 57.5523946, -20.0003072 ], [ 57.5525019, -20.0003567 ], [ 57.5526479, -20.0003879 ], [ 57.5527646, -20.000356 ], [ 57.5528563, -20.0003375 ], [ 57.5529086, -20.0003085 ], [ 57.553023, -20.0002489 ], [ 57.5530602, -20.0002177 ], [ 57.5531378, -20.0000905 ], [ 57.553125, -20.0000105 ], [ 57.5531818, -19.9999734 ], [ 57.5532744, -19.999949 ], [ 57.5533534, -19.9999804 ], [ 57.5534764, -20.0000872 ], [ 57.5536043, -20.0001912 ], [ 57.5536842, -20.0002052 ], [ 57.5538339, -20.0001574 ], [ 57.5538996, -20.0001586 ], [ 57.5539697, -20.0001939 ], [ 57.5540216, -20.0003199 ], [ 57.5540391, -20.0004661 ], [ 57.5540876, -20.0005647 ], [ 57.5541635, -20.0006353 ], [ 57.5542308, -20.0007269 ], [ 57.5542942, -20.0008117 ], [ 57.5544997, -20.0010103 ], [ 57.5546251, -20.0011075 ], [ 57.554774, -20.0012075 ], [ 57.5549329, -20.0012502 ], [ 57.5550033, -20.0013394 ], [ 57.5551031, -20.0013583 ], [ 57.5551524, -20.0014179 ], [ 57.5553527, -20.001534 ], [ 57.5554821, -20.0015738 ], [ 57.5556214, -20.0015952 ], [ 57.555753, -20.0015914 ], [ 57.5558795, -20.0015771 ], [ 57.5560145, -20.00157 ], [ 57.5561405, -20.0015325 ], [ 57.5562505, -20.0014679 ], [ 57.556329, -20.0014653 ], [ 57.5563257, -20.0015435 ], [ 57.5563674, -20.0016128 ], [ 57.5564679, -20.0016833 ], [ 57.5565994, -20.0016985 ], [ 57.5566503, -20.0016846 ], [ 57.5567187, -20.0016909 ], [ 57.5568971, -20.0017678 ], [ 57.5569856, -20.0017917 ], [ 57.5570393, -20.001827 ], [ 57.5570916, -20.0019014 ], [ 57.5571412, -20.0019379 ], [ 57.5571707, -20.0019455 ], [ 57.5572671, -20.001941 ], [ 57.5573722, -20.0021734 ], [ 57.557416, -20.0022152 ], [ 57.5574897, -20.0022518 ], [ 57.5576123, -20.0023297 ], [ 57.557704, -20.0023382 ], [ 57.5577716, -20.0023302 ], [ 57.5578183, -20.0023841 ], [ 57.5579162, -20.0024345 ], [ 57.5580959, -20.0025227 ], [ 57.55823, -20.0025719 ], [ 57.558375, -20.0025933 ], [ 57.5586152, -20.0025832 ], [ 57.5587986, -20.0026513 ], [ 57.5589362, -20.0027522 ], [ 57.5591479, -20.0029712 ], [ 57.5593431, -20.0031566 ], [ 57.5595703, -20.003319 ], [ 57.5598739, -20.003451 ], [ 57.5601008, -20.003493 ], [ 57.5602705, -20.0034888 ], [ 57.5604202, -20.0034325 ], [ 57.5604805, -20.0034035 ], [ 57.5605114, -20.0034035 ], [ 57.5607567, -20.0034843 ], [ 57.560801, -20.003512 ], [ 57.5608582, -20.003565 ], [ 57.5610863, -20.0036133 ], [ 57.5612837, -20.0036141 ], [ 57.5614437, -20.0035557 ], [ 57.5617692, -20.0035296 ], [ 57.5620891, -20.0035482 ], [ 57.5623552, -20.0035145 ], [ 57.5626049, -20.0034439 ], [ 57.5628633, -20.0032994 ], [ 57.5630966, -20.0032347 ], [ 57.5632366, -20.0032041 ], [ 57.5634134, -20.003202 ], [ 57.5635677, -20.0032238 ], [ 57.5636466, -20.003122 ], [ 57.5638188, -20.0030368 ], [ 57.5639673, -20.0030697 ], [ 57.5640461, -20.0031728 ], [ 57.5641966, -20.0032889 ], [ 57.5643819, -20.0033535 ], [ 57.5646161, -20.0033759 ], [ 57.5646767, -20.0034301 ], [ 57.5647598, -20.0034754 ], [ 57.5649002, -20.0035309 ], [ 57.5651662, -20.0035863 ], [ 57.5652756, -20.0035679 ], [ 57.5653499, -20.0035158 ], [ 57.5653882, -20.0034432 ], [ 57.565472, -20.0034528 ], [ 57.5655588, -20.0035376 ], [ 57.5656986, -20.0035586 ], [ 57.565822, -20.0035548 ], [ 57.5659829, -20.0035193 ], [ 57.5660594, -20.0034402 ], [ 57.5661362, -20.003422 ], [ 57.566223, -20.0034906 ], [ 57.5663766, -20.0035543 ], [ 57.5666361, -20.0035679 ], [ 57.5669317, -20.0035693 ], [ 57.5671643, -20.0035335 ], [ 57.5674166, -20.0034843 ], [ 57.5676755, -20.0034232 ], [ 57.5680293, -20.0032921 ], [ 57.5681483, -20.0031977 ], [ 57.5681877, -20.0031024 ], [ 57.5682301, -20.00302 ], [ 57.568343, -20.002963 ], [ 57.568462, -20.0029114 ], [ 57.5686172, -20.0028766 ], [ 57.5686933, -20.0028661 ], [ 57.5687594, -20.002876 ], [ 57.5687932, -20.0029688 ], [ 57.5688831, -20.0030085 ], [ 57.5690314, -20.0030219 ], [ 57.5692264, -20.0030201 ], [ 57.5693801, -20.0030073 ], [ 57.5694155, -20.0030508 ], [ 57.5694396, -20.003086 ], [ 57.5694786, -20.0031108 ], [ 57.5695322, -20.0030848 ], [ 57.5695987, -20.0030224 ], [ 57.5696993, -20.0029555 ], [ 57.5697615, -20.0029928 ], [ 57.5697669, -20.003052 ], [ 57.5698164, -20.0030834 ], [ 57.5698936, -20.0030703 ], [ 57.5699416, -20.0031019 ], [ 57.5699879, -20.0031346 ], [ 57.5700941, -20.0031352 ], [ 57.5701399, -20.0032096 ], [ 57.5702047, -20.0032952 ], [ 57.5702772, -20.003403 ], [ 57.5703683, -20.0034061 ], [ 57.5704297, -20.0034667 ], [ 57.570475, -20.0035731 ], [ 57.5705293, -20.0036153 ], [ 57.5705543, -20.0036957 ], [ 57.57062, -20.0037572 ], [ 57.5706171, -20.003788 ], [ 57.5705943, -20.0038352 ], [ 57.570601, -20.0039253 ], [ 57.5706211, -20.0039829 ], [ 57.5705901, -20.0040711 ], [ 57.5706096, -20.0041191 ], [ 57.5706352, -20.0041723 ], [ 57.5706828, -20.0042064 ], [ 57.5707532, -20.0042246 ], [ 57.5708129, -20.0042347 ], [ 57.5708651, -20.0042642 ], [ 57.5709014, -20.004345 ], [ 57.5709739, -20.0043979 ], [ 57.5711093, -20.0044704 ], [ 57.5712562, -20.0045554 ], [ 57.57132, -20.0045611 ], [ 57.5714111, -20.0046292 ], [ 57.5714836, -20.0047179 ], [ 57.5714841, -20.0048094 ], [ 57.5715338, -20.0048875 ], [ 57.571507, -20.0049889 ], [ 57.5714841, -20.0050463 ], [ 57.5714506, -20.0050778 ], [ 57.5714298, -20.0051502 ], [ 57.5714411, -20.0052082 ], [ 57.571451, -20.0052384 ], [ 57.5714131, -20.0052649 ], [ 57.5713655, -20.0053216 ], [ 57.5713634, -20.0053651 ], [ 57.5713655, -20.0053922 ], [ 57.5713031, -20.0054029 ], [ 57.5712226, -20.0053802 ], [ 57.5711435, -20.0054929 ], [ 57.5710919, -20.0055932 ], [ 57.571112, -20.0056045 ], [ 57.5710765, -20.0056862 ], [ 57.5710309, -20.0056789 ], [ 57.5710047, -20.0057778 ], [ 57.5709732, -20.0058856 ], [ 57.570939, -20.0060065 ], [ 57.5709383, -20.0060856 ], [ 57.570878, -20.0061445 ], [ 57.5707832, -20.0061802 ], [ 57.5706828, -20.0062699 ], [ 57.5706444, -20.0063964 ], [ 57.5706339, -20.0065352 ], [ 57.5706281, -20.0066172 ], [ 57.5706245, -20.0067255 ], [ 57.5705964, -20.0067907 ], [ 57.5705159, -20.0068288 ], [ 57.5704844, -20.0068093 ], [ 57.5704287, -20.0067784 ], [ 57.5703683, -20.0067688 ], [ 57.570257, -20.0067866 ], [ 57.5701658, -20.006837 ], [ 57.570076, -20.0069334 ], [ 57.5700176, -20.0070506 ], [ 57.5700008, -20.0070985 ], [ 57.5699883, -20.007134 ], [ 57.5698976, -20.0071672 ], [ 57.5698104, -20.0071546 ], [ 57.569744, -20.0072082 ], [ 57.5696348, -20.0072169 ], [ 57.5695389, -20.0073789 ], [ 57.5695322, -20.0074249 ], [ 57.5694936, -20.0074552 ], [ 57.5693699, -20.0075736 ], [ 57.5693262, -20.0076609 ], [ 57.5692981, -20.0076781 ], [ 57.5692827, -20.0077059 ], [ 57.5692794, -20.007762 ], [ 57.5692906, -20.0078069 ], [ 57.569268, -20.0078231 ], [ 57.5692405, -20.0078174 ], [ 57.569228, -20.0077601 ], [ 57.5691238, -20.0077607 ], [ 57.5690279, -20.0077802 ], [ 57.5689306, -20.0078196 ], [ 57.5687221, -20.0079863 ], [ 57.5687274, -20.0080502 ], [ 57.5686625, -20.0081772 ], [ 57.5686524, -20.0082459 ], [ 57.5685049, -20.0084021 ], [ 57.5684667, -20.008409 ], [ 57.5684063, -20.0084516 ], [ 57.5680965, -20.0086535 ], [ 57.5680757, -20.0086856 ], [ 57.5680144, -20.0087325 ], [ 57.5679235, -20.0088312 ], [ 57.5678819, -20.0088526 ], [ 57.5677968, -20.0089654 ], [ 57.5676878, -20.0091137 ], [ 57.5675601, -20.0093472 ], [ 57.5675507, -20.0093976 ], [ 57.5674451, -20.0095459 ], [ 57.5674092, -20.0096201 ], [ 57.5673707, -20.0096254 ], [ 57.5673448, -20.0098204 ], [ 57.5674293, -20.0098462 ], [ 57.5673726, -20.0100393 ], [ 57.5673844, -20.0101682 ], [ 57.5673951, -20.0103289 ], [ 57.5673958, -20.0104801 ], [ 57.5673885, -20.0106442 ], [ 57.5674095, -20.0109239 ], [ 57.5673985, -20.0113662 ], [ 57.5674035, -20.0120567 ], [ 57.567443, -20.0124371 ], [ 57.5675067, -20.0128715 ], [ 57.5675587, -20.0130514 ], [ 57.5676217, -20.0132301 ], [ 57.567873, -20.0138123 ], [ 57.5679988, -20.0140192 ], [ 57.5681287, -20.0141868 ], [ 57.5682782, -20.0143408 ], [ 57.5684097, -20.0144476 ], [ 57.5685482, -20.0145526 ], [ 57.5686796, -20.0145751 ], [ 57.5687375, -20.0145895 ], [ 57.5687362, -20.0146184 ], [ 57.5687476, -20.0146461 ], [ 57.5687993, -20.0146574 ], [ 57.5688592, -20.0146855 ], [ 57.5688985, -20.0147211 ], [ 57.5689264, -20.0147903 ], [ 57.5689079, -20.0148628 ], [ 57.5688448, -20.0149087 ], [ 57.568818, -20.0149145 ], [ 57.5688127, -20.0149397 ], [ 57.5689012, -20.0150065 ], [ 57.5690742, -20.0151249 ], [ 57.5692006, -20.0151492 ], [ 57.5693867, -20.0151855 ], [ 57.5688156, -20.0164963 ], [ 57.5690444, -20.0166942 ], [ 57.5692937, -20.0168781 ], [ 57.5695738, -20.0170853 ], [ 57.5697349, -20.0172045 ], [ 57.5701466, -20.0174931 ], [ 57.5711668, -20.0182673 ], [ 57.5713138, -20.018376 ], [ 57.5722071, -20.0190577 ], [ 57.5727889, -20.0194993 ], [ 57.5728979, -20.0195798 ], [ 57.5736331, -20.0201405 ], [ 57.5743863, -20.0207191 ], [ 57.5751521, -20.021345 ], [ 57.5756047, -20.0217079 ], [ 57.5784005, -20.0239008 ], [ 57.5785196, -20.0243581 ], [ 57.5791284, -20.0247701 ], [ 57.5797521, -20.0251998 ], [ 57.580377, -20.0256357 ], [ 57.5812729, -20.0262872 ], [ 57.5821513, -20.0269713 ], [ 57.5827856, -20.0274388 ], [ 57.5834776, -20.0279693 ], [ 57.5842689, -20.0285715 ], [ 57.585104, -20.0292109 ], [ 57.5859801, -20.0298693 ], [ 57.5868116, -20.0305082 ], [ 57.5875707, -20.0310802 ], [ 57.5884397, -20.0317417 ], [ 57.5892431, -20.032354 ], [ 57.5899699, -20.0329223 ], [ 57.591185, -20.033871 ], [ 57.5917979, -20.0342969 ], [ 57.5926548, -20.0349092 ], [ 57.5939074, -20.0358504 ], [ 57.5952767, -20.0368772 ], [ 57.596021, -20.0374329 ], [ 57.5969879, -20.0380968 ], [ 57.5978932, -20.0387029 ], [ 57.5986496, -20.0392156 ], [ 57.5991954, -20.0396176 ], [ 57.5998606, -20.0401215 ], [ 57.601254, -20.0412189 ], [ 57.6022853, -20.0419988 ], [ 57.603389, -20.0428681 ], [ 57.605634, -20.0445412 ], [ 57.6088473, -20.0469425 ], [ 57.6104151, -20.0480978 ], [ 57.6107128, -20.0483346 ], [ 57.6110119, -20.0486181 ], [ 57.6112787, -20.0489028 ], [ 57.6115912, -20.0492795 ], [ 57.6118273, -20.0496008 ], [ 57.612078, -20.0499938 ], [ 57.6122591, -20.0503 ], [ 57.6123865, -20.0505784 ], [ 57.6125085, -20.050887 ], [ 57.6126145, -20.0512335 ], [ 57.6126963, -20.0515598 ], [ 57.6127835, -20.0519957 ], [ 57.6129243, -20.0527465 ], [ 57.6128317, -20.0530426 ], [ 57.6127928, -20.0533752 ], [ 57.612766, -20.053767 ], [ 57.612762, -20.0541802 ], [ 57.6127741, -20.0544422 ], [ 57.6127982, -20.0547093 ], [ 57.6128492, -20.0550419 ], [ 57.6129404, -20.0555319 ], [ 57.613222, -20.0568522 ], [ 57.6132837, -20.057186 ], [ 57.6133306, -20.0575287 ], [ 57.6133628, -20.0579066 ], [ 57.6134272, -20.059218 ], [ 57.6134486, -20.0596753 ], [ 57.61345, -20.0599902 ], [ 57.6134285, -20.0605861 ], [ 57.6133561, -20.0623648 ], [ 57.6133119, -20.0634683 ], [ 57.6132824, -20.0638853 ], [ 57.6132368, -20.0642443 ], [ 57.6131174, -20.0648905 ], [ 57.6129793, -20.065567 ], [ 57.6128653, -20.0660747 ], [ 57.6127928, -20.066319 ], [ 57.6126561, -20.0666768 ], [ 57.6125099, -20.0670169 ], [ 57.6121102, -20.067803 ], [ 57.6108482, -20.0702719 ], [ 57.6103909, -20.0704823 ], [ 57.610083, -20.0706838 ], [ 57.6095754, -20.070967 ], [ 57.6094552, -20.0710396 ], [ 57.6073095, -20.0723698 ], [ 57.6063138, -20.0729659 ], [ 57.606094, -20.0730961 ], [ 57.6058567, -20.0732334 ], [ 57.6056045, -20.0733656 ], [ 57.6052509, -20.0735314 ], [ 57.6008294, -20.0755132 ], [ 57.6007757, -20.075535 ], [ 57.6007183, -20.0755536 ], [ 57.600604, -20.0755845 ], [ 57.6005486, -20.0756536 ], [ 57.6007598, -20.0757999 ], [ 57.6013337, -20.0761307 ], [ 57.604264, -20.0780117 ], [ 57.604796, -20.078322 ], [ 57.6090256, -20.0811035 ], [ 57.6092482, -20.0812367 ], [ 57.6094255, -20.0813436 ], [ 57.6095377, -20.0814185 ], [ 57.6097894, -20.0815716 ], [ 57.6100574, -20.0817472 ], [ 57.6101332, -20.0817878 ], [ 57.6106084, -20.0820975 ], [ 57.611888, -20.0829009 ], [ 57.6146614, -20.0846765 ], [ 57.6162772, -20.0857027 ], [ 57.6171174, -20.086261 ], [ 57.617948, -20.0867818 ], [ 57.6185858, -20.087192 ], [ 57.6195896, -20.0878359 ], [ 57.620067, -20.0881421 ], [ 57.6204264, -20.0883737 ], [ 57.6213979, -20.0889999 ], [ 57.6237761, -20.0905143 ], [ 57.6238515, -20.0905627 ], [ 57.6245691, -20.0910285 ], [ 57.6258914, -20.0918738 ], [ 57.6279152, -20.0931673 ], [ 57.6291275, -20.0939305 ], [ 57.6298004, -20.0943541 ], [ 57.6301687, -20.0945859 ], [ 57.6303449, -20.0946969 ], [ 57.6306923, -20.0949213 ], [ 57.6310426, -20.0951476 ], [ 57.6311987, -20.0952485 ], [ 57.6316086, -20.0955133 ], [ 57.6317824, -20.0956237 ], [ 57.6318666, -20.0956772 ], [ 57.6319109, -20.0957028 ], [ 57.632807, -20.0962744 ], [ 57.6331101, -20.0964915 ], [ 57.6332374, -20.096581 ], [ 57.6345067, -20.0973897 ], [ 57.6345815, -20.0974394 ], [ 57.6349753, -20.0976878 ], [ 57.6351371, -20.0977888 ], [ 57.6352168, -20.0978386 ], [ 57.6357023, -20.0981418 ], [ 57.6358601, -20.0982362 ], [ 57.6362672, -20.0985031 ], [ 57.6368142, -20.0988342 ], [ 57.6376552, -20.0993677 ], [ 57.637713, -20.0994044 ], [ 57.6384626, -20.09988 ], [ 57.63954, -20.1005582 ], [ 57.6403314, -20.101057 ], [ 57.6405038, -20.1011656 ], [ 57.6415738, -20.1018364 ], [ 57.6416803, -20.1019093 ], [ 57.6425506, -20.1024589 ], [ 57.643481, -20.1030202 ], [ 57.6436072, -20.1030895 ], [ 57.6439007, -20.1032355 ], [ 57.6442089, -20.1033772 ], [ 57.6446398, -20.1035502 ], [ 57.6447471, -20.1035798 ], [ 57.6448709, -20.1036017 ], [ 57.6449958, -20.1036138 ], [ 57.6450623, -20.1036247 ], [ 57.6453254, -20.1036496 ], [ 57.6454588, -20.1036683 ], [ 57.645602, -20.103703 ], [ 57.6457576, -20.1037427 ], [ 57.6462541, -20.1038832 ], [ 57.6469232, -20.1040921 ], [ 57.6479247, -20.1043896 ], [ 57.6484523, -20.1045451 ], [ 57.6435957, -20.1080041 ], [ 57.636539, -20.1130759 ], [ 57.6274209, -20.1195685 ], [ 57.6283847, -20.1216215 ], [ 57.6428389, -20.1524056 ], [ 57.6429355, -20.152612 ], [ 57.642855, -20.1527681 ], [ 57.6428604, -20.1529444 ], [ 57.6430374, -20.1531056 ], [ 57.6430689, -20.1533725 ], [ 57.6428302, -20.1533626 ], [ 57.6427229, -20.153564 ], [ 57.6430877, -20.1538259 ], [ 57.6435169, -20.1540878 ], [ 57.643195, -20.1542691 ], [ 57.6432379, -20.1545914 ], [ 57.6431092, -20.1546921 ], [ 57.6427551, -20.1551323 ], [ 57.6426278, -20.1555626 ], [ 57.6425787, -20.1560963 ], [ 57.6422324, -20.1566013 ], [ 57.6417081, -20.157266 ], [ 57.64117, -20.1577443 ], [ 57.6404759, -20.1580515 ], [ 57.6400828, -20.1584085 ], [ 57.6388252, -20.1587854 ], [ 57.6381953, -20.158912 ], [ 57.638131, -20.1589524 ], [ 57.6382168, -20.1591538 ], [ 57.6386245, -20.1593754 ], [ 57.6387318, -20.1594963 ], [ 57.6387104, -20.1596776 ], [ 57.6383456, -20.1595567 ], [ 57.6380452, -20.1597179 ], [ 57.6380452, -20.1598991 ], [ 57.6377233, -20.1601207 ], [ 57.6375087, -20.1595567 ], [ 57.6372727, -20.1595567 ], [ 57.6369079, -20.1596977 ], [ 57.6368435, -20.1594157 ], [ 57.636629, -20.1590531 ], [ 57.6363929, -20.1589726 ], [ 57.6361569, -20.1588517 ], [ 57.6359423, -20.1585697 ], [ 57.635835, -20.1583481 ], [ 57.6357063, -20.1583078 ], [ 57.6355453, -20.1589524 ], [ 57.6354595, -20.1592143 ], [ 57.635953, -20.159456 ], [ 57.6362964, -20.1597179 ], [ 57.6364251, -20.1601409 ], [ 57.6361247, -20.160443 ], [ 57.6359101, -20.1604027 ], [ 57.6342579, -20.161007 ], [ 57.6336356, -20.1611077 ], [ 57.6328846, -20.1611279 ], [ 57.6323267, -20.1611883 ], [ 57.6323911, -20.1606847 ], [ 57.6325842, -20.1600804 ], [ 57.6321765, -20.1597783 ], [ 57.631683, -20.159738 ], [ 57.6313826, -20.1600804 ], [ 57.6313611, -20.1603624 ], [ 57.6310607, -20.1602516 ], [ 57.6307174, -20.1597682 ], [ 57.6303526, -20.1597078 ], [ 57.6301809, -20.1601711 ], [ 57.6301595, -20.1605538 ], [ 57.6299234, -20.1608358 ], [ 57.629623, -20.1609566 ], [ 57.6295801, -20.1614602 ], [ 57.6293012, -20.1617221 ], [ 57.6290437, -20.1620242 ], [ 57.628636, -20.1616415 ], [ 57.6285287, -20.1613394 ], [ 57.6285501, -20.1609365 ], [ 57.6283999, -20.1608156 ], [ 57.6280781, -20.1610372 ], [ 57.627885, -20.1614602 ], [ 57.6276275, -20.1617221 ], [ 57.6272949, -20.1617221 ], [ 57.6269945, -20.1614804 ], [ 57.6268228, -20.1611379 ], [ 57.626458, -20.1611581 ], [ 57.6259645, -20.1611178 ], [ 57.6256212, -20.1608559 ], [ 57.6254495, -20.1606545 ], [ 57.6245268, -20.1605941 ], [ 57.6243337, -20.1606545 ], [ 57.6242479, -20.1609969 ], [ 57.6243337, -20.1614602 ], [ 57.6242479, -20.1616415 ], [ 57.6233681, -20.1620041 ], [ 57.6232062, -20.162079 ], [ 57.6231785, -20.1620903 ], [ 57.6232759, -20.162281 ], [ 57.6232688, -20.1623278 ], [ 57.6232519, -20.1623691 ], [ 57.6232215, -20.1624157 ], [ 57.6231921, -20.1624506 ], [ 57.6230884, -20.1624972 ], [ 57.6229437, -20.1625582 ], [ 57.6228683, -20.1625807 ], [ 57.6228461, -20.1626414 ], [ 57.6224617, -20.1626621 ], [ 57.6223241, -20.1626724 ], [ 57.6222302, -20.1626925 ], [ 57.6221455, -20.1627261 ], [ 57.6220907, -20.1627706 ], [ 57.6220572, -20.1628121 ], [ 57.6219998, -20.1628984 ], [ 57.6218998, -20.16307 ], [ 57.6216875, -20.1630996 ], [ 57.6205452, -20.1646245 ], [ 57.61883, -20.1657729 ], [ 57.6181455, -20.1662312 ], [ 57.6171112, -20.1669237 ], [ 57.6163809, -20.1670486 ], [ 57.6162272, -20.1669111 ], [ 57.6160374, -20.1667887 ], [ 57.6157607, -20.1666943 ], [ 57.6155457, -20.1666664 ], [ 57.6152265, -20.1666661 ], [ 57.614903, -20.166696 ], [ 57.6145412, -20.1667762 ], [ 57.614252, -20.1668881 ], [ 57.6140134, -20.1670329 ], [ 57.6134746, -20.1675869 ], [ 57.6130392, -20.1682157 ], [ 57.6128257, -20.1683921 ], [ 57.6126041, -20.168509 ], [ 57.6122817, -20.1685578 ], [ 57.6118901, -20.168483 ], [ 57.6115331, -20.1683138 ], [ 57.6112038, -20.1681056 ], [ 57.6109162, -20.1680177 ], [ 57.6105314, -20.1680307 ], [ 57.610164, -20.1679884 ], [ 57.6098972, -20.1680177 ], [ 57.6093557, -20.1682076 ], [ 57.6084502, -20.1686197 ], [ 57.6076727, -20.169152 ], [ 57.6069775, -20.1698217 ], [ 57.6062458, -20.1703454 ], [ 57.6052854, -20.1711868 ], [ 57.6045536, -20.1714702 ], [ 57.6040323, -20.1715131 ], [ 57.6036573, -20.1714186 ], [ 57.6033371, -20.1712126 ], [ 57.6029072, -20.1710237 ], [ 57.602331, -20.1711096 ], [ 57.6018038, -20.1713799 ], [ 57.6009619, -20.1719511 ], [ 57.600338, -20.1723122 ], [ 57.5994129, -20.1726491 ], [ 57.5990711, -20.172758 ], [ 57.5984084, -20.1729572 ], [ 57.5978858, -20.1730824 ], [ 57.5973414, -20.1731963 ], [ 57.5967286, -20.173286 ], [ 57.5963445, -20.1732538 ], [ 57.5958483, -20.173168 ], [ 57.5952949, -20.1730521 ], [ 57.5948261, -20.1728975 ], [ 57.594458, -20.1728074 ], [ 57.5942407, -20.1729297 ], [ 57.5941538, -20.1730929 ], [ 57.5941584, -20.1733333 ], [ 57.5941104, -20.1741296 ], [ 57.5940669, -20.1743871 ], [ 57.5939434, -20.1747606 ], [ 57.5937948, -20.1752629 ], [ 57.5936393, -20.175778 ], [ 57.5933512, -20.1763167 ], [ 57.5930928, -20.17657 ], [ 57.5928298, -20.1767954 ], [ 57.5923085, -20.1771409 ], [ 57.591252, -20.1776582 ], [ 57.5902848, -20.1785124 ], [ 57.5898914, -20.1788945 ], [ 57.5896719, -20.1792229 ], [ 57.589473, -20.1797401 ], [ 57.5892215, -20.180618 ], [ 57.589054, -20.1810367 ], [ 57.5888925, -20.1812931 ], [ 57.5886009, -20.1816025 ], [ 57.5883304, -20.1817788 ], [ 57.5879456, -20.1818244 ], [ 57.5876422, -20.1818367 ], [ 57.5871352, -20.1817529 ], [ 57.5864032, -20.1815857 ], [ 57.5858059, -20.1813669 ], [ 57.5851534, -20.1810751 ], [ 57.5845726, -20.1807811 ], [ 57.5840406, -20.1804482 ], [ 57.5839651, -20.1804565 ], [ 57.5842093, -20.1808158 ], [ 57.5842907, -20.1811868 ], [ 57.5844084, -20.1815917 ], [ 57.5845321, -20.1819118 ], [ 57.5846106, -20.1823507 ], [ 57.5842799, -20.1833996 ], [ 57.5840421, -20.1840756 ], [ 57.5839552, -20.1846916 ], [ 57.5838432, -20.1852818 ], [ 57.5836854, -20.1857046 ], [ 57.5831572, -20.1864923 ], [ 57.5825946, -20.1871576 ], [ 57.5822585, -20.1875311 ], [ 57.5816708, -20.1879345 ], [ 57.5815405, -20.1880333 ], [ 57.5813438, -20.188381 ], [ 57.5812723, -20.1889329 ], [ 57.5811889, -20.1890764 ], [ 57.5808225, -20.1897354 ], [ 57.5806894, -20.1898507 ], [ 57.5802636, -20.190039 ], [ 57.579846, -20.1901907 ], [ 57.5795553, -20.1902292 ], [ 57.5791828, -20.1903118 ], [ 57.577891, -20.1909516 ], [ 57.5775389, -20.191186 ], [ 57.5772626, -20.1913992 ], [ 57.5769678, -20.1917989 ], [ 57.5766464, -20.1920486 ], [ 57.576282, -20.1924867 ], [ 57.5749371, -20.1931803 ], [ 57.574454, -20.1933378 ], [ 57.5741162, -20.1935837 ], [ 57.5738869, -20.1938316 ], [ 57.5735962, -20.1940333 ], [ 57.5733874, -20.194139 ], [ 57.573281, -20.1942139 ], [ 57.5730926, -20.1943638 ], [ 57.5724273, -20.1948018 ], [ 57.5721121, -20.1950151 ], [ 57.5715491, -20.195457 ], [ 57.5704601, -20.19631 ], [ 57.5703168, -20.1964656 ], [ 57.5701939, -20.1966366 ], [ 57.5699995, -20.196823 ], [ 57.5697927, -20.1969805 ], [ 57.5694979, -20.1971438 ], [ 57.5692734, -20.1972194 ], [ 57.5689008, -20.197249 ], [ 57.5684747, -20.1975456 ], [ 57.5677311, -20.1976583 ], [ 57.567662, -20.1977251 ], [ 57.56729, -20.1977689 ], [ 57.5669636, -20.1976789 ], [ 57.5667968, -20.1976058 ], [ 57.5654214, -20.1972935 ], [ 57.5649615, -20.1972805 ], [ 57.5646221, -20.1973073 ], [ 57.5642806, -20.1973177 ], [ 57.5635528, -20.1972844 ], [ 57.5630394, -20.1972016 ], [ 57.5628342, -20.1970671 ], [ 57.5625139, -20.1969541 ], [ 57.5618839, -20.1966087 ], [ 57.5613601, -20.1963695 ], [ 57.5611243, -20.1962175 ], [ 57.5604576, -20.1957567 ], [ 57.5602055, -20.1955028 ], [ 57.5597414, -20.1951403 ], [ 57.5595577, -20.1949578 ], [ 57.5591956, -20.1948181 ], [ 57.5583333, -20.1945261 ], [ 57.5578491, -20.1943385 ], [ 57.5574991, -20.1941094 ], [ 57.557045, -20.1937302 ], [ 57.5569617, -20.1935986 ], [ 57.556671, -20.1933238 ], [ 57.5563356, -20.1931865 ], [ 57.5561954, -20.192948 ], [ 57.5558559, -20.1924291 ], [ 57.5558132, -20.1920437 ], [ 57.5556818, -20.191647 ], [ 57.5557464, -20.1915702 ], [ 57.5559471, -20.1908317 ], [ 57.5561176, -20.1891157 ], [ 57.5560662, -20.1887388 ], [ 57.5559915, -20.188375 ], [ 57.5559648, -20.1876767 ], [ 57.5558841, -20.1872968 ], [ 57.5556786, -20.1864903 ], [ 57.5555292, -20.185675 ], [ 57.5554731, -20.1850789 ], [ 57.5553989, -20.1845219 ], [ 57.5553667, -20.1841342 ], [ 57.5553989, -20.1837868 ], [ 57.5556237, -20.1834422 ], [ 57.5559811, -20.1829795 ], [ 57.5562152, -20.1826556 ], [ 57.5563878, -20.1823201 ], [ 57.5565603, -20.18195 ], [ 57.5562029, -20.1815567 ], [ 57.5559318, -20.1812328 ], [ 57.5555902, -20.1808778 ], [ 57.5554511, -20.1803652 ], [ 57.5553032, -20.1799719 ], [ 57.5550074, -20.1795902 ], [ 57.5547363, -20.1792663 ], [ 57.5544282, -20.1788036 ], [ 57.5541201, -20.178202 ], [ 57.5540215, -20.1777972 ], [ 57.5538859, -20.1772072 ], [ 57.5536271, -20.1767329 ], [ 57.5534299, -20.1764322 ], [ 57.5531958, -20.1762239 ], [ 57.5532697, -20.1759579 ], [ 57.5536025, -20.175391 ], [ 57.5538366, -20.1748821 ], [ 57.5540585, -20.1742458 ], [ 57.5543912, -20.1735864 ], [ 57.5545638, -20.1729386 ], [ 57.55465, -20.1723371 ], [ 57.5548349, -20.1719553 ], [ 57.5549828, -20.1715851 ], [ 57.5548103, -20.1710877 ], [ 57.5544898, -20.1707753 ], [ 57.5541324, -20.1704399 ], [ 57.553849, -20.1701854 ], [ 57.5535285, -20.1698961 ], [ 57.5534299, -20.1693987 ], [ 57.5533437, -20.1687393 ], [ 57.5532204, -20.1680336 ], [ 57.5529247, -20.1674552 ], [ 57.5526905, -20.1669462 ], [ 57.5525426, -20.1666338 ], [ 57.5523084, -20.1661479 ], [ 57.5522222, -20.1657893 ], [ 57.551951, -20.1653844 ], [ 57.5517292, -20.1649679 ], [ 57.5515197, -20.1646671 ], [ 57.5511253, -20.1643201 ], [ 57.5508419, -20.1638689 ], [ 57.550694, -20.1633714 ], [ 57.5503982, -20.1629781 ], [ 57.5500654, -20.162712 ], [ 57.5498878, -20.162631 ], [ 57.5498084, -20.1624644 ], [ 57.5498271, -20.1622452 ], [ 57.5499719, -20.1621006 ], [ 57.5501914, -20.1618858 ], [ 57.5503268, -20.1616709 ], [ 57.5504721, -20.1614047 ], [ 57.5506077, -20.1611618 ], [ 57.5506447, -20.1608725 ], [ 57.5504352, -20.1604792 ], [ 57.5502257, -20.159947 ], [ 57.5501517, -20.1595305 ], [ 57.5502873, -20.1590909 ], [ 57.5504598, -20.1585124 ], [ 57.5505461, -20.1581422 ], [ 57.5505707, -20.1578298 ], [ 57.5507063, -20.1572514 ], [ 57.5507433, -20.1567539 ], [ 57.5508049, -20.1562448 ], [ 57.5508788, -20.1557936 ], [ 57.5511376, -20.1552036 ], [ 57.5513595, -20.1547755 ], [ 57.5514581, -20.1544863 ], [ 57.5510514, -20.1540813 ], [ 57.5506693, -20.1535376 ], [ 57.5501024, -20.1526698 ], [ 57.5494739, -20.1517674 ], [ 57.5488084, -20.15046 ], [ 57.5479457, -20.149141 ], [ 57.5476499, -20.1486204 ], [ 57.5473541, -20.1481113 ], [ 57.5470214, -20.1478336 ], [ 57.546553, -20.1476138 ], [ 57.5459985, -20.1471741 ], [ 57.5454685, -20.1466998 ], [ 57.5452754, -20.1464196 ], [ 57.5451974, -20.1463064 ], [ 57.5451358, -20.1460287 ], [ 57.5448646, -20.1456816 ], [ 57.5447044, -20.1451609 ], [ 57.5445319, -20.1446866 ], [ 57.5444086, -20.1442469 ], [ 57.5442607, -20.1438882 ], [ 57.543965, -20.1433907 ], [ 57.5435459, -20.14287 ], [ 57.5429548, -20.1415852 ], [ 57.5427454, -20.1413282 ], [ 57.5330239, -20.1435772 ], [ 57.5328684, -20.1436477 ], [ 57.5327021, -20.1437736 ], [ 57.5325036, -20.1437937 ], [ 57.5323373, -20.1437635 ], [ 57.5322139, -20.1436981 ], [ 57.5320959, -20.1436678 ], [ 57.5318842, -20.1437408 ], [ 57.5316723, -20.1437458 ], [ 57.5313129, -20.1438138 ], [ 57.5310232, -20.1438566 ], [ 57.5307228, -20.1441688 ], [ 57.5306155, -20.14433 ], [ 57.5302897, -20.1447656 ], [ 57.5300818, -20.1447493 ], [ 57.5299302, -20.1446158 ], [ 57.5297988, -20.1445604 ], [ 57.5296714, -20.1445466 ], [ 57.5296203, -20.1445315 ], [ 57.5294633, -20.1444835 ], [ 57.5290427, -20.1445448 ], [ 57.5282448, -20.144711 ], [ 57.5274512, -20.144865 ], [ 57.5268231, -20.1448472 ], [ 57.5265401, -20.144887 ], [ 57.5259421, -20.1448269 ], [ 57.5252668, -20.1445508 ], [ 57.5249763, -20.1440938 ], [ 57.5248585, -20.1440009 ], [ 57.524086, -20.1438072 ], [ 57.523732, -20.1437088 ], [ 57.5233779, -20.1433361 ], [ 57.5230131, -20.1431548 ], [ 57.5226708, -20.1430727 ], [ 57.5224227, -20.1429807 ], [ 57.5222122, -20.1429279 ], [ 57.5220995, -20.1429644 ], [ 57.5220271, -20.1430122 ], [ 57.5219909, -20.1430852 ], [ 57.5219413, -20.1431532 ], [ 57.5217683, -20.1433257 ], [ 57.5216932, -20.143361 ], [ 57.5215524, -20.1434063 ], [ 57.5213297, -20.1434453 ], [ 57.5211567, -20.1434642 ], [ 57.5210548, -20.1434013 ], [ 57.520914, -20.1432489 ], [ 57.5208148, -20.1431784 ], [ 57.5204164, -20.1430978 ], [ 57.5201978, -20.143021 ], [ 57.5200731, -20.1429896 ], [ 57.5200248, -20.1429656 ], [ 57.5197821, -20.1427314 ], [ 57.5195394, -20.1423588 ], [ 57.5195152, -20.1423059 ], [ 57.5194978, -20.1421674 ], [ 57.5194589, -20.1420364 ], [ 57.5193409, -20.1417267 ], [ 57.519188, -20.141495 ], [ 57.5191451, -20.1414573 ], [ 57.5188876, -20.1413735 ], [ 57.518618, -20.1412589 ], [ 57.5183485, -20.1411847 ], [ 57.5180494, -20.1410739 ], [ 57.5179595, -20.1410525 ], [ 57.5178429, -20.1410373 ], [ 57.5176632, -20.1410474 ], [ 57.5174848, -20.1410965 ], [ 57.5171334, -20.1412262 ], [ 57.5170382, -20.1413043 ], [ 57.5168102, -20.1414554 ], [ 57.5165688, -20.1415145 ], [ 57.5163824, -20.1415271 ], [ 57.5163194, -20.1415208 ], [ 57.516259, -20.1415007 ], [ 57.5161759, -20.1413993 ], [ 57.5161289, -20.141359 ], [ 57.5159975, -20.141184 ], [ 57.5158486, -20.1411047 ], [ 57.5157856, -20.1410468 ], [ 57.5156877, -20.1409864 ], [ 57.5155791, -20.1409524 ], [ 57.5153752, -20.1408365 ], [ 57.5153042, -20.1407786 ], [ 57.515213, -20.1406653 ], [ 57.5151432, -20.1405998 ], [ 57.5150802, -20.1405658 ], [ 57.5149152, -20.1405079 ], [ 57.5147945, -20.1404802 ], [ 57.5146631, -20.1404651 ], [ 57.5146014, -20.1404078 ], [ 57.5145397, -20.1403071 ], [ 57.5144807, -20.1402869 ], [ 57.514415, -20.1402869 ], [ 57.5141602, -20.1403826 ], [ 57.5141052, -20.1404191 ], [ 57.5140542, -20.1404808 ], [ 57.5139228, -20.14054 ], [ 57.5139094, -20.1405916 ], [ 57.5138866, -20.1406105 ], [ 57.5138343, -20.1406281 ], [ 57.5137485, -20.140608 ], [ 57.5136935, -20.1405828 ], [ 57.5136036, -20.1405136 ], [ 57.5134548, -20.1404393 ], [ 57.5133663, -20.1403637 ], [ 57.5132053, -20.1403247 ], [ 57.5130337, -20.1402643 ], [ 57.5129666, -20.1402567 ], [ 57.5126984, -20.1402542 ], [ 57.5126085, -20.1402731 ], [ 57.512516, -20.1403134 ], [ 57.5123926, -20.1403499 ], [ 57.5123175, -20.1404355 ], [ 57.5122223, -20.1404985 ], [ 57.5121941, -20.1405022 ], [ 57.5120415, -20.1404947 ], [ 57.5118602, -20.1404859 ], [ 57.511431, -20.1405211 ], [ 57.511128, -20.140467 ], [ 57.5110099, -20.1404254 ], [ 57.5108973, -20.1403625 ], [ 57.5105526, -20.1402189 ], [ 57.5104091, -20.1401132 ], [ 57.5101583, -20.1399734 ], [ 57.5100806, -20.1399432 ], [ 57.5099666, -20.1398097 ], [ 57.5099156, -20.1397065 ], [ 57.5099303, -20.1396536 ], [ 57.5099733, -20.139578 ], [ 57.5099746, -20.1394987 ], [ 57.5099518, -20.1394521 ], [ 57.5099129, -20.1394093 ], [ 57.509862, -20.1393816 ], [ 57.5097761, -20.139359 ], [ 57.5096474, -20.1393464 ], [ 57.5095978, -20.1393061 ], [ 57.5094543, -20.1391273 ], [ 57.5094073, -20.1390908 ], [ 57.5093805, -20.1390807 ], [ 57.5091927, -20.1390719 ], [ 57.5091002, -20.1390958 ], [ 57.5090184, -20.1391348 ], [ 57.5089039, -20.1392333 ], [ 57.5088492, -20.139324 ], [ 57.5088076, -20.139397 ], [ 57.508754, -20.1394864 ], [ 57.5086735, -20.1396639 ], [ 57.5086239, -20.1397836 ], [ 57.5085314, -20.1400165 ], [ 57.5084522, -20.1401588 ], [ 57.5083382, -20.1403338 ], [ 57.5082363, -20.1405365 ], [ 57.5081196, -20.1406926 ], [ 57.5080217, -20.1407808 ], [ 57.5079171, -20.1408739 ], [ 57.5078326, -20.140923 ], [ 57.5077347, -20.1409545 ], [ 57.5076503, -20.1409621 ], [ 57.5075363, -20.1409419 ], [ 57.5073659, -20.1408979 ], [ 57.507197, -20.1408349 ], [ 57.5071232, -20.140816 ], [ 57.5069891, -20.1408122 ], [ 57.5068644, -20.1408198 ], [ 57.5066417, -20.1408488 ], [ 57.5063547, -20.1409067 ], [ 57.506057, -20.1409923 ], [ 57.5058827, -20.1410439 ], [ 57.5056557, -20.1411153 ], [ 57.5056491, -20.1410216 ], [ 57.5055327, -20.1406335 ], [ 57.5054827, -20.1403455 ], [ 57.5052403, -20.1402142 ], [ 57.5046757, -20.1397861 ], [ 57.5042626, -20.1394852 ], [ 57.5038658, -20.139171 ], [ 57.503757, -20.1390835 ], [ 57.5036927, -20.138911 ], [ 57.5034915, -20.1386025 ], [ 57.5033279, -20.1384376 ], [ 57.5031911, -20.138318 ], [ 57.5031549, -20.1381681 ], [ 57.5031844, -20.1380787 ], [ 57.5030892, -20.1377854 ], [ 57.5030476, -20.1377803 ], [ 57.502947, -20.1377539 ], [ 57.5028537, -20.1375386 ] ] ] } },
{ "type": "Feature", "properties": { "element": "relation", "id": 3488098, "admin_level": "4", "border_type": null, "boundary": "administrative", "maritime": null, "note": null, "type": "boundary", "ISO3166-1": null, "ISO3166-1:alpha2": null, "ISO3166-1:alpha3": null, "ISO3166-1:numeric": null, "driving_side": null, "flag": null, "name": "Plaines Wilhems", "name:ab": null, "name:af": null, "name:als": null, "name:am": null, "name:ami": null, "name:an": null, "name:ang": null, "name:ar": "مقاطعة بلينز ويلهمز", "name:ary": null, "name:arz": null, "name:ast": null, "name:avk": null, "name:az": null, "name:azb": null, "name:ba": null, "name:ban": null, "name:bar": null, "name:bcl": null, "name:be": null, "name:be-tarask": null, "name:bg": null, "name:bi": null, "name:bjn": null, "name:bn": null, "name:bo": null, "name:bpy": null, "name:br": null, "name:bs": null, "name:bxr": null, "name:ca": "Plaines Wilhems", "name:cbk": null, "name:cdo": null, "name:ce": null, "name:ceb": "Plaines Wilhems District", "name:ckb": null, "name:crh": null, "name:cs": null, "name:cv": null, "name:cy": null, "name:da": null, "name:dag": null, "name:de": "Plaines Wilhems", "name:diq": null, "name:dty": null, "name:dv": null, "name:ee": null, "name:el": null, "name:en": "Plaines Wilhems", "name:eo": null, "name:es": "Distrito de Plaines Wilhems", "name:et": null, "name:eu": null, "name:ext": null, "name:fa": "ناحیه پلن ویلهم", "name:ff": null, "name:fi": null, "name:fo": null, "name:fr": "Plaines Wilhems", "name:frp": null, "name:frr": null, "name:fy": null, "name:ga": null, "name:gag": null, "name:gcr": null, "name:gd": null, "name:gl": null, "name:gn": null, "name:grc": null, "name:gu": null, "name:gv": null, "name:ha": null, "name:hak": null, "name:haw": null, "name:he": null, "name:hi": null, "name:hif": null, "name:hr": null, "name:hsb": null, "name:ht": null, "name:hu": null, "name:hy": null, "name:ia": null, "name:id": null, "name:ie": null, "name:ig": null, "name:ilo": null, "name:io": null, "name:is": null, "name:it": "Distretto di Plaines Wilhems", "name:ja": "プレーン・ウィルヘルム県", "name:jam": null, "name:jv": null, "name:ka": "პლენ-ვილემი", "name:kg": null, "name:ki": null, "name:kk": null, "name:kn": null, "name:ko": "플랭윌렐름구", "name:ku": null, "name:kw": null, "name:ky": null, "name:la": null, "name:lad": null, "name:lb": null, "name:lfn": null, "name:lg": null, "name:li": null, "name:lij": null, "name:lld": null, "name:lmo": null, "name:ln": null, "name:lt": "Plen Vilemo rajonas", "name:lv": null, "name:mfe": null, "name:mg": null, "name:mhr": null, "name:mi": null, "name:min": null, "name:mk": null, "name:ml": null, "name:mn": null, "name:mr": null, "name:mrj": null, "name:ms": null, "name:mt": null, "name:my": null, "name:mzn": null, "name:na": null, "name:nah": null, "name:nan": null, "name:nds": null, "name:nds-NL": null, "name:ne": null, "name:nl": "Plaines Wilhems", "name:nn": "Plaines Wilhems", "name:no": "Plaines Wilhems", "name:nov": null, "name:nso": null, "name:oc": null, "name:olo": null, "name:om": null, "name:or": null, "name:os": null, "name:pa": null, "name:pam": null, "name:pi": null, "name:pih": null, "name:pl": "Plaines Wilhems", "name:pms": null, "name:pnb": null, "name:ps": null, "name:pt": "Plaines Wilhems", "name:qu": null, "name:ro": "Districtul Plaines Wilhems", "name:ru": "Плен-Вилем", "name:rw": null, "name:sa": null, "name:sah": null, "name:sc": null, "name:scn": null, "name:sco": null, "name:sd": null, "name:se": null, "name:sg": null, "name:sgs": null, "name:sh": null, "name:shn": null, "name:si": null, "name:simple": null, "name:sk": null, "name:sl": null, "name:sm": null, "name:smn": null, "name:sms": null, "name:sn": null, "name:so": null, "name:sq": null, "name:sr": null, "name:ss": null, "name:st": null, "name:stq": null, "name:su": null, "name:sv": "Plaines Wilhems", "name:sw": null, "name:szl": null, "name:szy": null, "name:ta": "பிலெய்ன்சு வில்ஹெம்சு மாவட்டம்", "name:tay": null, "name:te": null, "name:tg": null, "name:th": null, "name:tk": null, "name:tl": null, "name:tr": "Plaines Wilhems Bölgesi", "name:trv": null, "name:ts": null, "name:tt": null, "name:tzl": null, "name:udm": null, "name:ug": null, "name:uk": "Плен-Вілем", "name:ur": "پلیئن ویلیمز ضلع", "name:uz": null, "name:vec": null, "name:vep": null, "name:vi": null, "name:vo": null, "name:vro": null, "name:war": null, "name:wo": null, "name:wuu": "威廉平原區", "name:xal": null, "name:xmf": null, "name:yi": null, "name:yo": null, "name:yue": "威廉平原區", "name:za": null, "name:zea": null, "name:zh": "威廉平原區", "name:zh-Hans": null, "name:zh-Hant": null, "name:zh-Hant-CN": null, "name:zh-Hant-TW": null, "name:zu": null, "official_name": null, "official_name:ca": null, "official_name:cs": null, "official_name:de": null, "official_name:fr": null, "official_name:sr": null, "official_name:xmf": null, "population": null, "timezone": null, "wikidata": "Q1053595", "wikipedia": "en:Plaines Wilhems District", "wikipedia:xmf": null, "ISO3166-2": "MU-PW", "official_name:ar": null, "official_name:fa": null, "official_name:ur": null, "alt_name:en": null, "code": null }, "geometry": { "type": "Polygon", "coordinates": [ [ [ 57.4371099, -20.3947417 ], [ 57.4370607, -20.3942698 ], [ 57.4372942, -20.3938933 ], [ 57.4374343, -20.3935694 ], [ 57.437537, -20.3931317 ], [ 57.4376117, -20.3927202 ], [ 57.4377238, -20.3924051 ], [ 57.437948, -20.3921249 ], [ 57.4383496, -20.3918623 ], [ 57.4387419, -20.3918623 ], [ 57.4392929, -20.3920286 ], [ 57.4399, -20.3922562 ], [ 57.4403764, -20.3923788 ], [ 57.4408901, -20.3923788 ], [ 57.4415625, -20.392335 ], [ 57.4421043, -20.3921687 ], [ 57.4424405, -20.3919148 ], [ 57.442674, -20.3916434 ], [ 57.4429729, -20.3913632 ], [ 57.4433745, -20.3912144 ], [ 57.4440283, -20.3911269 ], [ 57.4444393, -20.3911619 ], [ 57.4474141, -20.3923482 ], [ 57.4475412, -20.3922982 ], [ 57.4477316, -20.3922212 ], [ 57.4479278, -20.3920724 ], [ 57.4483107, -20.3916171 ], [ 57.4485395, -20.3913939 ], [ 57.448731, -20.3910393 ], [ 57.4489178, -20.3907417 ], [ 57.4490439, -20.390606 ], [ 57.4491373, -20.3905578 ], [ 57.449254, -20.3904265 ], [ 57.4493101, -20.3902033 ], [ 57.4493054, -20.3900063 ], [ 57.4492354, -20.3897086 ], [ 57.449226, -20.3894591 ], [ 57.4492027, -20.3893409 ], [ 57.449198, -20.3891133 ], [ 57.4492354, -20.3889951 ], [ 57.4492914, -20.3887062 ], [ 57.4492914, -20.3883866 ], [ 57.449254, -20.3882159 ], [ 57.4492774, -20.3879751 ], [ 57.4494035, -20.3878044 ], [ 57.4494735, -20.3876206 ], [ 57.4496043, -20.3873273 ], [ 57.4497397, -20.387104 ], [ 57.4498191, -20.386837 ], [ 57.4498238, -20.3865437 ], [ 57.4499452, -20.3863248 ], [ 57.450104, -20.3860885 ], [ 57.4504309, -20.3857295 ], [ 57.4507344, -20.3853968 ], [ 57.4508652, -20.3851342 ], [ 57.4509399, -20.3848452 ], [ 57.4509306, -20.3846439 ], [ 57.4509072, -20.3842762 ], [ 57.4508372, -20.3838997 ], [ 57.4506971, -20.383637 ], [ 57.4504589, -20.3832431 ], [ 57.4502067, -20.3829366 ], [ 57.4499359, -20.3826302 ], [ 57.4494502, -20.3823544 ], [ 57.4489365, -20.3820961 ], [ 57.4484555, -20.3819123 ], [ 57.4477316, -20.3817109 ], [ 57.4474234, -20.3816321 ], [ 57.4467509, -20.3814657 ], [ 57.4465314, -20.3813738 ], [ 57.4456602, -20.38095 ], [ 57.4449665, -20.380532 ], [ 57.4444852, -20.3801405 ], [ 57.4437986, -20.3796561 ], [ 57.4433739, -20.3792447 ], [ 57.4429563, -20.3787537 ], [ 57.4426094, -20.3781234 ], [ 57.4423617, -20.377493 ], [ 57.4419087, -20.3762654 ], [ 57.4416468, -20.3756682 ], [ 57.4414344, -20.3752237 ], [ 57.4410734, -20.3747393 ], [ 57.4409743, -20.3743942 ], [ 57.4408682, -20.3739364 ], [ 57.4407124, -20.3737041 ], [ 57.4403444, -20.3733524 ], [ 57.4399338, -20.3731003 ], [ 57.4394949, -20.3729012 ], [ 57.4391693, -20.3727751 ], [ 57.4386809, -20.3725761 ], [ 57.4381854, -20.3723239 ], [ 57.4377678, -20.3720519 ], [ 57.4375413, -20.3717864 ], [ 57.4374493, -20.3715807 ], [ 57.4375696, -20.371302 ], [ 57.4378032, -20.3711229 ], [ 57.4381076, -20.3710034 ], [ 57.4383412, -20.3709105 ], [ 57.4385677, -20.3706451 ], [ 57.4388154, -20.3697095 ], [ 57.4390986, -20.3692649 ], [ 57.4395303, -20.3689463 ], [ 57.4398206, -20.3685946 ], [ 57.4401037, -20.3681633 ], [ 57.4401816, -20.3677917 ], [ 57.4402382, -20.3672144 ], [ 57.4401674, -20.3665973 ], [ 57.4399692, -20.3662721 ], [ 57.4396861, -20.3659602 ], [ 57.4393675, -20.3656749 ], [ 57.439049, -20.3654758 ], [ 57.4386597, -20.3653298 ], [ 57.4383624, -20.3652037 ], [ 57.4381713, -20.364925 ], [ 57.438143, -20.3645998 ], [ 57.4382421, -20.364341 ], [ 57.4384332, -20.364142 ], [ 57.4386526, -20.3639163 ], [ 57.4389853, -20.363704 ], [ 57.4393251, -20.3635314 ], [ 57.4397144, -20.3634253 ], [ 57.4400471, -20.3633788 ], [ 57.4403302, -20.3633125 ], [ 57.4405992, -20.3631864 ], [ 57.4407124, -20.3630868 ], [ 57.4408219, -20.362959 ], [ 57.4409223, -20.3627406 ], [ 57.4414265, -20.3612947 ], [ 57.4416465, -20.3605605 ], [ 57.441802, -20.360314 ], [ 57.441963, -20.3601506 ], [ 57.442089, -20.3600274 ], [ 57.44225, -20.3596828 ], [ 57.4423331, -20.3592302 ], [ 57.4422285, -20.3586594 ], [ 57.4419147, -20.3579754 ], [ 57.4415284, -20.35748 ], [ 57.4402007, -20.3562805 ], [ 57.440013, -20.3560039 ], [ 57.4398494, -20.3556895 ], [ 57.4397957, -20.3553953 ], [ 57.439844, -20.3550583 ], [ 57.4400103, -20.354832 ], [ 57.4402785, -20.3546258 ], [ 57.4406594, -20.35449 ], [ 57.4411422, -20.3543995 ], [ 57.4416196, -20.3543542 ], [ 57.4420823, -20.3542155 ], [ 57.4424297, -20.353967 ], [ 57.4427676, -20.3536853 ], [ 57.4431002, -20.3534037 ], [ 57.4435025, -20.3530667 ], [ 57.443921, -20.3526643 ], [ 57.4443018, -20.3522871 ], [ 57.4444842, -20.35193 ], [ 57.4446452, -20.3514421 ], [ 57.444731, -20.3510699 ], [ 57.4448866, -20.350743 ], [ 57.4451011, -20.350562 ], [ 57.4452352, -20.3503859 ], [ 57.4453372, -20.350235 ], [ 57.4453372, -20.350054 ], [ 57.4452621, -20.3498427 ], [ 57.4442643, -20.3490682 ], [ 57.4441141, -20.3488469 ], [ 57.4440765, -20.3486608 ], [ 57.4440873, -20.3484596 ], [ 57.4441892, -20.3483137 ], [ 57.4444038, -20.3481125 ], [ 57.4448758, -20.347846 ], [ 57.4453747, -20.3476096 ], [ 57.445702, -20.347348 ], [ 57.4459863, -20.3470563 ], [ 57.4462759, -20.3467998 ], [ 57.4465656, -20.3466036 ], [ 57.4468875, -20.3465282 ], [ 57.4472523, -20.3463874 ], [ 57.4476707, -20.3462013 ], [ 57.4480516, -20.3459598 ], [ 57.4484593, -20.3456882 ], [ 57.4492747, -20.3451098 ], [ 57.4498454, -20.3445334 ], [ 57.449971, -20.3444592 ], [ 57.4500924, -20.3444249 ], [ 57.4502026, -20.3444185 ], [ 57.4503525, -20.3444461 ], [ 57.4522206, -20.3452206 ], [ 57.4531337, -20.3454222 ], [ 57.4533817, -20.345426 ], [ 57.453898, -20.3452698 ], [ 57.4543208, -20.3451401 ], [ 57.4548249, -20.3450067 ], [ 57.4553046, -20.3449191 ], [ 57.4558291, -20.3447933 ], [ 57.4561747, -20.3449114 ], [ 57.4564023, -20.3451554 ], [ 57.4568251, -20.3463942 ], [ 57.4569512, -20.3467792 ], [ 57.4571707, -20.3471147 ], [ 57.4575407, -20.3472976 ], [ 57.4579757, -20.3474234 ], [ 57.4584188, -20.3475073 ], [ 57.4591059, -20.3475225 ], [ 57.4597157, -20.3474882 ], [ 57.4603946, -20.3474196 ], [ 57.4614272, -20.3470994 ], [ 57.4617606, -20.3469546 ], [ 57.4620371, -20.3468174 ], [ 57.4622566, -20.3467411 ], [ 57.4625412, -20.3467068 ], [ 57.4627973, -20.3467373 ], [ 57.463029, -20.346844 ], [ 57.4632445, -20.3470575 ], [ 57.4634315, -20.3473624 ], [ 57.4635819, -20.3476979 ], [ 57.4637217, -20.3486607 ], [ 57.4636656, -20.3492124 ], [ 57.4635302, -20.3498122 ], [ 57.4633294, -20.350504 ], [ 57.4632453, -20.3509506 ], [ 57.463222, -20.3511915 ], [ 57.4632734, -20.351371 ], [ 57.4633808, -20.3514892 ], [ 57.4637404, -20.3515549 ], [ 57.4643194, -20.3516643 ], [ 57.4648568, -20.3515065 ], [ 57.4657983, -20.3506504 ], [ 57.4668317, -20.3496748 ], [ 57.4679147, -20.3488917 ], [ 57.4685871, -20.3483873 ], [ 57.4691039, -20.347571 ], [ 57.469748, -20.3468874 ], [ 57.4701939, -20.3459118 ], [ 57.4702576, -20.344757 ], [ 57.4702718, -20.3441 ], [ 57.4700241, -20.3433301 ], [ 57.4699391, -20.3426398 ], [ 57.4698613, -20.3421222 ], [ 57.4696984, -20.3415315 ], [ 57.4695923, -20.3411133 ], [ 57.4695215, -20.3407417 ], [ 57.4694295, -20.3404762 ], [ 57.4693091, -20.3403235 ], [ 57.4691039, -20.3401908 ], [ 57.4688066, -20.3400382 ], [ 57.4684739, -20.3398191 ], [ 57.4681483, -20.3395868 ], [ 57.4678439, -20.3391554 ], [ 57.4676528, -20.3387572 ], [ 57.4675395, -20.3383988 ], [ 57.4672918, -20.3380404 ], [ 57.4668742, -20.3376886 ], [ 57.4665273, -20.3375028 ], [ 57.4661026, -20.3373568 ], [ 57.4656213, -20.3372904 ], [ 57.4651683, -20.3371643 ], [ 57.464786, -20.337078 ], [ 57.4643897, -20.3370448 ], [ 57.4640145, -20.3369984 ], [ 57.4636535, -20.3369785 ], [ 57.4632642, -20.3370581 ], [ 57.4626908, -20.3371709 ], [ 57.4623086, -20.3373169 ], [ 57.4619547, -20.3375758 ], [ 57.4617919, -20.3378678 ], [ 57.4617069, -20.3380802 ], [ 57.4615937, -20.3382528 ], [ 57.4614096, -20.3383258 ], [ 57.4611973, -20.3383059 ], [ 57.4607273, -20.3380388 ], [ 57.4604747, -20.3377499 ], [ 57.4603022, -20.3374205 ], [ 57.4601173, -20.3371374 ], [ 57.4597907, -20.3368543 ], [ 57.4595997, -20.3366925 ], [ 57.4595689, -20.3364036 ], [ 57.4596983, -20.3361147 ], [ 57.4598462, -20.3358489 ], [ 57.4600865, -20.3355196 ], [ 57.4602159, -20.3352884 ], [ 57.4602714, -20.3351324 ], [ 57.4602405, -20.3349649 ], [ 57.4600988, -20.3347915 ], [ 57.4600249, -20.3346702 ], [ 57.4600064, -20.3344564 ], [ 57.4600988, -20.3341791 ], [ 57.460068, -20.3339133 ], [ 57.4599324, -20.3336532 ], [ 57.4598585, -20.333347 ], [ 57.4597476, -20.3330292 ], [ 57.4595812, -20.3327981 ], [ 57.4594703, -20.3326016 ], [ 57.4593963, -20.3323994 ], [ 57.4594148, -20.3320643 ], [ 57.4591521, -20.3319659 ], [ 57.4587762, -20.3318461 ], [ 57.4583652, -20.3316096 ], [ 57.4578795, -20.3310053 ], [ 57.45759, -20.3305148 ], [ 57.4573565, -20.3300945 ], [ 57.4570856, -20.3297179 ], [ 57.4567681, -20.3294551 ], [ 57.4564318, -20.32935 ], [ 57.4561049, -20.3291748 ], [ 57.4557874, -20.3289033 ], [ 57.4554324, -20.3286669 ], [ 57.4551616, -20.3284567 ], [ 57.4549654, -20.3280538 ], [ 57.454816, -20.3277035 ], [ 57.4545265, -20.3274319 ], [ 57.4542556, -20.3270641 ], [ 57.4542276, -20.326924 ], [ 57.4539727, -20.3264292 ], [ 57.4536517, -20.3260268 ], [ 57.4536447, -20.3256285 ], [ 57.4537084, -20.3253895 ], [ 57.4538499, -20.3252568 ], [ 57.4538641, -20.3250842 ], [ 57.4539986, -20.3248917 ], [ 57.4541968, -20.3246926 ], [ 57.4546427, -20.3244337 ], [ 57.4551665, -20.3241682 ], [ 57.455773, -20.323807 ], [ 57.456303, -20.3233448 ], [ 57.4566419, -20.3228767 ], [ 57.4567034, -20.3223682 ], [ 57.456987, -20.3219175 ], [ 57.4574491, -20.3215765 ], [ 57.4578866, -20.3214494 ], [ 57.4584042, -20.3213223 ], [ 57.4586076, -20.3210218 ], [ 57.4589095, -20.3204902 ], [ 57.4586322, -20.3197621 ], [ 57.4585213, -20.3192882 ], [ 57.4583364, -20.3188259 ], [ 57.4582748, -20.3183058 ], [ 57.4580037, -20.3176239 ], [ 57.4575477, -20.3171732 ], [ 57.457141, -20.3165375 ], [ 57.4570547, -20.3160059 ], [ 57.4569808, -20.3153933 ], [ 57.4569315, -20.3149657 ], [ 57.4567097, -20.3144803 ], [ 57.4563276, -20.3140758 ], [ 57.4559332, -20.3138331 ], [ 57.4555142, -20.313729 ], [ 57.4552924, -20.3134979 ], [ 57.4552554, -20.3132321 ], [ 57.4547255, -20.3127235 ], [ 57.4541955, -20.3122497 ], [ 57.4538628, -20.3118336 ], [ 57.4535177, -20.3115562 ], [ 57.4531603, -20.3113135 ], [ 57.4528892, -20.3110823 ], [ 57.4527659, -20.3109552 ], [ 57.45239, -20.3108917 ], [ 57.452162, -20.3108049 ], [ 57.4518293, -20.3107587 ], [ 57.4515274, -20.3106373 ], [ 57.4506392, -20.3106604 ], [ 57.4494635, -20.3103596 ], [ 57.4508608, -20.3018818 ], [ 57.4522112, -20.2936025 ], [ 57.4525647, -20.2906201 ], [ 57.4534533, -20.2855172 ], [ 57.4540509, -20.2814044 ], [ 57.4543367, -20.2787628 ], [ 57.4554276, -20.2720403 ], [ 57.4563968, -20.265257 ], [ 57.456261, -20.2649212 ], [ 57.4560282, -20.2646193 ], [ 57.4556711, -20.2642944 ], [ 57.4553523, -20.2640283 ], [ 57.454984, -20.2636591 ], [ 57.4546503, -20.2631174 ], [ 57.4542475, -20.2621065 ], [ 57.4537003, -20.2612913 ], [ 57.4534428, -20.2608283 ], [ 57.4531531, -20.2604861 ], [ 57.4529171, -20.2602646 ], [ 57.4526274, -20.2600432 ], [ 57.4523485, -20.2598218 ], [ 57.4521339, -20.2595299 ], [ 57.4514592, -20.2544381 ], [ 57.4504548, -20.2468574 ], [ 57.4504185, -20.2465612 ], [ 57.4505636, -20.2460563 ], [ 57.4500765, -20.2424284 ], [ 57.4494367, -20.2405173 ], [ 57.4493417, -20.2398615 ], [ 57.449328, -20.239753 ], [ 57.4491727, -20.2388423 ], [ 57.4491028, -20.2383986 ], [ 57.4489058, -20.2371448 ], [ 57.4488736, -20.2368654 ], [ 57.4488792, -20.2368166 ], [ 57.4489054, -20.2367761 ], [ 57.44895, -20.2367429 ], [ 57.449007, -20.2367197 ], [ 57.4491863, -20.2366972 ], [ 57.4491559, -20.2362092 ], [ 57.4491259, -20.2359988 ], [ 57.4482473, -20.2291049 ], [ 57.4481567, -20.2282046 ], [ 57.4481609, -20.2277564 ], [ 57.4484522, -20.220902 ], [ 57.4490196, -20.2075472 ], [ 57.4492507, -20.2067752 ], [ 57.4492723, -20.2065899 ], [ 57.4494326, -20.2062111 ], [ 57.4502058, -20.2038065 ], [ 57.4505422, -20.2030894 ], [ 57.4507384, -20.202671 ], [ 57.4512844, -20.201915 ], [ 57.451926, -20.2013329 ], [ 57.4519947, -20.2012705 ], [ 57.4529258, -20.2007035 ], [ 57.4534189, -20.2004785 ], [ 57.4546444, -20.2002188 ], [ 57.4546815, -20.2003772 ], [ 57.4555994, -20.200144 ], [ 57.456069, -20.1999914 ], [ 57.4568843, -20.1997445 ], [ 57.4576359, -20.1992299 ], [ 57.4580097, -20.1989753 ], [ 57.4581953, -20.1988472 ], [ 57.4583844, -20.1986858 ], [ 57.4587099, -20.1983773 ], [ 57.459038, -20.1980308 ], [ 57.4593274, -20.1976789 ], [ 57.4595531, -20.1973505 ], [ 57.4597796, -20.1969513 ], [ 57.4603766, -20.1957807 ], [ 57.4604937, -20.1955651 ], [ 57.4607922, -20.1950121 ], [ 57.4612068, -20.194299 ], [ 57.4614008, -20.1940203 ], [ 57.4614337, -20.1939726 ], [ 57.4616302, -20.1936878 ], [ 57.4620808, -20.1930716 ], [ 57.4623034, -20.1928011 ], [ 57.4626003, -20.1924773 ], [ 57.4628652, -20.1922007 ], [ 57.463944, -20.1905328 ], [ 57.4648313, -20.1895843 ], [ 57.465663, -20.1887781 ], [ 57.4658876, -20.1885604 ], [ 57.4660248, -20.1884274 ], [ 57.4676528, -20.1870655 ], [ 57.4690031, -20.1863335 ], [ 57.469433, -20.1863745 ], [ 57.4695321, -20.1864011 ], [ 57.4701159, -20.186459 ], [ 57.4735732, -20.1868433 ], [ 57.473498, -20.1869339 ], [ 57.4733451, -20.1869918 ], [ 57.472924, -20.1870573 ], [ 57.4725378, -20.1870875 ], [ 57.4717197, -20.1873367 ], [ 57.4715185, -20.1874374 ], [ 57.4712879, -20.1874777 ], [ 57.4711001, -20.1875884 ], [ 57.4710679, -20.1876312 ], [ 57.4709231, -20.188107 ], [ 57.4708211, -20.1883588 ], [ 57.4708138, -20.1884717 ], [ 57.4709597, -20.1894142 ], [ 57.4710643, -20.1895988 ], [ 57.4711475, -20.1897405 ], [ 57.4712861, -20.1899053 ], [ 57.4714248, -20.190047 ], [ 57.4716035, -20.1902494 ], [ 57.4717914, -20.1904316 ], [ 57.4719855, -20.1905936 ], [ 57.4721426, -20.1906774 ], [ 57.4723552, -20.1908191 ], [ 57.4725524, -20.1910476 ], [ 57.4729595, -20.1915087 ], [ 57.4740344, -20.1920336 ], [ 57.47417, -20.192236 ], [ 57.4743117, -20.1924385 ], [ 57.4744101, -20.1926606 ], [ 57.4744442, -20.1927103 ], [ 57.4744503, -20.192852 ], [ 57.4744134, -20.1930052 ], [ 57.4743425, -20.1932221 ], [ 57.4742593, -20.1933696 ], [ 57.4742008, -20.1935286 ], [ 57.4741422, -20.193705 ], [ 57.4740925, -20.1942154 ], [ 57.4734842, -20.1953286 ], [ 57.4734451, -20.1955066 ], [ 57.47315, -20.1957281 ], [ 57.4729971, -20.1959521 ], [ 57.4728469, -20.1963071 ], [ 57.4727852, -20.1966142 ], [ 57.4726136, -20.1971403 ], [ 57.4724862, -20.1973398 ], [ 57.4723145, -20.197448 ], [ 57.4717861, -20.1978659 ], [ 57.4716493, -20.1980345 ], [ 57.4716037, -20.1981352 ], [ 57.4715984, -20.198246 ], [ 57.4716359, -20.1985657 ], [ 57.4716548, -20.1986138 ], [ 57.4716641, -20.1989212 ], [ 57.4716722, -20.1991539 ], [ 57.4717332, -20.1993638 ], [ 57.4718999, -20.1995011 ], [ 57.47203, -20.1996957 ], [ 57.4720991, -20.199814 ], [ 57.4720422, -20.199959 ], [ 57.4719934, -20.2000811 ], [ 57.4719771, -20.2003024 ], [ 57.4720503, -20.2006877 ], [ 57.4720991, -20.2008709 ], [ 57.4721479, -20.2010273 ], [ 57.4722455, -20.2011761 ], [ 57.4724243, -20.2012639 ], [ 57.4725788, -20.2014241 ], [ 57.4727008, -20.2016034 ], [ 57.4728797, -20.2018476 ], [ 57.4729854, -20.2020193 ], [ 57.473087, -20.2022597 ], [ 57.47327, -20.2026527 ], [ 57.4733553, -20.2028549 ], [ 57.4734448, -20.2030571 ], [ 57.4735098, -20.2033509 ], [ 57.473522, -20.203492 ], [ 57.4735464, -20.2036752 ], [ 57.4735952, -20.2038316 ], [ 57.4735993, -20.203988 ], [ 57.4735667, -20.204091 ], [ 57.4735464, -20.2042398 ], [ 57.473522, -20.204423 ], [ 57.4735098, -20.2045756 ], [ 57.4735179, -20.2047358 ], [ 57.4735952, -20.2048846 ], [ 57.4736887, -20.2050945 ], [ 57.4736806, -20.2053272 ], [ 57.4736196, -20.2056553 ], [ 57.4737489, -20.2060744 ], [ 57.4737738, -20.2063267 ], [ 57.4738053, -20.2065874 ], [ 57.47445, -20.2071259 ], [ 57.4746563, -20.2092242 ], [ 57.475031, -20.2094007 ], [ 57.4752479, -20.2096121 ], [ 57.475439, -20.2099443 ], [ 57.4756231, -20.2101767 ], [ 57.4758425, -20.2102963 ], [ 57.476069, -20.2104225 ], [ 57.4761752, -20.2108078 ], [ 57.4761752, -20.2110669 ], [ 57.4761539, -20.2113126 ], [ 57.4761752, -20.2115584 ], [ 57.476253, -20.2117444 ], [ 57.4763946, -20.2119702 ], [ 57.4763875, -20.2122758 ], [ 57.4763451, -20.2125747 ], [ 57.4763946, -20.2128338 ], [ 57.4764158, -20.2130596 ], [ 57.4766636, -20.2132589 ], [ 57.4770033, -20.2134515 ], [ 57.4772652, -20.2135379 ], [ 57.477513, -20.2136176 ], [ 57.4777041, -20.2137106 ], [ 57.4779253, -20.2138718 ], [ 57.4779023, -20.2140958 ], [ 57.4779525, -20.2142524 ], [ 57.4780051, -20.2144334 ], [ 57.4780244, -20.2145727 ], [ 57.4779535, -20.2146855 ], [ 57.477781, -20.214804 ], [ 57.4776023, -20.2149197 ], [ 57.4771863, -20.2152001 ], [ 57.4771495, -20.2153467 ], [ 57.4771771, -20.2155182 ], [ 57.4772017, -20.2156974 ], [ 57.4773219, -20.2158969 ], [ 57.4774513, -20.2160473 ], [ 57.4775807, -20.2162207 ], [ 57.4777471, -20.216374 ], [ 57.4779412, -20.2165128 ], [ 57.478086, -20.2166226 ], [ 57.4782739, -20.2167007 ], [ 57.4784341, -20.2167498 ], [ 57.4787746, -20.2170549 ], [ 57.4789088, -20.2173143 ], [ 57.4790632, -20.2175318 ], [ 57.4791608, -20.217776 ], [ 57.4792421, -20.2180125 ], [ 57.4793641, -20.2184054 ], [ 57.4794291, -20.218558 ], [ 57.4795145, -20.2186343 ], [ 57.4796202, -20.2188213 ], [ 57.4797015, -20.2190311 ], [ 57.4797137, -20.2192752 ], [ 57.4796324, -20.2194431 ], [ 57.4795836, -20.219569 ], [ 57.4795552, -20.2197216 ], [ 57.4794617, -20.21992 ], [ 57.4793763, -20.2200382 ], [ 57.4793275, -20.2201629 ], [ 57.4793369, -20.2206486 ], [ 57.4793798, -20.2209054 ], [ 57.4794871, -20.2211369 ], [ 57.4797338, -20.2213534 ], [ 57.4799752, -20.2214541 ], [ 57.4803239, -20.2215799 ], [ 57.4805599, -20.2215749 ], [ 57.4808711, -20.2215195 ], [ 57.4812412, -20.2214943 ], [ 57.4815148, -20.2215296 ], [ 57.4819547, -20.2216202 ], [ 57.4823141, -20.221751 ], [ 57.4826252, -20.2219625 ], [ 57.4828666, -20.2221588 ], [ 57.4831295, -20.2224205 ], [ 57.4833065, -20.2226017 ], [ 57.4834245, -20.2228283 ], [ 57.4834567, -20.2230951 ], [ 57.4834353, -20.2232964 ], [ 57.4833226, -20.2235481 ], [ 57.4832314, -20.2237243 ], [ 57.4829525, -20.2240515 ], [ 57.4826896, -20.2243082 ], [ 57.4825019, -20.2245146 ], [ 57.4823999, -20.2246807 ], [ 57.4823356, -20.2248619 ], [ 57.4823409, -20.2250683 ], [ 57.4823785, -20.2252193 ], [ 57.4825072, -20.2253904 ], [ 57.4827164, -20.2254961 ], [ 57.48321, -20.2257176 ], [ 57.4836123, -20.226075 ], [ 57.4839288, -20.2263468 ], [ 57.4841273, -20.2266086 ], [ 57.4841917, -20.2268552 ], [ 57.4842185, -20.2271874 ], [ 57.4841595, -20.2274441 ], [ 57.4840039, -20.2276404 ], [ 57.483741, -20.2277663 ], [ 57.4834353, -20.2277562 ], [ 57.483151, -20.2276505 ], [ 57.4830115, -20.2275851 ], [ 57.4828184, -20.22758 ], [ 57.4826735, -20.2276455 ], [ 57.482577, -20.2277612 ], [ 57.4825394, -20.2279022 ], [ 57.4826145, -20.2281992 ], [ 57.482813, -20.2289341 ], [ 57.4831188, -20.2295985 ], [ 57.4833226, -20.2301471 ], [ 57.4834889, -20.2307159 ], [ 57.4835104, -20.2310129 ], [ 57.4834782, -20.2312847 ], [ 57.4834192, -20.2314911 ], [ 57.4832261, -20.2317478 ], [ 57.4830168, -20.2319139 ], [ 57.4828774, -20.2320951 ], [ 57.4828291, -20.2323568 ], [ 57.482872, -20.2326085 ], [ 57.48299, -20.2328048 ], [ 57.4833012, -20.2331269 ], [ 57.4835265, -20.2333836 ], [ 57.4836391, -20.2336101 ], [ 57.4837089, -20.233897 ], [ 57.4836713, -20.2340984 ], [ 57.4835801, -20.2343148 ], [ 57.4834353, -20.2345614 ], [ 57.4833816, -20.2348131 ], [ 57.4833763, -20.235105 ], [ 57.4834192, -20.2353919 ], [ 57.4835426, -20.2356688 ], [ 57.4837142, -20.235855 ], [ 57.4839663, -20.2359456 ], [ 57.4842292, -20.2359053 ], [ 57.4844438, -20.2358198 ], [ 57.4846423, -20.2357896 ], [ 57.484948, -20.2357745 ], [ 57.4853343, -20.2359003 ], [ 57.4857849, -20.2360412 ], [ 57.4860477, -20.2361671 ], [ 57.486316, -20.2363181 ], [ 57.4864823, -20.2364288 ], [ 57.4867129, -20.2365496 ], [ 57.4869704, -20.2366201 ], [ 57.487303, -20.2365647 ], [ 57.4875498, -20.2365597 ], [ 57.487877, -20.236615 ], [ 57.4881184, -20.2367258 ], [ 57.4883169, -20.2368969 ], [ 57.4884725, -20.2371385 ], [ 57.4886441, -20.2374908 ], [ 57.4887085, -20.2378281 ], [ 57.4887514, -20.2380797 ], [ 57.4888641, -20.2383163 ], [ 57.4889606, -20.2385327 ], [ 57.4891591, -20.2387642 ], [ 57.4893415, -20.2388599 ], [ 57.4894649, -20.2388649 ], [ 57.4896687, -20.2387592 ], [ 57.4898833, -20.2386988 ], [ 57.490291, -20.2386585 ], [ 57.4906611, -20.2386535 ], [ 57.4911439, -20.2387592 ], [ 57.4913711, -20.2389034 ], [ 57.4915713, -20.2389752 ], [ 57.4916987, -20.2390934 ], [ 57.4918824, -20.239179 ], [ 57.4920219, -20.2393665 ], [ 57.4920661, -20.239486 ], [ 57.4922016, -20.239676 ], [ 57.4922709, -20.2398087 ], [ 57.492333, -20.2399277 ], [ 57.4924497, -20.2400523 ], [ 57.4925234, -20.2400963 ], [ 57.4925692, -20.2401041 ], [ 57.492646, -20.2401172 ], [ 57.4927809, -20.2401403 ], [ 57.4929124, -20.2400472 ], [ 57.4932168, -20.2398925 ], [ 57.493375, -20.2398799 ], [ 57.4934528, -20.2398321 ], [ 57.4934877, -20.2397905 ], [ 57.4934823, -20.2396848 ], [ 57.4934628, -20.2396335 ], [ 57.4933844, -20.2394269 ], [ 57.4933589, -20.239325 ], [ 57.4933496, -20.2392457 ], [ 57.4933522, -20.2390305 ], [ 57.493375, -20.2389512 ], [ 57.4934449, -20.2388943 ], [ 57.4934676, -20.2388758 ], [ 57.4935226, -20.2388619 ], [ 57.4935749, -20.2388355 ], [ 57.4935829, -20.2388103 ], [ 57.4935507, -20.2387147 ], [ 57.4934233, -20.2385498 ], [ 57.4933844, -20.2384995 ], [ 57.4933308, -20.2383825 ], [ 57.4933348, -20.2383284 ], [ 57.4933576, -20.2382781 ], [ 57.4934044, -20.2382483 ], [ 57.49343, -20.2382277 ], [ 57.4936406, -20.2381516 ], [ 57.4937825, -20.2381188 ], [ 57.4938042, -20.2381138 ], [ 57.4940402, -20.2380887 ], [ 57.494177, -20.2380232 ], [ 57.4943514, -20.2379805 ], [ 57.494641, -20.237983 ], [ 57.4948594, -20.2380118 ], [ 57.4950219, -20.2380333 ], [ 57.4952392, -20.2381088 ], [ 57.4953384, -20.2381617 ], [ 57.4954457, -20.2382019 ], [ 57.4955852, -20.2382976 ], [ 57.4959847, -20.2386593 ], [ 57.4961666, -20.2387825 ], [ 57.4963659, -20.2388885 ], [ 57.496496, -20.2389438 ], [ 57.4965692, -20.2390011 ], [ 57.49662, -20.2390869 ], [ 57.4966952, -20.2391517 ], [ 57.4968273, -20.2391632 ], [ 57.4969676, -20.2391632 ], [ 57.4971058, -20.2391803 ], [ 57.4971769, -20.2392242 ], [ 57.4972684, -20.2392909 ], [ 57.4973619, -20.2393215 ], [ 57.4974534, -20.2393329 ], [ 57.4975184, -20.2393691 ], [ 57.4975672, -20.2394302 ], [ 57.4976567, -20.2394664 ], [ 57.4977542, -20.2394683 ], [ 57.4978634, -20.2395276 ], [ 57.4979324, -20.2396405 ], [ 57.4980226, -20.2397218 ], [ 57.4981235, -20.2397999 ], [ 57.4982598, -20.2398563 ], [ 57.4984084, -20.2398729 ], [ 57.4985305, -20.2398962 ], [ 57.4986548, -20.2400282 ], [ 57.4999273, -20.2404645 ], [ 57.5008463, -20.2408423 ], [ 57.5009558, -20.2410532 ], [ 57.500968, -20.2412859 ], [ 57.5008501, -20.2415071 ], [ 57.5006346, -20.2416635 ], [ 57.500472, -20.2417551 ], [ 57.5003175, -20.2418123 ], [ 57.5002037, -20.2419534 ], [ 57.4999938, -20.2421008 ], [ 57.4997902, -20.2420792 ], [ 57.4996725, -20.2421763 ], [ 57.4996427, -20.2424574 ], [ 57.4997468, -20.2427637 ], [ 57.499901, -20.2430136 ], [ 57.5002821, -20.2432245 ], [ 57.5005994, -20.243227 ], [ 57.500696, -20.2431745 ], [ 57.500763, -20.2430814 ], [ 57.500875, -20.2429166 ], [ 57.5009823, -20.2428411 ], [ 57.501111, -20.2427857 ], [ 57.5014704, -20.2427706 ], [ 57.5015885, -20.2428059 ], [ 57.501685, -20.2428763 ], [ 57.5017172, -20.242977 ], [ 57.5017226, -20.2430877 ], [ 57.5016153, -20.2435206 ], [ 57.5016153, -20.2437772 ], [ 57.5016689, -20.2440943 ], [ 57.5017118, -20.2442654 ], [ 57.5017118, -20.2443711 ], [ 57.5014973, -20.2447788 ], [ 57.5014597, -20.2448996 ], [ 57.5014597, -20.2450053 ], [ 57.5014651, -20.245116 ], [ 57.5015294, -20.2453324 ], [ 57.5016689, -20.2455136 ], [ 57.5017708, -20.2455942 ], [ 57.5018889, -20.2456193 ], [ 57.5020337, -20.2455992 ], [ 57.503171, -20.2450909 ], [ 57.5035465, -20.2449751 ], [ 57.5038093, -20.2449449 ], [ 57.5046676, -20.2449449 ], [ 57.5049198, -20.2449801 ], [ 57.505129, -20.2450858 ], [ 57.505247, -20.2452721 ], [ 57.5052845, -20.2453928 ], [ 57.5052738, -20.2454985 ], [ 57.5052255, -20.2455942 ], [ 57.5050378, -20.2457502 ], [ 57.5046945, -20.245881 ], [ 57.504335, -20.2459767 ], [ 57.5041527, -20.2460924 ], [ 57.5041097, -20.2461981 ], [ 57.5041312, -20.2462988 ], [ 57.5041848, -20.2463944 ], [ 57.5042921, -20.2464598 ], [ 57.5052524, -20.2464699 ], [ 57.5056171, -20.2464196 ], [ 57.5070172, -20.2463994 ], [ 57.5071406, -20.2463793 ], [ 57.5076449, -20.2462535 ], [ 57.5079989, -20.2462635 ], [ 57.5083691, -20.2463038 ], [ 57.5085193, -20.2464699 ], [ 57.5087473, -20.246719 ], [ 57.508927, -20.2470185 ], [ 57.5092381, -20.2473054 ], [ 57.5095278, -20.2474362 ], [ 57.5100401, -20.2473934 ], [ 57.5105605, -20.2473431 ], [ 57.5110593, -20.2471594 ], [ 57.5114965, -20.24686 ], [ 57.5118291, -20.2465957 ], [ 57.5120169, -20.2464976 ], [ 57.5122623, -20.2466184 ], [ 57.5126311, -20.2467367 ], [ 57.5130308, -20.2468927 ], [ 57.5153696, -20.2450456 ], [ 57.5156565, -20.2448065 ], [ 57.5159452, -20.2445815 ], [ 57.5162216, -20.2444556 ], [ 57.5164696, -20.2444709 ], [ 57.5166363, -20.2445434 ], [ 57.5167705, -20.2447074 ], [ 57.5168193, -20.2448523 ], [ 57.5168721, -20.245352 ], [ 57.516864, -20.2455046 ], [ 57.5168274, -20.2458173 ], [ 57.5167827, -20.2459966 ], [ 57.5167786, -20.2461263 ], [ 57.5168843, -20.2462636 ], [ 57.5170225, -20.2463017 ], [ 57.5172014, -20.2462407 ], [ 57.517303, -20.2461034 ], [ 57.5174413, -20.2458364 ], [ 57.517608, -20.245741 ], [ 57.5179657, -20.2456686 ], [ 57.5183235, -20.2456686 ], [ 57.5186812, -20.2457525 ], [ 57.5187991, -20.2459165 ], [ 57.5188886, -20.2461682 ], [ 57.5188195, -20.2465153 ], [ 57.5186365, -20.2468281 ], [ 57.5185105, -20.2470303 ], [ 57.5184902, -20.2472095 ], [ 57.5183926, -20.2474994 ], [ 57.5183072, -20.2477741 ], [ 57.5183479, -20.2479381 ], [ 57.5183885, -20.2481059 ], [ 57.5185697, -20.2483003 ], [ 57.5188063, -20.2482673 ], [ 57.5194884, -20.2474727 ], [ 57.5197523, -20.2469462 ], [ 57.5202622, -20.2466348 ], [ 57.5207883, -20.2467817 ], [ 57.522045, -20.2469589 ], [ 57.5224199, -20.2471912 ], [ 57.5228281, -20.2476873 ], [ 57.523396, -20.247878 ], [ 57.5241656, -20.2479087 ], [ 57.524162, -20.2483498 ], [ 57.5238437, -20.2496487 ], [ 57.5239906, -20.2507834 ], [ 57.5239937, -20.2514308 ], [ 57.5242481, -20.2517028 ], [ 57.5243742, -20.2517115 ], [ 57.5244868, -20.2516762 ], [ 57.5247067, -20.251636 ], [ 57.5248248, -20.2516309 ], [ 57.5249374, -20.2516511 ], [ 57.525034, -20.2517014 ], [ 57.525211, -20.2519832 ], [ 57.5252807, -20.2520738 ], [ 57.5254631, -20.2522047 ], [ 57.5256616, -20.2523154 ], [ 57.5259459, -20.2525318 ], [ 57.5261712, -20.2526325 ], [ 57.5262732, -20.2527029 ], [ 57.5263536, -20.2527834 ], [ 57.5263965, -20.2528942 ], [ 57.5263965, -20.2531005 ], [ 57.526359, -20.2532062 ], [ 57.5263429, -20.2535132 ], [ 57.5261927, -20.2537497 ], [ 57.5261176, -20.2538303 ], [ 57.5260854, -20.2539309 ], [ 57.5260586, -20.2541322 ], [ 57.5259835, -20.2544593 ], [ 57.5259298, -20.2546607 ], [ 57.5258923, -20.2547663 ], [ 57.525844, -20.2548569 ], [ 57.5258816, -20.2549576 ], [ 57.5259728, -20.255018 ], [ 57.5260854, -20.2550331 ], [ 57.5266701, -20.2549274 ], [ 57.5269008, -20.2548972 ], [ 57.5270134, -20.254867 ], [ 57.5271315, -20.2548569 ], [ 57.5273782, -20.254872 ], [ 57.5274909, -20.2549073 ], [ 57.527566, -20.2549928 ], [ 57.5276465, -20.2551891 ], [ 57.5276786, -20.2554055 ], [ 57.5277484, -20.2556118 ], [ 57.5277987, -20.2559097 ], [ 57.527802, -20.2559339 ], [ 57.5278074, -20.2563667 ], [ 57.5277591, -20.2567844 ], [ 57.5277427, -20.2568955 ], [ 57.5277216, -20.2569857 ], [ 57.5277108, -20.2571921 ], [ 57.5277162, -20.2573028 ], [ 57.527802, -20.2574991 ], [ 57.5277859, -20.2576551 ], [ 57.5276766, -20.2576794 ], [ 57.5275175, -20.257706 ], [ 57.5273387, -20.257767 ], [ 57.5271618, -20.257809 ], [ 57.5269598, -20.2578363 ], [ 57.526861, -20.2578395 ], [ 57.5267634, -20.2578738 ], [ 57.5267187, -20.2579425 ], [ 57.5267187, -20.2580092 ], [ 57.5267431, -20.2581046 ], [ 57.5268162, -20.2582667 ], [ 57.5270134, -20.2585222 ], [ 57.5273712, -20.2587663 ], [ 57.5274911, -20.2588121 ], [ 57.5276273, -20.2588273 ], [ 57.5277371, -20.2588598 ], [ 57.5278306, -20.2589189 ], [ 57.5279038, -20.2590047 ], [ 57.5279308, -20.2591095 ], [ 57.5279139, -20.2591725 ], [ 57.527859, -20.2592335 ], [ 57.5277716, -20.2592888 ], [ 57.5276293, -20.2593632 ], [ 57.527483, -20.259449 ], [ 57.5273407, -20.2594872 ], [ 57.527235, -20.2595253 ], [ 57.5271333, -20.259592 ], [ 57.5270541, -20.259716 ], [ 57.5270561, -20.2598056 ], [ 57.5270642, -20.2598991 ], [ 57.5271008, -20.2600726 ], [ 57.527176, -20.2603739 ], [ 57.5271415, -20.2605436 ], [ 57.5271638, -20.2606409 ], [ 57.5271923, -20.2607763 ], [ 57.5273041, -20.2610852 ], [ 57.5273813, -20.2613255 ], [ 57.5274139, -20.2615562 ], [ 57.527422, -20.2616516 ], [ 57.5274322, -20.2617431 ], [ 57.5274952, -20.2619242 ], [ 57.5275053, -20.2620215 ], [ 57.5275499, -20.2622366 ], [ 57.5275499, -20.2623423 ], [ 57.5275606, -20.262458 ], [ 57.5275821, -20.2625586 ], [ 57.5276143, -20.2626643 ], [ 57.5277001, -20.2628656 ], [ 57.5277645, -20.2631877 ], [ 57.5279147, -20.2633236 ], [ 57.5282258, -20.2631978 ], [ 57.5283224, -20.2631424 ], [ 57.5286174, -20.2628002 ], [ 57.528714, -20.2627398 ], [ 57.5288213, -20.2627096 ], [ 57.5289339, -20.2626996 ], [ 57.5290958, -20.2627801 ], [ 57.5291759, -20.2628928 ], [ 57.5292437, -20.2629795 ], [ 57.5293177, -20.2631096 ], [ 57.5293546, -20.2632194 ], [ 57.5293731, -20.2634073 ], [ 57.5293762, -20.2635865 ], [ 57.5294101, -20.2637484 ], [ 57.5294686, -20.2639363 ], [ 57.5295087, -20.2640692 ], [ 57.5294964, -20.2641762 ], [ 57.5294317, -20.2642889 ], [ 57.5294317, -20.2643843 ], [ 57.5295333, -20.2644305 ], [ 57.5296504, -20.2644421 ], [ 57.5297644, -20.264416 ], [ 57.529877, -20.2643483 ], [ 57.5302412, -20.2640978 ], [ 57.5304589, -20.2639952 ], [ 57.5306236, -20.2639666 ], [ 57.5307902, -20.2639761 ], [ 57.5309, -20.263978 ], [ 57.5310464, -20.2639761 ], [ 57.5312151, -20.2640142 ], [ 57.5313309, -20.2640581 ], [ 57.5314366, -20.2640943 ], [ 57.5315363, -20.2641249 ], [ 57.5315959, -20.2641887 ], [ 57.5316538, -20.2643212 ], [ 57.5318346, -20.2644615 ], [ 57.531886, -20.2645212 ], [ 57.5319774, -20.2646512 ], [ 57.5320485, -20.2647427 ], [ 57.532077, -20.2648247 ], [ 57.5321196, -20.2649238 ], [ 57.5321196, -20.2649906 ], [ 57.5320892, -20.2650631 ], [ 57.5320038, -20.2651412 ], [ 57.5318493, -20.2652118 ], [ 57.5316704, -20.26529 ], [ 57.5305764, -20.2655693 ], [ 57.5300114, -20.2662459 ], [ 57.5300479, -20.2664053 ], [ 57.5305422, -20.2666012 ], [ 57.5312005, -20.2666286 ], [ 57.5312513, -20.2667651 ], [ 57.531229, -20.2669338 ], [ 57.531278, -20.2671684 ], [ 57.5311937, -20.2677425 ], [ 57.531262, -20.2681161 ], [ 57.5315217, -20.2685034 ], [ 57.5315445, -20.2701025 ], [ 57.5316994, -20.2703394 ], [ 57.5315445, -20.2707495 ], [ 57.531827, -20.2710638 ], [ 57.5334352, -20.2717563 ], [ 57.5335309, -20.2719887 ], [ 57.5332484, -20.2727085 ], [ 57.533499, -20.2732325 ], [ 57.5340002, -20.2737883 ], [ 57.533982, -20.2742348 ], [ 57.5338866, -20.2744111 ], [ 57.5337132, -20.2747314 ], [ 57.5342052, -20.2752508 ], [ 57.5344581, -20.2754615 ], [ 57.5345663, -20.2758385 ], [ 57.5345526, -20.2763943 ], [ 57.5347246, -20.2766552 ], [ 57.5351551, -20.2770014 ], [ 57.535162, -20.2772999 ], [ 57.5358638, -20.2774546 ], [ 57.5360652, -20.2775509 ], [ 57.5362197, -20.2776653 ], [ 57.5362888, -20.2777816 ], [ 57.5362969, -20.277875 ], [ 57.536301, -20.277978 ], [ 57.5363254, -20.2781134 ], [ 57.5363559, -20.2782125 ], [ 57.5363945, -20.278285 ], [ 57.5364799, -20.2783555 ], [ 57.5365856, -20.2783861 ], [ 57.5367299, -20.2784089 ], [ 57.5368498, -20.2784147 ], [ 57.5369393, -20.278428 ], [ 57.5370124, -20.2784757 ], [ 57.5370592, -20.278531 ], [ 57.5370917, -20.2786072 ], [ 57.5371283, -20.2787083 ], [ 57.537173, -20.2788093 ], [ 57.5372747, -20.2789447 ], [ 57.5373478, -20.2790496 ], [ 57.5374109, -20.2791716 ], [ 57.5374129, -20.2792689 ], [ 57.5374068, -20.2793661 ], [ 57.537423, -20.279492 ], [ 57.5374637, -20.2795701 ], [ 57.5375592, -20.2796636 ], [ 57.5376629, -20.2797875 ], [ 57.5376771, -20.2798638 ], [ 57.5376446, -20.2799477 ], [ 57.5375714, -20.2800354 ], [ 57.5374779, -20.2801116 ], [ 57.5373804, -20.2801879 ], [ 57.5373194, -20.2802737 ], [ 57.5373112, -20.2803614 ], [ 57.5373255, -20.2804529 ], [ 57.5374048, -20.2805788 ], [ 57.5374596, -20.280697 ], [ 57.53748, -20.2808171 ], [ 57.5374983, -20.2809716 ], [ 57.5374901, -20.281105 ], [ 57.5374698, -20.2812385 ], [ 57.5374535, -20.2814139 ], [ 57.537417, -20.2816485 ], [ 57.5374007, -20.2818105 ], [ 57.5374129, -20.2819554 ], [ 57.5375084, -20.2821499 ], [ 57.5376101, -20.2824416 ], [ 57.5376649, -20.2825904 ], [ 57.5378133, -20.2827276 ], [ 57.5379353, -20.2827639 ], [ 57.5381264, -20.2827448 ], [ 57.5382321, -20.282699 ], [ 57.5383114, -20.2826094 ], [ 57.5383398, -20.282516 ], [ 57.5383906, -20.2824416 ], [ 57.5385187, -20.2824073 ], [ 57.5386935, -20.2824111 ], [ 57.5389476, -20.282455 ], [ 57.5391041, -20.2825122 ], [ 57.5392464, -20.2826247 ], [ 57.5393582, -20.2827906 ], [ 57.5393724, -20.2830537 ], [ 57.539344, -20.2832672 ], [ 57.5393562, -20.2834083 ], [ 57.5393846, -20.28362 ], [ 57.5394253, -20.2837344 ], [ 57.5395635, -20.2838431 ], [ 57.539718, -20.283906 ], [ 57.5398949, -20.2839956 ], [ 57.5400493, -20.2840966 ], [ 57.5401754, -20.2842149 ], [ 57.5403217, -20.2844208 ], [ 57.5404254, -20.2846038 ], [ 57.5405291, -20.2847201 ], [ 57.5406388, -20.284865 ], [ 57.5406856, -20.2850061 ], [ 57.5406978, -20.2851453 ], [ 57.5406998, -20.2853493 ], [ 57.5406436, -20.2857713 ], [ 57.5406159, -20.2859852 ], [ 57.5405697, -20.2861644 ], [ 57.5404526, -20.2863782 ], [ 57.5403663, -20.2865719 ], [ 57.5403293, -20.2868262 ], [ 57.5403293, -20.2870342 ], [ 57.5403386, -20.2872683 ], [ 57.5403417, -20.2875342 ], [ 57.5403232, -20.2880746 ], [ 57.5403047, -20.2882393 ], [ 57.5403417, -20.2884705 ], [ 57.5404156, -20.2885861 ], [ 57.540545, -20.288774 ], [ 57.5405974, -20.2888925 ], [ 57.5406621, -20.2890976 ], [ 57.5406775, -20.289219 ], [ 57.5405974, -20.2892941 ], [ 57.5403725, -20.2893808 ], [ 57.5401814, -20.2894502 ], [ 57.5400243, -20.2895716 ], [ 57.5399504, -20.289719 ], [ 57.5399658, -20.2898779 ], [ 57.5400243, -20.2900253 ], [ 57.5400305, -20.2901813 ], [ 57.5400274, -20.290268 ], [ 57.5399596, -20.2904588 ], [ 57.5398733, -20.290583 ], [ 57.5396515, -20.2908229 ], [ 57.5393865, -20.2911234 ], [ 57.5392541, -20.2912997 ], [ 57.5391062, -20.2915338 ], [ 57.5390661, -20.291713 ], [ 57.538986, -20.2918603 ], [ 57.538835, -20.2919817 ], [ 57.5385978, -20.2920597 ], [ 57.5384345, -20.2920742 ], [ 57.5382743, -20.2921984 ], [ 57.5381942, -20.2923112 ], [ 57.5381202, -20.2924788 ], [ 57.5379816, -20.2925799 ], [ 57.5378368, -20.2926839 ], [ 57.5377382, -20.2927649 ], [ 57.5374886, -20.2928602 ], [ 57.5372668, -20.2928833 ], [ 57.5371435, -20.2929382 ], [ 57.5370203, -20.2930914 ], [ 57.5369248, -20.2932388 ], [ 57.5368262, -20.2933717 ], [ 57.5366752, -20.2934844 ], [ 57.5364965, -20.2935769 ], [ 57.53621, -20.2938023 ], [ 57.5359019, -20.2939121 ], [ 57.5356523, -20.2940421 ], [ 57.535375, -20.2942213 ], [ 57.5353165, -20.294334 ], [ 57.5352703, -20.2945219 ], [ 57.5351686, -20.2946981 ], [ 57.53507, -20.2948686 ], [ 57.5350792, -20.295016 ], [ 57.5351193, -20.2951692 ], [ 57.535184, -20.2953975 ], [ 57.5351778, -20.2957067 ], [ 57.5351193, -20.2959465 ], [ 57.5350423, -20.2962731 ], [ 57.5350269, -20.2964551 ], [ 57.5350419, -20.2966346 ], [ 57.5350559, -20.2973179 ], [ 57.5352427, -20.2976048 ], [ 57.5355533, -20.2981654 ], [ 57.5356677, -20.2985071 ], [ 57.5359824, -20.2991524 ], [ 57.5448237, -20.3088974 ], [ 57.5486649, -20.3138871 ], [ 57.5495232, -20.3150119 ], [ 57.5538859, -20.3212298 ], [ 57.5560427, -20.3221082 ], [ 57.5582509, -20.3222947 ], [ 57.5584403, -20.3223163 ], [ 57.5586243, -20.3223694 ], [ 57.5587464, -20.3224208 ], [ 57.5588313, -20.3225021 ], [ 57.558911, -20.3225934 ], [ 57.5590189, -20.3226631 ], [ 57.5592047, -20.3227328 ], [ 57.5593728, -20.3228207 ], [ 57.559479, -20.3228871 ], [ 57.5596046, -20.3229585 ], [ 57.5596984, -20.3230332 ], [ 57.5597498, -20.3231161 ], [ 57.5598046, -20.3232339 ], [ 57.5599096, -20.3234491 ], [ 57.5599855, -20.3235531 ], [ 57.5601023, -20.3236253 ], [ 57.5603252, -20.3237184 ], [ 57.5604759, -20.3237961 ], [ 57.5605973, -20.3238596 ], [ 57.5607327, -20.3239363 ], [ 57.5608751, -20.3240063 ], [ 57.5610106, -20.324072 ], [ 57.5611857, -20.3241705 ], [ 57.5613281, -20.3242483 ], [ 57.5614624, -20.3243216 ], [ 57.5615605, -20.3243599 ], [ 57.561648, -20.324361 ], [ 57.5618115, -20.324337 ], [ 57.5620473, -20.3243282 ], [ 57.5622399, -20.324338 ], [ 57.5624244, -20.3243654 ], [ 57.562833, -20.3244541 ], [ 57.5630957, -20.3245231 ], [ 57.5633456, -20.3245855 ], [ 57.5635546, -20.3246457 ], [ 57.5639186, -20.3248053 ], [ 57.564085, -20.3248717 ], [ 57.5642283, -20.3249259 ], [ 57.5643484, -20.324957 ], [ 57.5644239, -20.3249851 ], [ 57.5646296, -20.3250472 ], [ 57.5649076, -20.325118 ], [ 57.5651541, -20.3251859 ], [ 57.5656386, -20.3252755 ], [ 57.5659583, -20.325308 ], [ 57.5661262, -20.3253217 ], [ 57.566315, -20.3253016 ], [ 57.5665397, -20.3252734 ], [ 57.5667131, -20.3252784 ], [ 57.5668972, -20.3252883 ], [ 57.5670688, -20.3253232 ], [ 57.5672139, -20.3253812 ], [ 57.5674121, -20.3254692 ], [ 57.5675838, -20.325514 ], [ 57.5677519, -20.3255538 ], [ 57.56792, -20.3255887 ], [ 57.5681076, -20.325665 ], [ 57.5682403, -20.325743 ], [ 57.568373, -20.3258326 ], [ 57.5685234, -20.3259172 ], [ 57.5686951, -20.3259919 ], [ 57.5688526, -20.3260367 ], [ 57.5690065, -20.3260616 ], [ 57.5691428, -20.3260898 ], [ 57.5693304, -20.3261695 ], [ 57.5694684, -20.3262076 ], [ 57.5696418, -20.3262392 ], [ 57.5697869, -20.326269 ], [ 57.5699338, -20.3262873 ], [ 57.5701196, -20.3262707 ], [ 57.5702983, -20.3262375 ], [ 57.5706239, -20.3262458 ], [ 57.5709, -20.3262143 ], [ 57.5711902, -20.3261512 ], [ 57.5713919, -20.3260931 ], [ 57.5715512, -20.3261081 ], [ 57.571852, -20.3261778 ], [ 57.5722148, -20.3262408 ], [ 57.5724944, -20.3262674 ], [ 57.5726926, -20.3262906 ], [ 57.5728554, -20.3263371 ], [ 57.5729863, -20.3264117 ], [ 57.5731438, -20.3265279 ], [ 57.5733367, -20.3266158 ], [ 57.573542, -20.3266872 ], [ 57.5737384, -20.3266889 ], [ 57.5738535, -20.3266524 ], [ 57.5739667, -20.326581 ], [ 57.5741437, -20.3265428 ], [ 57.5743135, -20.3265146 ], [ 57.5744923, -20.3265395 ], [ 57.5747082, -20.3265594 ], [ 57.5748533, -20.3265395 ], [ 57.5749683, -20.3265096 ], [ 57.5750745, -20.3265146 ], [ 57.576862, -20.3271777 ], [ 57.577951, -20.3274568 ], [ 57.5790333, -20.3280282 ], [ 57.5797421, -20.3281986 ], [ 57.5803891, -20.3283431 ], [ 57.5810916, -20.3285627 ], [ 57.5816893, -20.3287996 ], [ 57.5823117, -20.3291 ], [ 57.583082, -20.329545 ], [ 57.5837167, -20.3299726 ], [ 57.5844869, -20.3304984 ], [ 57.5852603, -20.3309895 ], [ 57.5861908, -20.3319371 ], [ 57.5876401, -20.3329803 ], [ 57.5883219, -20.3333218 ], [ 57.5890364, -20.3336064 ], [ 57.5901105, -20.3338867 ], [ 57.5911332, -20.3340225 ], [ 57.5917216, -20.3341407 ], [ 57.5925295, -20.3341612 ], [ 57.5930855, -20.3340892 ], [ 57.5935703, -20.3339808 ], [ 57.5942349, -20.3339546 ], [ 57.5951632, -20.333935 ], [ 57.5958766, -20.3338877 ], [ 57.5965337, -20.3339103 ], [ 57.5970475, -20.3341077 ], [ 57.5974126, -20.3342571 ], [ 57.5980135, -20.3343053 ], [ 57.5987617, -20.3342474 ], [ 57.5995775, -20.3341795 ], [ 57.6001977, -20.3343465 ], [ 57.6005152, -20.3345041 ], [ 57.6008468, -20.3346136 ], [ 57.6012064, -20.3346924 ], [ 57.6018825, -20.3347668 ], [ 57.5746397, -20.3557379 ], [ 57.5644906, -20.3634397 ], [ 57.5330607, -20.3878439 ], [ 57.5214887, -20.3967315 ], [ 57.5195311, -20.3986876 ], [ 57.5193923, -20.3987182 ], [ 57.5192083, -20.3987299 ], [ 57.5190543, -20.3987448 ], [ 57.5188933, -20.3987481 ], [ 57.5187234, -20.3987166 ], [ 57.518573, -20.3986834 ], [ 57.5184155, -20.3986469 ], [ 57.5180686, -20.3985507 ], [ 57.5178067, -20.3984479 ], [ 57.5176723, -20.3983998 ], [ 57.5175413, -20.3983666 ], [ 57.5174511, -20.3983251 ], [ 57.5173643, -20.3982688 ], [ 57.517221, -20.3981726 ], [ 57.5170529, -20.3980548 ], [ 57.5168954, -20.3979802 ], [ 57.5167574, -20.3979304 ], [ 57.5165928, -20.3979188 ], [ 57.5164282, -20.397942 ], [ 57.5162371, -20.3980067 ], [ 57.5160761, -20.398078 ], [ 57.5159327, -20.3981394 ], [ 57.5157965, -20.3982041 ], [ 57.5156921, -20.3982571 ], [ 57.5156425, -20.3983334 ], [ 57.5156461, -20.3984081 ], [ 57.515685, -20.3984894 ], [ 57.515754, -20.3985889 ], [ 57.5158531, -20.3986701 ], [ 57.5159504, -20.3987116 ], [ 57.5160902, -20.3988062 ], [ 57.5161398, -20.3988824 ], [ 57.5161999, -20.399035 ], [ 57.5162106, -20.3991346 ], [ 57.5161787, -20.399244 ], [ 57.5160708, -20.399327 ], [ 57.5159469, -20.399385 ], [ 57.5158071, -20.3994149 ], [ 57.5156195, -20.3994049 ], [ 57.5154638, -20.3993485 ], [ 57.5153364, -20.3992739 ], [ 57.515232, -20.399176 ], [ 57.5151311, -20.3990334 ], [ 57.5150356, -20.3989289 ], [ 57.5149488, -20.3988377 ], [ 57.5148515, -20.3987199 ], [ 57.5147259, -20.3986536 ], [ 57.5145843, -20.3986254 ], [ 57.514425, -20.3986502 ], [ 57.514287, -20.3986851 ], [ 57.5141401, -20.3987348 ], [ 57.5139683, -20.3988073 ], [ 57.5137905, -20.3988635 ], [ 57.5136451, -20.3988921 ], [ 57.5134327, -20.3989016 ], [ 57.5131746, -20.3988954 ], [ 57.5129493, -20.398891 ], [ 57.5125078, -20.3988854 ], [ 57.512272, -20.398895 ], [ 57.5119671, -20.398914 ], [ 57.5118695, -20.3988854 ], [ 57.5117598, -20.3988264 ], [ 57.5116358, -20.3987959 ], [ 57.5115443, -20.3988073 ], [ 57.5114732, -20.3988416 ], [ 57.5113349, -20.3989559 ], [ 57.5112211, -20.3990169 ], [ 57.5110666, -20.399055 ], [ 57.5108837, -20.3990474 ], [ 57.5107211, -20.3990131 ], [ 57.510593, -20.3989921 ], [ 57.510467, -20.3989693 ], [ 57.510343, -20.3989464 ], [ 57.5102373, -20.3988873 ], [ 57.5101803, -20.3987921 ], [ 57.5101763, -20.3987216 ], [ 57.5101966, -20.3986492 ], [ 57.5102393, -20.3984853 ], [ 57.5102617, -20.3983729 ], [ 57.5102759, -20.3982605 ], [ 57.5102495, -20.3981672 ], [ 57.5102007, -20.3980147 ], [ 57.5101803, -20.397889 ], [ 57.510156, -20.3977461 ], [ 57.5101438, -20.3976508 ], [ 57.5101092, -20.3975613 ], [ 57.5100565, -20.3974925 ], [ 57.5099841, -20.3974376 ], [ 57.509904, -20.3973928 ], [ 57.5097869, -20.3973524 ], [ 57.5096575, -20.3973077 ], [ 57.5095404, -20.39726 ], [ 57.5094203, -20.3972355 ], [ 57.5093232, -20.3972412 ], [ 57.5092292, -20.3972672 ], [ 57.5091614, -20.3972716 ], [ 57.5090629, -20.3972369 ], [ 57.5089581, -20.3971618 ], [ 57.5088872, -20.3970824 ], [ 57.5088533, -20.39699 ], [ 57.5088287, -20.3968701 ], [ 57.5088364, -20.3967777 ], [ 57.5088437, -20.3966665 ], [ 57.5088756, -20.396557 ], [ 57.508934, -20.3964874 ], [ 57.5090225, -20.3964011 ], [ 57.5091251, -20.3963315 ], [ 57.5092472, -20.3962303 ], [ 57.5092967, -20.3961308 ], [ 57.5093074, -20.396018 ], [ 57.5092631, -20.3959284 ], [ 57.5091959, -20.3958836 ], [ 57.5090561, -20.3958571 ], [ 57.5089163, -20.3958737 ], [ 57.508819, -20.3959367 ], [ 57.5087517, -20.3960312 ], [ 57.5086756, -20.396154 ], [ 57.5086225, -20.3962767 ], [ 57.5085624, -20.3963547 ], [ 57.5084827, -20.3964111 ], [ 57.5083783, -20.3964426 ], [ 57.5082244, -20.3964293 ], [ 57.508127, -20.3963961 ], [ 57.5080315, -20.3963232 ], [ 57.5079572, -20.3962054 ], [ 57.5079041, -20.3960827 ], [ 57.5078722, -20.39595 ], [ 57.5078758, -20.3958272 ], [ 57.5078864, -20.3956481 ], [ 57.5079359, -20.3954225 ], [ 57.5079607, -20.3952766 ], [ 57.5079572, -20.3951754 ], [ 57.5079235, -20.3950891 ], [ 57.5078563, -20.3950278 ], [ 57.5077466, -20.3949896 ], [ 57.5076086, -20.394983 ], [ 57.5074758, -20.3949564 ], [ 57.5073874, -20.3948967 ], [ 57.5072741, -20.3947889 ], [ 57.5071591, -20.3946927 ], [ 57.507037, -20.3945915 ], [ 57.5069007, -20.3944953 ], [ 57.5068105, -20.3944655 ], [ 57.5067007, -20.3944555 ], [ 57.506591, -20.3944787 ], [ 57.5064884, -20.3945268 ], [ 57.5063964, -20.394565 ], [ 57.5062796, -20.3945832 ], [ 57.5061876, -20.3945733 ], [ 57.5060973, -20.3945497 ], [ 57.5059864, -20.3945006 ], [ 57.5058801, -20.3944328 ], [ 57.5057969, -20.3943403 ], [ 57.5057122, -20.394183 ], [ 57.505646, -20.3940386 ], [ 57.5055951, -20.3939144 ], [ 57.5055443, -20.393848 ], [ 57.5054461, -20.3937659 ], [ 57.5053079, -20.3936859 ], [ 57.50519, -20.3936516 ], [ 57.5050741, -20.3936497 ], [ 57.5049582, -20.3936878 ], [ 57.5048586, -20.3937431 ], [ 57.5047306, -20.3937964 ], [ 57.5045558, -20.3938326 ], [ 57.5043931, -20.3938364 ], [ 57.5042387, -20.3937945 ], [ 57.5041716, -20.3937412 ], [ 57.5040638, -20.393644 ], [ 57.503948, -20.3935906 ], [ 57.5038545, -20.3935621 ], [ 57.5036992, -20.39353 ], [ 57.5035077, -20.3934819 ], [ 57.5032766, -20.3934294 ], [ 57.5030454, -20.3933878 ], [ 57.5028936, -20.3933637 ], [ 57.5027652, -20.3933352 ], [ 57.5026578, -20.3932718 ], [ 57.5024943, -20.3932083 ], [ 57.5023869, -20.3931689 ], [ 57.5022842, -20.3931076 ], [ 57.5022001, -20.3930923 ], [ 57.5020507, -20.3930726 ], [ 57.5018569, -20.3931054 ], [ 57.5017355, -20.3931229 ], [ 57.5016094, -20.3930967 ], [ 57.5015206, -20.3930245 ], [ 57.5014576, -20.3928844 ], [ 57.5014319, -20.392729 ], [ 57.5014249, -20.3925999 ], [ 57.5014342, -20.3924795 ], [ 57.5014599, -20.3923985 ], [ 57.5014669, -20.3923066 ], [ 57.5014296, -20.3922343 ], [ 57.5013549, -20.3921556 ], [ 57.5012638, -20.3921446 ], [ 57.50114, -20.3921796 ], [ 57.5009859, -20.3921906 ], [ 57.5008061, -20.3921446 ], [ 57.5006544, -20.392068 ], [ 57.5005493, -20.3919717 ], [ 57.5004442, -20.391836 ], [ 57.5003928, -20.3917375 ], [ 57.5003742, -20.3916259 ], [ 57.5003485, -20.3915252 ], [ 57.5003018, -20.3914355 ], [ 57.5001547, -20.3913611 ], [ 57.5000076, -20.3913633 ], [ 57.4998861, -20.3914005 ], [ 57.4998301, -20.3914639 ], [ 57.4997671, -20.3915668 ], [ 57.4997414, -20.3917047 ], [ 57.499739, -20.3917988 ], [ 57.4997017, -20.3919367 ], [ 57.4996526, -20.3920352 ], [ 57.4995849, -20.3920768 ], [ 57.4994682, -20.3920833 ], [ 57.4993561, -20.3920111 ], [ 57.4992744, -20.3918666 ], [ 57.499244, -20.3917331 ], [ 57.4992207, -20.3915974 ], [ 57.499167, -20.3914486 ], [ 57.4990619, -20.3913414 ], [ 57.4989171, -20.3912932 ], [ 57.4987934, -20.3913151 ], [ 57.4986696, -20.3913676 ], [ 57.4985178, -20.3914486 ], [ 57.4984384, -20.3915405 ], [ 57.4983731, -20.391615 ], [ 57.4983053, -20.3917769 ], [ 57.498317, -20.3919082 ], [ 57.4983591, -20.3920089 ], [ 57.4984548, -20.3921424 ], [ 57.4984875, -20.3922387 ], [ 57.4984688, -20.3923416 ], [ 57.4984058, -20.3924423 ], [ 57.49824, -20.3926042 ], [ 57.4981139, -20.3927115 ], [ 57.4979761, -20.3927859 ], [ 57.4978694, -20.3928531 ], [ 57.4977708, -20.3930668 ], [ 57.4977523, -20.3931996 ], [ 57.4977123, -20.3933527 ], [ 57.4976106, -20.3934711 ], [ 57.4974781, -20.3935664 ], [ 57.4973056, -20.3936675 ], [ 57.4971669, -20.3937397 ], [ 57.4970622, -20.3938581 ], [ 57.4969644, -20.3938352 ], [ 57.4968299, -20.3937257 ], [ 57.496699, -20.39353 ], [ 57.4965185, -20.3933276 ], [ 57.4962141, -20.393049 ], [ 57.4959557, -20.39283 ], [ 57.4957151, -20.3926177 ], [ 57.495584, -20.3924858 ], [ 57.4955124, -20.3924805 ], [ 57.4953799, -20.3925267 ], [ 57.4951488, -20.3927289 ], [ 57.4950441, -20.3928906 ], [ 57.4950194, -20.3930581 ], [ 57.4949547, -20.39324 ], [ 57.4948469, -20.3933989 ], [ 57.4947514, -20.3935259 ], [ 57.4946713, -20.3936559 ], [ 57.4944864, -20.3938667 ], [ 57.4942892, -20.393988 ], [ 57.4940243, -20.3941844 ], [ 57.4937993, -20.3943808 ], [ 57.4936145, -20.3945656 ], [ 57.4934912, -20.3946811 ], [ 57.4933433, -20.3947678 ], [ 57.4932016, -20.394889 ], [ 57.4930876, -20.3949872 ], [ 57.4929551, -20.3950537 ], [ 57.4928535, -20.3951287 ], [ 57.4927549, -20.3952298 ], [ 57.4927395, -20.3953713 ], [ 57.4927456, -20.3955273 ], [ 57.4927887, -20.3957352 ], [ 57.4927857, -20.395894 ], [ 57.4927518, -20.3960789 ], [ 57.492721, -20.3962492 ], [ 57.4927333, -20.396411 ], [ 57.4927117, -20.3965496 ], [ 57.4926193, -20.3966564 ], [ 57.4924899, -20.3967748 ], [ 57.4923019, -20.3968817 ], [ 57.4920605, -20.3970068 ], [ 57.4918654, -20.3971669 ], [ 57.4916987, -20.3973841 ], [ 57.491532, -20.3974946 ], [ 57.4914263, -20.3975403 ], [ 57.4912068, -20.3976699 ], [ 57.4910482, -20.3978261 ], [ 57.4909547, -20.3980852 ], [ 57.4909629, -20.3982758 ], [ 57.4909466, -20.3984053 ], [ 57.4907881, -20.3986073 ], [ 57.4906173, -20.3987063 ], [ 57.4904425, -20.3987368 ], [ 57.4900319, -20.3988016 ], [ 57.4897636, -20.398855 ], [ 57.4895684, -20.398954 ], [ 57.4893489, -20.3990302 ], [ 57.4891334, -20.3990912 ], [ 57.4890358, -20.3990379 ], [ 57.4888407, -20.398954 ], [ 57.4887756, -20.3988626 ], [ 57.4887147, -20.3987483 ], [ 57.4886008, -20.3986682 ], [ 57.4884626, -20.3986568 ], [ 57.4883366, -20.3986987 ], [ 57.4882715, -20.3988397 ], [ 57.4882309, -20.3990074 ], [ 57.4881211, -20.3991712 ], [ 57.4879626, -20.3992932 ], [ 57.4878121, -20.3993656 ], [ 57.4876211, -20.3994189 ], [ 57.4873975, -20.3993922 ], [ 57.4871332, -20.3992741 ], [ 57.4869624, -20.3992589 ], [ 57.4867958, -20.3992703 ], [ 57.4866535, -20.3993236 ], [ 57.4865234, -20.3994494 ], [ 57.4865193, -20.3995713 ], [ 57.4865396, -20.3997199 ], [ 57.4865437, -20.3998457 ], [ 57.4865193, -20.3999409 ], [ 57.4864095, -20.4000362 ], [ 57.4862063, -20.4000743 ], [ 57.486064, -20.4001086 ], [ 57.4858729, -20.4001886 ], [ 57.4857387, -20.4003068 ], [ 57.4856574, -20.4004554 ], [ 57.4856249, -20.4006116 ], [ 57.4855761, -20.4007754 ], [ 57.4854623, -20.4008745 ], [ 57.4851289, -20.4009926 ], [ 57.4849135, -20.4010307 ], [ 57.4847305, -20.400966 ], [ 57.4845882, -20.4008936 ], [ 57.4844297, -20.4008402 ], [ 57.484324, -20.4008631 ], [ 57.4842833, -20.4009469 ], [ 57.4843077, -20.4013584 ], [ 57.4843971, -20.4017624 ], [ 57.4844744, -20.4019567 ], [ 57.4845638, -20.402132 ], [ 57.4846695, -20.4022348 ], [ 57.4847264, -20.4022958 ], [ 57.4847915, -20.4024406 ], [ 57.4848037, -20.4027759 ], [ 57.4847346, -20.4029855 ], [ 57.484576, -20.4032065 ], [ 57.4843524, -20.4035494 ], [ 57.4842955, -20.4038124 ], [ 57.4842752, -20.4040638 ], [ 57.4842467, -20.4042125 ], [ 57.4841613, -20.4044906 ], [ 57.4841654, -20.4046735 ], [ 57.4842345, -20.4047802 ], [ 57.4842752, -20.4049555 ], [ 57.484267, -20.4051536 ], [ 57.4842467, -20.405367 ], [ 57.4842548, -20.4055956 ], [ 57.4842264, -20.4058166 ], [ 57.4841735, -20.406049 ], [ 57.4841248, -20.4062929 ], [ 57.4841369, -20.4065253 ], [ 57.4842101, -20.4067197 ], [ 57.4843118, -20.4069597 ], [ 57.4843524, -20.4070969 ], [ 57.4843321, -20.4074398 ], [ 57.4842467, -20.4075656 ], [ 57.4840312, -20.407596 ], [ 57.4838239, -20.4075617 ], [ 57.4836247, -20.4075465 ], [ 57.4834661, -20.407577 ], [ 57.48321, -20.4077142 ], [ 57.4830149, -20.4078704 ], [ 57.482962, -20.4079771 ], [ 57.4829254, -20.4082095 ], [ 57.4829173, -20.4084267 ], [ 57.4829295, -20.4086286 ], [ 57.4828889, -20.4087734 ], [ 57.4827384, -20.4089296 ], [ 57.4824864, -20.409063 ], [ 57.4822302, -20.4091659 ], [ 57.4820026, -20.4092345 ], [ 57.4817993, -20.4093526 ], [ 57.481657, -20.4094707 ], [ 57.4816326, -20.4096764 ], [ 57.4817058, -20.4098289 ], [ 57.4818522, -20.4098936 ], [ 57.4820676, -20.4100003 ], [ 57.4823278, -20.410168 ], [ 57.4824538, -20.4102975 ], [ 57.482523, -20.4104042 ], [ 57.4825352, -20.41077 ], [ 57.4824864, -20.41093 ], [ 57.4823888, -20.4110367 ], [ 57.4820676, -20.4110977 ], [ 57.481844, -20.4111624 ], [ 57.4816936, -20.4112044 ], [ 57.481592, -20.4112996 ], [ 57.481535, -20.4114215 ], [ 57.4815513, -20.4115778 ], [ 57.4816733, -20.4119245 ], [ 57.481783, -20.412134 ], [ 57.4818034, -20.4122864 ], [ 57.48161, -20.4124348 ], [ 57.4812871, -20.412576 ], [ 57.4809781, -20.4128351 ], [ 57.4808155, -20.4130256 ], [ 57.4808073, -20.4132009 ], [ 57.4808561, -20.4133609 ], [ 57.4809618, -20.4134676 ], [ 57.4810025, -20.4135819 ], [ 57.4809537, -20.4137343 ], [ 57.4808073, -20.4139172 ], [ 57.4807829, -20.4140772 ], [ 57.4808236, -20.414283 ], [ 57.4809699, -20.4145192 ], [ 57.4818562, -20.4150755 ], [ 57.4823441, -20.4154946 ], [ 57.4826368, -20.4158756 ], [ 57.4828157, -20.4162033 ], [ 57.4828726, -20.4165538 ], [ 57.4828645, -20.4168053 ], [ 57.4827994, -20.4170415 ], [ 57.4828075, -20.4172396 ], [ 57.4826774, -20.4173996 ], [ 57.482588, -20.4175901 ], [ 57.482588, -20.4178568 ], [ 57.4825636, -20.4180778 ], [ 57.4824742, -20.4182074 ], [ 57.4822628, -20.4182912 ], [ 57.4820188, -20.4183674 ], [ 57.4816204, -20.4186798 ], [ 57.4813928, -20.4189922 ], [ 57.4813114, -20.4192437 ], [ 57.4813277, -20.4195637 ], [ 57.4813684, -20.4197542 ], [ 57.4814741, -20.4200209 ], [ 57.4737391, -20.4205747 ], [ 57.4621363, -20.4211589 ], [ 57.4627447, -20.4206685 ], [ 57.4631309, -20.4204272 ], [ 57.4634743, -20.4201456 ], [ 57.4640107, -20.4194117 ], [ 57.4644291, -20.4186978 ], [ 57.4645579, -20.4183358 ], [ 57.4647188, -20.4180543 ], [ 57.4649763, -20.4178632 ], [ 57.4652231, -20.4177727 ], [ 57.465502, -20.4173907 ], [ 57.4657166, -20.4171192 ], [ 57.4657917, -20.4167974 ], [ 57.465738, -20.4165259 ], [ 57.4654913, -20.416355 ], [ 57.4654376, -20.4159126 ], [ 57.465502, -20.4156813 ], [ 57.4658131, -20.4154098 ], [ 57.466135, -20.4153897 ], [ 57.4665534, -20.4154501 ], [ 57.4670255, -20.4155908 ], [ 57.4674868, -20.4156009 ], [ 57.467916, -20.4155707 ], [ 57.4682808, -20.41544 ], [ 57.4683666, -20.4151786 ], [ 57.468313, -20.4147261 ], [ 57.4680769, -20.4142234 ], [ 57.4675298, -20.4134089 ], [ 57.4668324, -20.4128056 ], [ 57.4662745, -20.4123431 ], [ 57.4658883, -20.4120515 ], [ 57.4653625, -20.4120213 ], [ 57.465105, -20.4116694 ], [ 57.4649012, -20.4112772 ], [ 57.4647939, -20.4104024 ], [ 57.464354, -20.4090852 ], [ 57.4640965, -20.4086528 ], [ 57.463839, -20.4083712 ], [ 57.4635064, -20.4081802 ], [ 57.4632597, -20.4079388 ], [ 57.4631739, -20.4075567 ], [ 57.4631309, -20.4067825 ], [ 57.4631095, -20.4062294 ], [ 57.4632275, -20.4057065 ], [ 57.4634635, -20.4052942 ], [ 57.4636674, -20.4049021 ], [ 57.4636781, -20.4044496 ], [ 57.4633777, -20.4037457 ], [ 57.4630558, -20.4031423 ], [ 57.462573, -20.4025088 ], [ 57.4621868, -20.4021368 ], [ 57.4617617, -20.4017697 ], [ 57.4615458, -20.401727 ], [ 57.4614157, -20.4017421 ], [ 57.4612789, -20.4018275 ], [ 57.4611031, -20.4019527 ], [ 57.4609342, -20.4020261 ], [ 57.4607585, -20.4020261 ], [ 57.4606083, -20.4019947 ], [ 57.4603951, -20.4018753 ], [ 57.4602261, -20.4018288 ], [ 57.4598801, -20.4018326 ], [ 57.459795, -20.4018313 ], [ 57.4596737, -20.4018034 ], [ 57.459467, -20.4018954 ], [ 57.4591291, -20.4019558 ], [ 57.4588072, -20.4019909 ], [ 57.4584639, -20.4019909 ], [ 57.4580187, -20.4019206 ], [ 57.4574017, -20.4017546 ], [ 57.4570584, -20.4017194 ], [ 57.4566829, -20.4017295 ], [ 57.4563235, -20.4017647 ], [ 57.4559158, -20.4017747 ], [ 57.4555188, -20.4017597 ], [ 57.455079, -20.4017446 ], [ 57.4546176, -20.4017094 ], [ 57.4540544, -20.4015988 ], [ 57.4532872, -20.4013222 ], [ 57.4527723, -20.4010558 ], [ 57.4522144, -20.400734 ], [ 57.4517558, -20.4005225 ], [ 57.4516055, -20.4005014 ], [ 57.4513936, -20.4004273 ], [ 57.450951, -20.4002412 ], [ 57.4505325, -20.4000765 ], [ 57.4504186, -20.3999873 ], [ 57.450247, -20.3997824 ], [ 57.4500941, -20.399712 ], [ 57.4498607, -20.3996643 ], [ 57.4495576, -20.3995763 ], [ 57.4494423, -20.3994845 ], [ 57.4493819, -20.3992935 ], [ 57.4493135, -20.3991652 ], [ 57.4491298, -20.3989905 ], [ 57.4490333, -20.3988548 ], [ 57.4489582, -20.3987831 ], [ 57.4487959, -20.3987089 ], [ 57.4486899, -20.3986562 ], [ 57.4486752, -20.398577 ], [ 57.4486913, -20.3984487 ], [ 57.4486779, -20.3983369 ], [ 57.4486564, -20.3982011 ], [ 57.4486336, -20.3980993 ], [ 57.4485867, -20.3980277 ], [ 57.448132, -20.3978542 ], [ 57.4475808, -20.3977712 ], [ 57.4472657, -20.3977436 ], [ 57.4469666, -20.3977109 ], [ 57.4468271, -20.3976744 ], [ 57.44663, -20.3974972 ], [ 57.4463873, -20.3973602 ], [ 57.4462046, -20.3972223 ], [ 57.4460131, -20.3971125 ], [ 57.4456993, -20.3968473 ], [ 57.445136, -20.3965582 ], [ 57.4440484, -20.3960265 ], [ 57.443579, -20.3958668 ], [ 57.443085, -20.3957668 ], [ 57.4427441, -20.3956267 ], [ 57.4424031, -20.3954735 ], [ 57.4421463, -20.3952984 ], [ 57.4418568, -20.3950796 ], [ 57.4415719, -20.3949395 ], [ 57.4412263, -20.3948651 ], [ 57.4409648, -20.3948651 ], [ 57.4405071, -20.3948651 ], [ 57.4402316, -20.3948213 ], [ 57.4399374, -20.3948432 ], [ 57.4396152, -20.3948957 ], [ 57.4392462, -20.3949308 ], [ 57.4388586, -20.3948563 ], [ 57.4384103, -20.3947644 ], [ 57.4380694, -20.3947031 ], [ 57.4378686, -20.3947469 ], [ 57.4376397, -20.3948126 ], [ 57.4372755, -20.3948213 ], [ 57.4371099, -20.3947417 ] ] ] } },
{ "type": "Feature", "properties": { "element": "relation", "id": 3488099, "admin_level": "4", "border_type": null, "boundary": "administrative", "maritime": null, "note": null, "type": "boundary", "ISO3166-1": null, "ISO3166-1:alpha2": null, "ISO3166-1:alpha3": null, "ISO3166-1:numeric": null, "driving_side": null, "flag": null, "name": "Port Louis", "name:ab": null, "name:af": null, "name:als": null, "name:am": null, "name:ami": null, "name:an": null, "name:ang": null, "name:ar": null, "name:ary": null, "name:arz": null, "name:ast": null, "name:avk": null, "name:az": "Port-Lui", "name:azb": null, "name:ba": null, "name:ban": null, "name:bar": null, "name:bcl": null, "name:be": null, "name:be-tarask": null, "name:bg": null, "name:bi": null, "name:bjn": null, "name:bn": null, "name:bo": null, "name:bpy": null, "name:br": null, "name:bs": null, "name:bxr": null, "name:ca": null, "name:cbk": null, "name:cdo": null, "name:ce": null, "name:ceb": null, "name:ckb": null, "name:crh": null, "name:cs": null, "name:cv": null, "name:cy": null, "name:da": "Port Louis District", "name:dag": null, "name:de": "Port Louis", "name:diq": null, "name:dty": null, "name:dv": null, "name:ee": null, "name:el": null, "name:en": "Port Louis", "name:eo": null, "name:es": "Distrito de Port Louis", "name:et": null, "name:eu": null, "name:ext": null, "name:fa": "ناحیه پورت لوئیس", "name:ff": null, "name:fi": null, "name:fo": null, "name:fr": "Port-Louis", "name:frp": null, "name:frr": null, "name:fy": null, "name:ga": null, "name:gag": null, "name:gcr": null, "name:gd": null, "name:gl": "Port Louis", "name:gn": null, "name:grc": null, "name:gu": null, "name:gv": null, "name:ha": null, "name:hak": null, "name:haw": null, "name:he": null, "name:hi": null, "name:hif": null, "name:hr": null, "name:hsb": null, "name:ht": null, "name:hu": null, "name:hy": null, "name:ia": null, "name:id": null, "name:ie": null, "name:ig": null, "name:ilo": null, "name:io": null, "name:is": null, "name:it": "Distretto di Port Louis", "name:ja": "ポートルイス県", "name:jam": null, "name:jv": null, "name:ka": "პორტ-ლუის ოლქი", "name:kg": null, "name:ki": null, "name:kk": null, "name:kn": null, "name:ko": "포트루이스구", "name:ku": null, "name:kw": null, "name:ky": null, "name:la": null, "name:lad": null, "name:lb": null, "name:lfn": null, "name:lg": null, "name:li": null, "name:lij": null, "name:lld": null, "name:lmo": null, "name:ln": null, "name:lt": "Port Luiso rajonas", "name:lv": null, "name:mfe": null, "name:mg": null, "name:mhr": null, "name:mi": null, "name:min": null, "name:mk": null, "name:ml": null, "name:mn": null, "name:mr": null, "name:mrj": null, "name:ms": null, "name:mt": null, "name:my": null, "name:mzn": null, "name:na": null, "name:nah": null, "name:nan": null, "name:nds": null, "name:nds-NL": null, "name:ne": null, "name:nl": "Port Louis", "name:nn": null, "name:no": "Port Louis", "name:nov": null, "name:nso": null, "name:oc": null, "name:olo": null, "name:om": null, "name:or": null, "name:os": null, "name:pa": null, "name:pam": null, "name:pi": null, "name:pih": null, "name:pl": "Port Louis", "name:pms": null, "name:pnb": null, "name:ps": null, "name:pt": "Porto Luís", "name:qu": null, "name:ro": "Districtul Port Louis", "name:ru": "Порт-Луи", "name:rw": null, "name:sa": null, "name:sah": null, "name:sc": null, "name:scn": null, "name:sco": null, "name:sd": null, "name:se": null, "name:sg": null, "name:sgs": null, "name:sh": null, "name:shn": null, "name:si": null, "name:simple": null, "name:sk": null, "name:sl": null, "name:sm": null, "name:smn": null, "name:sms": null, "name:sn": null, "name:so": null, "name:sq": null, "name:sr": null, "name:ss": null, "name:st": null, "name:stq": null, "name:su": null, "name:sv": "Port Louis", "name:sw": null, "name:szl": null, "name:szy": null, "name:ta": "போர்ட் லூயிஸ் மாவட்டம்", "name:tay": null, "name:te": null, "name:tg": null, "name:th": null, "name:tk": null, "name:tl": null, "name:tr": "Port Louis Bölgesi", "name:trv": null, "name:ts": null, "name:tt": null, "name:tzl": null, "name:udm": null, "name:ug": null, "name:uk": "Порт-Луї", "name:ur": "پورٹ لوئس ضلع", "name:uz": null, "name:vec": null, "name:vep": null, "name:vi": null, "name:vo": null, "name:vro": null, "name:war": null, "name:wo": null, "name:wuu": "路易港區", "name:xal": null, "name:xmf": null, "name:yi": null, "name:yo": null, "name:yue": "路易港區", "name:za": null, "name:zea": null, "name:zh": "路易港區", "name:zh-Hans": null, "name:zh-Hant": null, "name:zh-Hant-CN": null, "name:zh-Hant-TW": null, "name:zu": null, "official_name": null, "official_name:ca": null, "official_name:cs": null, "official_name:de": null, "official_name:fr": null, "official_name:sr": null, "official_name:xmf": null, "population": null, "timezone": null, "wikidata": "Q960645", "wikipedia": "en:Port Louis District", "wikipedia:xmf": null, "ISO3166-2": "MU-PL", "official_name:ar": null, "official_name:fa": null, "official_name:ur": null, "alt_name:en": "Port Louis District", "code": null }, "geometry": { "type": "Polygon", "coordinates": [ [ [ 57.4687476, -20.1798218 ], [ 57.468737, -20.1796979 ], [ 57.4687348, -20.179648 ], [ 57.4687976, -20.1791204 ], [ 57.4690564, -20.1776932 ], [ 57.4690665, -20.1773447 ], [ 57.4690709, -20.1772523 ], [ 57.4691422, -20.175769 ], [ 57.4698011, -20.1724609 ], [ 57.470297, -20.1699715 ], [ 57.4704796, -20.1690547 ], [ 57.4707042, -20.1679272 ], [ 57.4709825, -20.1665301 ], [ 57.4710971, -20.1666253 ], [ 57.4712637, -20.1667403 ], [ 57.4713975, -20.1667827 ], [ 57.4715035, -20.1669061 ], [ 57.4717292, -20.1670403 ], [ 57.4719138, -20.1672158 ], [ 57.4720992, -20.1673524 ], [ 57.4723664, -20.1674646 ], [ 57.4725401, -20.1675695 ], [ 57.4727304, -20.1676469 ], [ 57.4728931, -20.1677037 ], [ 57.4729797, -20.1678071 ], [ 57.4730951, -20.1680017 ], [ 57.4731316, -20.168216 ], [ 57.4731651, -20.1683651 ], [ 57.4731999, -20.1684923 ], [ 57.4731611, -20.1686534 ], [ 57.4731607, -20.1687799 ], [ 57.4730236, -20.1692123 ], [ 57.4729264, -20.1693961 ], [ 57.4728114, -20.1695775 ], [ 57.4727619, -20.1697453 ], [ 57.4726281, -20.1699103 ], [ 57.472519, -20.1700763 ], [ 57.47235, -20.1703831 ], [ 57.4721638, -20.1705752 ], [ 57.4720412, -20.1706915 ], [ 57.4719206, -20.1707899 ], [ 57.4718294, -20.1708942 ], [ 57.4716217, -20.1710107 ], [ 57.4714523, -20.1711476 ], [ 57.4713666, -20.1712982 ], [ 57.4713224, -20.1714493 ], [ 57.4712424, -20.1715413 ], [ 57.4710911, -20.1718396 ], [ 57.4710087, -20.1721866 ], [ 57.4709076, -20.1726318 ], [ 57.4708835, -20.1728285 ], [ 57.4709149, -20.1730502 ], [ 57.4709333, -20.1732055 ], [ 57.4709892, -20.1733123 ], [ 57.4710017, -20.173422 ], [ 57.4710536, -20.1735037 ], [ 57.4710931, -20.1737679 ], [ 57.4711861, -20.1737855 ], [ 57.4712195, -20.1738547 ], [ 57.4713128, -20.1739809 ], [ 57.4714251, -20.1740531 ], [ 57.4715444, -20.1743036 ], [ 57.471644, -20.1747914 ], [ 57.4717082, -20.1752716 ], [ 57.4718453, -20.1751916 ], [ 57.4720268, -20.1750765 ], [ 57.4720578, -20.174944 ], [ 57.4720164, -20.1744613 ], [ 57.4719969, -20.1742398 ], [ 57.4719761, -20.1739539 ], [ 57.471993, -20.1737044 ], [ 57.4720607, -20.1733504 ], [ 57.4721087, -20.1731459 ], [ 57.472178, -20.1729705 ], [ 57.4722797, -20.1728084 ], [ 57.4723993, -20.1724519 ], [ 57.4725272, -20.172214 ], [ 57.4726957, -20.1719282 ], [ 57.4728496, -20.1717916 ], [ 57.4729291, -20.1717583 ], [ 57.4729572, -20.1716978 ], [ 57.4730036, -20.1715962 ], [ 57.4731088, -20.1714549 ], [ 57.4731357, -20.1713905 ], [ 57.4732592, -20.1713073 ], [ 57.4733475, -20.1713284 ], [ 57.473448, -20.1714165 ], [ 57.4735688, -20.1715921 ], [ 57.4736453, -20.1716735 ], [ 57.4738637, -20.1721371 ], [ 57.4742536, -20.1728565 ], [ 57.4746786, -20.1736137 ], [ 57.4747793, -20.173537 ], [ 57.4749103, -20.1734396 ], [ 57.4747566, -20.1729342 ], [ 57.4744898, -20.1719908 ], [ 57.4743775, -20.1713491 ], [ 57.4744244, -20.1713051 ], [ 57.4744982, -20.1713076 ], [ 57.475396, -20.1717343 ], [ 57.475447, -20.1717904 ], [ 57.4754845, -20.1717771 ], [ 57.4754926, -20.1717438 ], [ 57.4755228, -20.1717243 ], [ 57.476137, -20.1715518 ], [ 57.476603, -20.1714215 ], [ 57.476717, -20.1714089 ], [ 57.476709, -20.1713869 ], [ 57.4766895, -20.1713699 ], [ 57.476652, -20.1713466 ], [ 57.4765755, -20.1713498 ], [ 57.4755268, -20.1716387 ], [ 57.4754168, -20.1716412 ], [ 57.4745344, -20.1712069 ], [ 57.4743976, -20.1710558 ], [ 57.4742623, -20.1709293 ], [ 57.4741307, -20.1708569 ], [ 57.4739631, -20.1708304 ], [ 57.4737418, -20.1707399 ], [ 57.4736103, -20.1707298 ], [ 57.4734695, -20.1707286 ], [ 57.4733327, -20.1707273 ], [ 57.4731758, -20.1706958 ], [ 57.4730739, -20.1706769 ], [ 57.4730659, -20.1706089 ], [ 57.4731227, -20.1705371 ], [ 57.473263, -20.170478 ], [ 57.4735172, -20.1704577 ], [ 57.4738121, -20.1704509 ], [ 57.4741709, -20.1704704 ], [ 57.4744427, -20.170431 ], [ 57.4748938, -20.1703572 ], [ 57.4750118, -20.1703232 ], [ 57.4751593, -20.1702854 ], [ 57.4753551, -20.1702137 ], [ 57.4755591, -20.1701628 ], [ 57.475795, -20.1700827 ], [ 57.4760364, -20.1700135 ], [ 57.4763368, -20.1698423 ], [ 57.4765577, -20.1696905 ], [ 57.4767673, -20.1695842 ], [ 57.4769497, -20.169413 ], [ 57.4772541, -20.169262 ], [ 57.4773426, -20.1691839 ], [ 57.477393, -20.1690767 ], [ 57.4773748, -20.1689321 ], [ 57.4773976, -20.168844 ], [ 57.4774529, -20.1687414 ], [ 57.4774298, -20.168596 ], [ 57.4774405, -20.1684487 ], [ 57.4775049, -20.1682989 ], [ 57.4774486, -20.168173 ], [ 57.4774298, -20.1680333 ], [ 57.4774848, -20.1679137 ], [ 57.4774459, -20.1670413 ], [ 57.4774097, -20.1669507 ], [ 57.4773976, -20.1666007 ], [ 57.4773259, -20.1665453 ], [ 57.4772729, -20.1665252 ], [ 57.4772742, -20.1664603 ], [ 57.477293, -20.1663388 ], [ 57.4772139, -20.1661978 ], [ 57.4772514, -20.1660468 ], [ 57.4772219, -20.1658579 ], [ 57.477171, -20.1656792 ], [ 57.4770892, -20.1655117 ], [ 57.4770798, -20.1653607 ], [ 57.4771209, -20.1652783 ], [ 57.4769697, -20.1647086 ], [ 57.4769466, -20.1646459 ], [ 57.4768718, -20.1645343 ], [ 57.4763789, -20.1643877 ], [ 57.4763797, -20.1643221 ], [ 57.4764127, -20.1642739 ], [ 57.4765298, -20.1642627 ], [ 57.4764415, -20.1638396 ], [ 57.4763497, -20.163783 ], [ 57.4762174, -20.16368 ], [ 57.4762295, -20.1635604 ], [ 57.4761558, -20.1633968 ], [ 57.4761736, -20.1633172 ], [ 57.4761979, -20.1632146 ], [ 57.4762177, -20.163024 ], [ 57.4761883, -20.1629517 ], [ 57.4759827, -20.1629045 ], [ 57.4758799, -20.1629253 ], [ 57.4757601, -20.1629962 ], [ 57.475653, -20.1630655 ], [ 57.4755703, -20.1631743 ], [ 57.4754909, -20.1633677 ], [ 57.4754867, -20.1635978 ], [ 57.4755749, -20.1638397 ], [ 57.4757053, -20.164006 ], [ 57.4758494, -20.1641068 ], [ 57.4760429, -20.1641838 ], [ 57.4763078, -20.1642555 ], [ 57.4763127, -20.1643246 ], [ 57.4762765, -20.1643502 ], [ 57.4760446, -20.1642854 ], [ 57.4759216, -20.1642431 ], [ 57.4757692, -20.16418 ], [ 57.47561, -20.1640545 ], [ 57.4754877, -20.1638988 ], [ 57.4754112, -20.1637172 ], [ 57.475381, -20.1635463 ], [ 57.475391, -20.1633604 ], [ 57.4754293, -20.1631914 ], [ 57.4755334, -20.1630137 ], [ 57.475661, -20.1629083 ], [ 57.4757954, -20.162842 ], [ 57.4759747, -20.1628118 ], [ 57.4762114, -20.1628426 ], [ 57.4762761, -20.16263 ], [ 57.4763798, -20.1624149 ], [ 57.4764306, -20.1623568 ], [ 57.4764899, -20.162311 ], [ 57.4766742, -20.1621617 ], [ 57.4768181, -20.1620217 ], [ 57.4771364, -20.1617619 ], [ 57.4772765, -20.1616074 ], [ 57.4775907, -20.161628 ], [ 57.477863, -20.1616532 ], [ 57.4781191, -20.161691 ], [ 57.4782613, -20.1616683 ], [ 57.4784041, -20.1616094 ], [ 57.4785577, -20.1615021 ], [ 57.4786958, -20.1613661 ], [ 57.4787723, -20.1612654 ], [ 57.4788904, -20.1612453 ], [ 57.4790687, -20.1610896 ], [ 57.4792155, -20.1609309 ], [ 57.479698, -20.1602169 ], [ 57.4798114, -20.1600451 ], [ 57.4799636, -20.1597344 ], [ 57.4800936, -20.1595071 ], [ 57.4802293, -20.1593346 ], [ 57.4804703, -20.1589247 ], [ 57.4806415, -20.1586389 ], [ 57.4810053, -20.1579948 ], [ 57.4813865, -20.1573709 ], [ 57.4817316, -20.1568663 ], [ 57.4818537, -20.1566693 ], [ 57.4819028, -20.1565655 ], [ 57.4818483, -20.1564031 ], [ 57.4815926, -20.1561314 ], [ 57.48046, -20.1552016 ], [ 57.4789907, -20.154061 ], [ 57.4769487, -20.1523835 ], [ 57.4793309, -20.1495079 ], [ 57.4795943, -20.1492976 ], [ 57.4798679, -20.1491314 ], [ 57.480163, -20.1489778 ], [ 57.4805117, -20.1488821 ], [ 57.4808657, -20.1487915 ], [ 57.4812037, -20.1487663 ], [ 57.4815389, -20.148794 ], [ 57.4818447, -20.1488494 ], [ 57.4822336, -20.1489677 ], [ 57.4824482, -20.1490357 ], [ 57.4825689, -20.1491037 ], [ 57.4826735, -20.149212 ], [ 57.4827406, -20.1493328 ], [ 57.4827808, -20.1495595 ], [ 57.4827218, -20.1498289 ], [ 57.4827645, -20.1500341 ], [ 57.4828854, -20.1501839 ], [ 57.4833436, -20.1505388 ], [ 57.4847954, -20.1516688 ], [ 57.4856583, -20.1523304 ], [ 57.4871284, -20.1535765 ], [ 57.4873289, -20.153704 ], [ 57.4875546, -20.1536597 ], [ 57.4878448, -20.1537269 ], [ 57.4880983, -20.1537543 ], [ 57.4884532, -20.1537612 ], [ 57.4885127, -20.1537734 ], [ 57.4885569, -20.1537331 ], [ 57.4886088, -20.1536456 ], [ 57.4886897, -20.153582 ], [ 57.4887777, -20.1535922 ], [ 57.489363, -20.1539849 ], [ 57.4895204, -20.1540301 ], [ 57.489603, -20.154073 ], [ 57.4896063, -20.1543152 ], [ 57.4895809, -20.1543676 ], [ 57.48954, -20.154423 ], [ 57.4895266, -20.1544859 ], [ 57.4895386, -20.1546056 ], [ 57.4895944, -20.1546694 ], [ 57.4900845, -20.1549253 ], [ 57.4911493, -20.1555296 ], [ 57.4912856, -20.1555998 ], [ 57.4912545, -20.155636 ], [ 57.4916654, -20.1558672 ], [ 57.4916849, -20.1558351 ], [ 57.4917801, -20.1558848 ], [ 57.4917605, -20.1559184 ], [ 57.4923473, -20.1562204 ], [ 57.4952132, -20.1577049 ], [ 57.4952933, -20.1577832 ], [ 57.4953724, -20.1578727 ], [ 57.495416, -20.1580183 ], [ 57.4956016, -20.1588239 ], [ 57.4957268, -20.1593671 ], [ 57.4957424, -20.1594737 ], [ 57.495711, -20.1595933 ], [ 57.4956994, -20.1596179 ], [ 57.4956853, -20.1596478 ], [ 57.4955843, -20.1598628 ], [ 57.4955587, -20.1599533 ], [ 57.4955696, -20.1600465 ], [ 57.4956993, -20.1604105 ], [ 57.4957547, -20.1603917 ], [ 57.4957727, -20.16044 ], [ 57.495717, -20.1604617 ], [ 57.4958258, -20.1607277 ], [ 57.4958534, -20.1607252 ], [ 57.4959829, -20.161265 ], [ 57.4959612, -20.1623451 ], [ 57.4958854, -20.1624301 ], [ 57.4956956, -20.1624803 ], [ 57.4948868, -20.1628718 ], [ 57.494952, -20.1629264 ], [ 57.4950635, -20.1629967 ], [ 57.4958944, -20.1626239 ], [ 57.4959411, -20.1625749 ], [ 57.4967263, -20.1622345 ], [ 57.4968493, -20.1621892 ], [ 57.497383, -20.1619507 ], [ 57.4973532, -20.1618761 ], [ 57.4973763, -20.161583 ], [ 57.4976785, -20.1616031 ], [ 57.4978042, -20.161671 ], [ 57.4980255, -20.1617142 ], [ 57.4984812, -20.1618026 ], [ 57.4990333, -20.161904 ], [ 57.4990575, -20.1618263 ], [ 57.499082, -20.1617278 ], [ 57.4976504, -20.1613401 ], [ 57.4968516, -20.1611239 ], [ 57.4963503, -20.160729 ], [ 57.4963354, -20.1607172 ], [ 57.4963313, -20.1606857 ], [ 57.496446, -20.1605415 ], [ 57.4964244, -20.1605246 ], [ 57.4963186, -20.1606484 ], [ 57.4963072, -20.1606372 ], [ 57.4960843, -20.1604168 ], [ 57.495853, -20.1600744 ], [ 57.4959826, -20.1597555 ], [ 57.4960486, -20.1596153 ], [ 57.4961254, -20.1594523 ], [ 57.4961628, -20.1593902 ], [ 57.4961942, -20.159355 ], [ 57.4962301, -20.1593269 ], [ 57.4963074, -20.1593186 ], [ 57.4963712, -20.1593545 ], [ 57.4964004, -20.1594001 ], [ 57.4964303, -20.1595312 ], [ 57.4964697, -20.1597038 ], [ 57.4965576, -20.1600892 ], [ 57.4973154, -20.1606525 ], [ 57.497422, -20.1602805 ], [ 57.4973722, -20.1602238 ], [ 57.4967917, -20.1597726 ], [ 57.4967196, -20.1597074 ], [ 57.4967155, -20.1596829 ], [ 57.4967269, -20.159657 ], [ 57.4967562, -20.1596278 ], [ 57.4968155, -20.1596108 ], [ 57.4968208, -20.1596123 ], [ 57.4968659, -20.1596256 ], [ 57.4974736, -20.1599891 ], [ 57.4975672, -20.1600451 ], [ 57.4981092, -20.1603635 ], [ 57.4983816, -20.1605235 ], [ 57.4985701, -20.1605851 ], [ 57.4988268, -20.160669 ], [ 57.4988515, -20.1607384 ], [ 57.4989152, -20.1607497 ], [ 57.4990969, -20.1609641 ], [ 57.4991151, -20.1611117 ], [ 57.499282, -20.161107 ], [ 57.4993258, -20.1610816 ], [ 57.499383, -20.161056 ], [ 57.4994444, -20.1610509 ], [ 57.4994898, -20.1610571 ], [ 57.4995441, -20.1610836 ], [ 57.4995845, -20.1611279 ], [ 57.499731, -20.1611296 ], [ 57.5000792, -20.1610967 ], [ 57.5005863, -20.160573 ], [ 57.5005632, -20.1605428 ], [ 57.5005571, -20.1605108 ], [ 57.5005567, -20.1604887 ], [ 57.5005616, -20.160467 ], [ 57.5005767, -20.1604481 ], [ 57.5005938, -20.1604383 ], [ 57.50061, -20.1604344 ], [ 57.5006271, -20.1604325 ], [ 57.5006447, -20.1604317 ], [ 57.5006664, -20.1604361 ], [ 57.5006854, -20.1604453 ], [ 57.5009217, -20.1601831 ], [ 57.5003696, -20.1596497 ], [ 57.5005504, -20.1594309 ], [ 57.5006581, -20.1592842 ], [ 57.5006906, -20.1592989 ], [ 57.5007524, -20.1592099 ], [ 57.5008212, -20.1591217 ], [ 57.501379, -20.1580918 ], [ 57.5013795, -20.15786 ], [ 57.5014134, -20.157804 ], [ 57.5014672, -20.1577424 ], [ 57.5015462, -20.1577309 ], [ 57.5024092, -20.1579746 ], [ 57.5032223, -20.1582214 ], [ 57.5042776, -20.1571671 ], [ 57.5045503, -20.1574024 ], [ 57.5045862, -20.1574083 ], [ 57.5048936, -20.1569806 ], [ 57.5049084, -20.1568894 ], [ 57.5042043, -20.156281 ], [ 57.5039765, -20.1565685 ], [ 57.5033162, -20.1568319 ], [ 57.5029134, -20.1568186 ], [ 57.50278, -20.1568591 ], [ 57.502717, -20.1568585 ], [ 57.5027192, -20.1568189 ], [ 57.5026288, -20.1567886 ], [ 57.5025575, -20.1567685 ], [ 57.50254, -20.1568056 ], [ 57.5022725, -20.1568147 ], [ 57.5022732, -20.1568926 ], [ 57.5021195, -20.1568995 ], [ 57.5021168, -20.1568138 ], [ 57.5020037, -20.1568163 ], [ 57.5019685, -20.1567944 ], [ 57.5016328, -20.156733 ], [ 57.5016023, -20.1566737 ], [ 57.5015663, -20.1566879 ], [ 57.5014352, -20.1564668 ], [ 57.5013589, -20.1565101 ], [ 57.5014891, -20.1567319 ], [ 57.5014282, -20.1567798 ], [ 57.5014397, -20.1568499 ], [ 57.5010171, -20.1568941 ], [ 57.5010192, -20.1568258 ], [ 57.5010068, -20.1567774 ], [ 57.5008569, -20.1567823 ], [ 57.5007161, -20.1567433 ], [ 57.5006544, -20.1566848 ], [ 57.5006022, -20.1567105 ], [ 57.5005443, -20.1567215 ], [ 57.5005288, -20.1567679 ], [ 57.5003968, -20.1568552 ], [ 57.5004152, -20.1569675 ], [ 57.5001119, -20.1578575 ], [ 57.5000194, -20.1580337 ], [ 57.4999711, -20.1580495 ], [ 57.499951, -20.1580268 ], [ 57.4998806, -20.1580507 ], [ 57.4998933, -20.1580794 ], [ 57.4994102, -20.1582002 ], [ 57.4990982, -20.1580799 ], [ 57.4990384, -20.1581822 ], [ 57.4984223, -20.1582919 ], [ 57.4972721, -20.1558292 ], [ 57.4969924, -20.1552304 ], [ 57.4970077, -20.1551607 ], [ 57.4981535, -20.1546711 ], [ 57.4983313, -20.1550025 ], [ 57.4984931, -20.155027 ], [ 57.4990337, -20.1541095 ], [ 57.4991051, -20.1541377 ], [ 57.4991502, -20.1540724 ], [ 57.4992138, -20.1540561 ], [ 57.4992553, -20.1540626 ], [ 57.4995505, -20.154206 ], [ 57.4997932, -20.153775 ], [ 57.4988952, -20.1533286 ], [ 57.499094, -20.1530041 ], [ 57.4991423, -20.152994 ], [ 57.4992785, -20.1528719 ], [ 57.4991905, -20.1527227 ], [ 57.4990886, -20.1525962 ], [ 57.4989, -20.1527235 ], [ 57.4987628, -20.1526604 ], [ 57.4987319, -20.152702 ], [ 57.4986532, -20.1527153 ], [ 57.4985804, -20.1527624 ], [ 57.4984403, -20.1529653 ], [ 57.4978352, -20.1532848 ], [ 57.497953, -20.1534827 ], [ 57.4970506, -20.1539632 ], [ 57.4969875, -20.1539985 ], [ 57.4968691, -20.153811 ], [ 57.496707, -20.1538848 ], [ 57.4966452, -20.1539081 ], [ 57.4965285, -20.1540153 ], [ 57.492296, -20.1509991 ], [ 57.492422, -20.1508462 ], [ 57.4923643, -20.1507983 ], [ 57.4923295, -20.1507215 ], [ 57.4923573, -20.1506666 ], [ 57.4923157, -20.150478 ], [ 57.4921557, -20.1503316 ], [ 57.4920537, -20.1502597 ], [ 57.4919584, -20.1501926 ], [ 57.4917158, -20.1499624 ], [ 57.4911913, -20.1495105 ], [ 57.491074, -20.1494213 ], [ 57.4909977, -20.1493633 ], [ 57.4905529, -20.1487539 ], [ 57.490416, -20.1487367 ], [ 57.4903326, -20.148812 ], [ 57.4898518, -20.1488893 ], [ 57.4897382, -20.1489074 ], [ 57.4896138, -20.1489164 ], [ 57.4893963, -20.1489433 ], [ 57.4884404, -20.148213 ], [ 57.4888003, -20.1478137 ], [ 57.4886713, -20.1477274 ], [ 57.4883098, -20.1481359 ], [ 57.4870929, -20.1472544 ], [ 57.4870701, -20.1471725 ], [ 57.4869169, -20.1470919 ], [ 57.4865798, -20.1468814 ], [ 57.4862347, -20.146635 ], [ 57.48591, -20.1462088 ], [ 57.4857194, -20.1459127 ], [ 57.4853083, -20.1456303 ], [ 57.4843177, -20.1449388 ], [ 57.4841675, -20.1447701 ], [ 57.4841005, -20.1445913 ], [ 57.4840495, -20.1443898 ], [ 57.4840352, -20.1441757 ], [ 57.4841005, -20.1438963 ], [ 57.484256, -20.1436495 ], [ 57.4845001, -20.1434581 ], [ 57.4847603, -20.1433221 ], [ 57.4849802, -20.143297 ], [ 57.485227, -20.143297 ], [ 57.4854523, -20.1433649 ], [ 57.4856803, -20.1434531 ], [ 57.4862774, -20.1438148 ], [ 57.4868236, -20.1439507 ], [ 57.4871099, -20.1439819 ], [ 57.4872413, -20.1439617 ], [ 57.4873909, -20.14389 ], [ 57.4874519, -20.1438598 ], [ 57.4875954, -20.143788 ], [ 57.4883795, -20.143318 ], [ 57.4888463, -20.143179 ], [ 57.489106, -20.143195 ], [ 57.4892509, -20.1427093 ], [ 57.4938965, -20.1399426 ], [ 57.4957495, -20.1388962 ], [ 57.4959481, -20.1392172 ], [ 57.4965968, -20.1388195 ], [ 57.4966921, -20.1387755 ], [ 57.496845, -20.1387617 ], [ 57.4969697, -20.1386635 ], [ 57.4970381, -20.1386647 ], [ 57.4970783, -20.1386232 ], [ 57.4970582, -20.1385476 ], [ 57.4970153, -20.1385199 ], [ 57.4970153, -20.1384721 ], [ 57.4970649, -20.1384507 ], [ 57.4971387, -20.1384469 ], [ 57.497191, -20.1385325 ], [ 57.4972446, -20.1385476 ], [ 57.4973598, -20.1385306 ], [ 57.4974377, -20.1384822 ], [ 57.4975037, -20.1384927 ], [ 57.4975263, -20.1386131 ], [ 57.4975858, -20.1387335 ], [ 57.4976563, -20.1388171 ], [ 57.497755, -20.1388697 ], [ 57.4979796, -20.1388851 ], [ 57.4981604, -20.1388295 ], [ 57.4982853, -20.1387088 ], [ 57.4984088, -20.1386152 ], [ 57.4984945, -20.1385917 ], [ 57.4986139, -20.1385896 ], [ 57.4987359, -20.1386031 ], [ 57.4988454, -20.1386457 ], [ 57.4989317, -20.1386937 ], [ 57.4990217, -20.1387305 ], [ 57.4990833, -20.138739 ], [ 57.4991963, -20.138747 ], [ 57.4993663, -20.1388939 ], [ 57.4994387, -20.1389594 ], [ 57.4994427, -20.1390261 ], [ 57.4993998, -20.1390488 ], [ 57.4993055, -20.1390398 ], [ 57.4991892, -20.1390349 ], [ 57.4991265, -20.1391254 ], [ 57.4991333, -20.139361 ], [ 57.4992335, -20.1395398 ], [ 57.4993797, -20.1396897 ], [ 57.4996345, -20.1398269 ], [ 57.4999106, -20.1399078 ], [ 57.5001401, -20.1400762 ], [ 57.5004346, -20.140188 ], [ 57.5006068, -20.1401996 ], [ 57.5009716, -20.1402827 ], [ 57.501654, -20.1406238 ], [ 57.5021501, -20.1407275 ], [ 57.5024996, -20.1407452 ], [ 57.5025943, -20.1407889 ], [ 57.5028732, -20.1408443 ], [ 57.5032434, -20.1408971 ], [ 57.5036672, -20.1409878 ], [ 57.5039166, -20.1410659 ], [ 57.5042365, -20.1411486 ], [ 57.5044598, -20.1410507 ], [ 57.5046086, -20.1410847 ], [ 57.5047629, -20.1410734 ], [ 57.5048514, -20.1411049 ], [ 57.5049868, -20.1411515 ], [ 57.5051874, -20.1411509 ], [ 57.5053516, -20.1411314 ], [ 57.5056104, -20.1411598 ], [ 57.5056557, -20.1411153 ], [ 57.5058827, -20.1410439 ], [ 57.506057, -20.1409923 ], [ 57.5063547, -20.1409067 ], [ 57.5066417, -20.1408488 ], [ 57.5068644, -20.1408198 ], [ 57.5069891, -20.1408122 ], [ 57.5071232, -20.140816 ], [ 57.507197, -20.1408349 ], [ 57.5073659, -20.1408979 ], [ 57.5075363, -20.1409419 ], [ 57.5076503, -20.1409621 ], [ 57.5077347, -20.1409545 ], [ 57.5078326, -20.140923 ], [ 57.5079171, -20.1408739 ], [ 57.5080217, -20.1407808 ], [ 57.5081196, -20.1406926 ], [ 57.5082363, -20.1405365 ], [ 57.5083382, -20.1403338 ], [ 57.5084522, -20.1401588 ], [ 57.5085314, -20.1400165 ], [ 57.5086239, -20.1397836 ], [ 57.5086735, -20.1396639 ], [ 57.508754, -20.1394864 ], [ 57.5088076, -20.139397 ], [ 57.5088492, -20.139324 ], [ 57.5089039, -20.1392333 ], [ 57.5090184, -20.1391348 ], [ 57.5091002, -20.1390958 ], [ 57.5091927, -20.1390719 ], [ 57.5093805, -20.1390807 ], [ 57.5094073, -20.1390908 ], [ 57.5094543, -20.1391273 ], [ 57.5095978, -20.1393061 ], [ 57.5096474, -20.1393464 ], [ 57.5097761, -20.139359 ], [ 57.509862, -20.1393816 ], [ 57.5099129, -20.1394093 ], [ 57.5099518, -20.1394521 ], [ 57.5099746, -20.1394987 ], [ 57.5099733, -20.139578 ], [ 57.5099303, -20.1396536 ], [ 57.5099156, -20.1397065 ], [ 57.5099666, -20.1398097 ], [ 57.5100806, -20.1399432 ], [ 57.5101583, -20.1399734 ], [ 57.5104091, -20.1401132 ], [ 57.5105526, -20.1402189 ], [ 57.5108973, -20.1403625 ], [ 57.5110099, -20.1404254 ], [ 57.511128, -20.140467 ], [ 57.511431, -20.1405211 ], [ 57.5118602, -20.1404859 ], [ 57.5120415, -20.1404947 ], [ 57.5121941, -20.1405022 ], [ 57.5122223, -20.1404985 ], [ 57.5123175, -20.1404355 ], [ 57.5123926, -20.1403499 ], [ 57.512516, -20.1403134 ], [ 57.5126085, -20.1402731 ], [ 57.5126984, -20.1402542 ], [ 57.5129666, -20.1402567 ], [ 57.5130337, -20.1402643 ], [ 57.5132053, -20.1403247 ], [ 57.5133663, -20.1403637 ], [ 57.5134548, -20.1404393 ], [ 57.5136036, -20.1405136 ], [ 57.5136935, -20.1405828 ], [ 57.5137485, -20.140608 ], [ 57.5138343, -20.1406281 ], [ 57.5138866, -20.1406105 ], [ 57.5139094, -20.1405916 ], [ 57.5139228, -20.14054 ], [ 57.5140542, -20.1404808 ], [ 57.5141052, -20.1404191 ], [ 57.5141602, -20.1403826 ], [ 57.514415, -20.1402869 ], [ 57.5144807, -20.1402869 ], [ 57.5145397, -20.1403071 ], [ 57.5146014, -20.1404078 ], [ 57.5146631, -20.1404651 ], [ 57.5147945, -20.1404802 ], [ 57.5149152, -20.1405079 ], [ 57.5150802, -20.1405658 ], [ 57.5151432, -20.1405998 ], [ 57.515213, -20.1406653 ], [ 57.5153042, -20.1407786 ], [ 57.5153752, -20.1408365 ], [ 57.5155791, -20.1409524 ], [ 57.5156877, -20.1409864 ], [ 57.5157856, -20.1410468 ], [ 57.5158486, -20.1411047 ], [ 57.5159975, -20.141184 ], [ 57.5161289, -20.141359 ], [ 57.5161759, -20.1413993 ], [ 57.516259, -20.1415007 ], [ 57.5163194, -20.1415208 ], [ 57.5163824, -20.1415271 ], [ 57.5165688, -20.1415145 ], [ 57.5168102, -20.1414554 ], [ 57.5170382, -20.1413043 ], [ 57.5171334, -20.1412262 ], [ 57.5174848, -20.1410965 ], [ 57.5176632, -20.1410474 ], [ 57.5178429, -20.1410373 ], [ 57.5179595, -20.1410525 ], [ 57.5180494, -20.1410739 ], [ 57.5183485, -20.1411847 ], [ 57.518618, -20.1412589 ], [ 57.5188876, -20.1413735 ], [ 57.5191451, -20.1414573 ], [ 57.519188, -20.141495 ], [ 57.5193409, -20.1417267 ], [ 57.5194589, -20.1420364 ], [ 57.5194978, -20.1421674 ], [ 57.5195152, -20.1423059 ], [ 57.5195394, -20.1423588 ], [ 57.5197821, -20.1427314 ], [ 57.5200248, -20.1429656 ], [ 57.5200731, -20.1429896 ], [ 57.5201978, -20.143021 ], [ 57.5204164, -20.1430978 ], [ 57.5208148, -20.1431784 ], [ 57.520914, -20.1432489 ], [ 57.5210548, -20.1434013 ], [ 57.5211567, -20.1434642 ], [ 57.5213297, -20.1434453 ], [ 57.5215524, -20.1434063 ], [ 57.5216932, -20.143361 ], [ 57.5217683, -20.1433257 ], [ 57.5219413, -20.1431532 ], [ 57.5219909, -20.1430852 ], [ 57.5220271, -20.1430122 ], [ 57.5220995, -20.1429644 ], [ 57.5222122, -20.1429279 ], [ 57.5224227, -20.1429807 ], [ 57.5226708, -20.1430727 ], [ 57.5230131, -20.1431548 ], [ 57.5233779, -20.1433361 ], [ 57.523732, -20.1437088 ], [ 57.524086, -20.1438072 ], [ 57.5248585, -20.1440009 ], [ 57.5249763, -20.1440938 ], [ 57.5252668, -20.1445508 ], [ 57.5259421, -20.1448269 ], [ 57.5265401, -20.144887 ], [ 57.5268231, -20.1448472 ], [ 57.5274512, -20.144865 ], [ 57.5282448, -20.144711 ], [ 57.5290427, -20.1445448 ], [ 57.5294633, -20.1444835 ], [ 57.5296203, -20.1445315 ], [ 57.5296714, -20.1445466 ], [ 57.5297988, -20.1445604 ], [ 57.5299302, -20.1446158 ], [ 57.5300818, -20.1447493 ], [ 57.5302897, -20.1447656 ], [ 57.5306155, -20.14433 ], [ 57.5307228, -20.1441688 ], [ 57.5310232, -20.1438566 ], [ 57.5313129, -20.1438138 ], [ 57.5316723, -20.1437458 ], [ 57.5318842, -20.1437408 ], [ 57.5320959, -20.1436678 ], [ 57.5322139, -20.1436981 ], [ 57.5323373, -20.1437635 ], [ 57.5325036, -20.1437937 ], [ 57.5327021, -20.1437736 ], [ 57.5328684, -20.1436477 ], [ 57.5330239, -20.1435772 ], [ 57.5427454, -20.1413282 ], [ 57.5429548, -20.1415852 ], [ 57.5435459, -20.14287 ], [ 57.543965, -20.1433907 ], [ 57.5442607, -20.1438882 ], [ 57.5444086, -20.1442469 ], [ 57.5445319, -20.1446866 ], [ 57.5447044, -20.1451609 ], [ 57.5448646, -20.1456816 ], [ 57.5451358, -20.1460287 ], [ 57.5451974, -20.1463064 ], [ 57.5452754, -20.1464196 ], [ 57.5454685, -20.1466998 ], [ 57.5459985, -20.1471741 ], [ 57.546553, -20.1476138 ], [ 57.5470214, -20.1478336 ], [ 57.5473541, -20.1481113 ], [ 57.5476499, -20.1486204 ], [ 57.5479457, -20.149141 ], [ 57.5488084, -20.15046 ], [ 57.5494739, -20.1517674 ], [ 57.5501024, -20.1526698 ], [ 57.5506693, -20.1535376 ], [ 57.5510514, -20.1540813 ], [ 57.5514581, -20.1544863 ], [ 57.5513595, -20.1547755 ], [ 57.5511376, -20.1552036 ], [ 57.5508788, -20.1557936 ], [ 57.5508049, -20.1562448 ], [ 57.5507433, -20.1567539 ], [ 57.5507063, -20.1572514 ], [ 57.5505707, -20.1578298 ], [ 57.5505461, -20.1581422 ], [ 57.5504598, -20.1585124 ], [ 57.5502873, -20.1590909 ], [ 57.5501517, -20.1595305 ], [ 57.5502257, -20.159947 ], [ 57.5504352, -20.1604792 ], [ 57.5506447, -20.1608725 ], [ 57.5506077, -20.1611618 ], [ 57.5504721, -20.1614047 ], [ 57.5503268, -20.1616709 ], [ 57.5501914, -20.1618858 ], [ 57.5499719, -20.1621006 ], [ 57.5498271, -20.1622452 ], [ 57.5498084, -20.1624644 ], [ 57.5498878, -20.162631 ], [ 57.5500654, -20.162712 ], [ 57.5503982, -20.1629781 ], [ 57.550694, -20.1633714 ], [ 57.5508419, -20.1638689 ], [ 57.5511253, -20.1643201 ], [ 57.5515197, -20.1646671 ], [ 57.5517292, -20.1649679 ], [ 57.551951, -20.1653844 ], [ 57.5522222, -20.1657893 ], [ 57.5523084, -20.1661479 ], [ 57.5525426, -20.1666338 ], [ 57.5526905, -20.1669462 ], [ 57.5529247, -20.1674552 ], [ 57.5532204, -20.1680336 ], [ 57.5533437, -20.1687393 ], [ 57.5534299, -20.1693987 ], [ 57.5535285, -20.1698961 ], [ 57.553849, -20.1701854 ], [ 57.5541324, -20.1704399 ], [ 57.5544898, -20.1707753 ], [ 57.5548103, -20.1710877 ], [ 57.5549828, -20.1715851 ], [ 57.5548349, -20.1719553 ], [ 57.55465, -20.1723371 ], [ 57.5545638, -20.1729386 ], [ 57.5543912, -20.1735864 ], [ 57.5540585, -20.1742458 ], [ 57.5538366, -20.1748821 ], [ 57.5536025, -20.175391 ], [ 57.5532697, -20.1759579 ], [ 57.5531958, -20.1762239 ], [ 57.5534299, -20.1764322 ], [ 57.5536271, -20.1767329 ], [ 57.5538859, -20.1772072 ], [ 57.5540215, -20.1777972 ], [ 57.5541201, -20.178202 ], [ 57.5544282, -20.1788036 ], [ 57.5547363, -20.1792663 ], [ 57.5550074, -20.1795902 ], [ 57.5553032, -20.1799719 ], [ 57.5554511, -20.1803652 ], [ 57.5555902, -20.1808778 ], [ 57.5559318, -20.1812328 ], [ 57.5562029, -20.1815567 ], [ 57.5565603, -20.18195 ], [ 57.5563878, -20.1823201 ], [ 57.5562152, -20.1826556 ], [ 57.5559811, -20.1829795 ], [ 57.5556237, -20.1834422 ], [ 57.5553989, -20.1837868 ], [ 57.5553667, -20.1841342 ], [ 57.5553989, -20.1845219 ], [ 57.5554731, -20.1850789 ], [ 57.5555292, -20.185675 ], [ 57.5556786, -20.1864903 ], [ 57.5558841, -20.1872968 ], [ 57.5559648, -20.1876767 ], [ 57.5559915, -20.188375 ], [ 57.5560662, -20.1887388 ], [ 57.5561176, -20.1891157 ], [ 57.5559471, -20.1908317 ], [ 57.5557464, -20.1915702 ], [ 57.5556818, -20.191647 ], [ 57.5553517, -20.1919516 ], [ 57.5550472, -20.1922805 ], [ 57.5547913, -20.1924249 ], [ 57.5542869, -20.1927142 ], [ 57.5537172, -20.1930035 ], [ 57.5532315, -20.1932489 ], [ 57.5528019, -20.1935119 ], [ 57.5524563, -20.1938012 ], [ 57.552092, -20.1940466 ], [ 57.5515877, -20.194292 ], [ 57.5512328, -20.1944411 ], [ 57.5505416, -20.1945726 ], [ 57.5501773, -20.1946777 ], [ 57.5498131, -20.1947829 ], [ 57.549673, -20.1950459 ], [ 57.5493928, -20.1951599 ], [ 57.5491219, -20.19523 ], [ 57.5488044, -20.1952738 ], [ 57.5481973, -20.1956157 ], [ 57.5475341, -20.195905 ], [ 57.5472166, -20.1960803 ], [ 57.5468523, -20.1961592 ], [ 57.5463683, -20.1961846 ], [ 57.5461487, -20.1962761 ], [ 57.545913, -20.1963753 ], [ 57.5457666, -20.1965127 ], [ 57.5455715, -20.1966043 ], [ 57.5453438, -20.1966272 ], [ 57.5451649, -20.1966959 ], [ 57.5449454, -20.1968179 ], [ 57.5447096, -20.1968943 ], [ 57.5445307, -20.1970316 ], [ 57.5442705, -20.1972148 ], [ 57.5440591, -20.1972758 ], [ 57.5438802, -20.1972758 ], [ 57.5435631, -20.1971995 ], [ 57.5433598, -20.1971308 ], [ 57.5430021, -20.1970087 ], [ 57.5426118, -20.1968714 ], [ 57.5423679, -20.1968485 ], [ 57.5422622, -20.1967569 ], [ 57.5420426, -20.1966043 ], [ 57.5417336, -20.196444 ], [ 57.5414491, -20.1963067 ], [ 57.541132, -20.1961769 ], [ 57.5408067, -20.196154 ], [ 57.5404002, -20.1961006 ], [ 57.5401237, -20.1960625 ], [ 57.5398147, -20.1960243 ], [ 57.5394814, -20.1960014 ], [ 57.5390586, -20.1959327 ], [ 57.538652, -20.1958946 ], [ 57.5381642, -20.1958488 ], [ 57.5378145, -20.1958412 ], [ 57.537408, -20.1958641 ], [ 57.537034, -20.1958641 ], [ 57.5365136, -20.1957954 ], [ 57.5363022, -20.196032 ], [ 57.5360095, -20.1963296 ], [ 57.535733, -20.1965661 ], [ 57.5354728, -20.1968485 ], [ 57.5351557, -20.1970927 ], [ 57.5349281, -20.1971919 ], [ 57.5346028, -20.1971995 ], [ 57.5342207, -20.1971308 ], [ 57.5339279, -20.1970621 ], [ 57.5336027, -20.1970469 ], [ 57.533188, -20.1970621 ], [ 57.5328791, -20.1971156 ], [ 57.5324806, -20.1971308 ], [ 57.532009, -20.1971461 ], [ 57.531635, -20.19723 ], [ 57.5313992, -20.1972911 ], [ 57.5309358, -20.1973445 ], [ 57.5305617, -20.1974284 ], [ 57.5305292, -20.1975963 ], [ 57.5304642, -20.1977871 ], [ 57.530269, -20.1979473 ], [ 57.5300983, -20.198016 ], [ 57.5297974, -20.1979855 ], [ 57.5294803, -20.1979168 ], [ 57.5290982, -20.1979702 ], [ 57.5287404, -20.1980007 ], [ 57.5258361, -20.197947 ], [ 57.5206846, -20.1958651 ], [ 57.5168517, -20.1934476 ], [ 57.515644, -20.1928577 ], [ 57.5136598, -20.1927189 ], [ 57.5122302, -20.1922678 ], [ 57.5107759, -20.1912384 ], [ 57.5072512, -20.1881038 ], [ 57.5059325, -20.1874791 ], [ 57.5053779, -20.1868429 ], [ 57.504848, -20.1858597 ], [ 57.5024201, -20.1825283 ], [ 57.5015328, -20.181707 ], [ 57.5008919, -20.1812906 ], [ 57.4996102, -20.1807238 ], [ 57.4952253, -20.1789195 ], [ 57.4932802, -20.1789728 ], [ 57.4908816, -20.1790415 ], [ 57.488987, -20.1792246 ], [ 57.4883203, -20.1793773 ], [ 57.4872064, -20.1794307 ], [ 57.4860762, -20.1797512 ], [ 57.4795957, -20.1827684 ], [ 57.4788661, -20.1829369 ], [ 57.4784819, -20.182926 ], [ 57.4781444, -20.1834183 ], [ 57.4774351, -20.1849071 ], [ 57.4773319, -20.1850669 ], [ 57.4771303, -20.1853887 ], [ 57.4767592, -20.186123 ], [ 57.4766198, -20.1862186 ], [ 57.4760136, -20.1865811 ], [ 57.475758, -20.186738 ], [ 57.4754694, -20.186822 ], [ 57.4750832, -20.1868716 ], [ 57.4746319, -20.1868754 ], [ 57.4735732, -20.1868433 ], [ 57.4701159, -20.186459 ], [ 57.4695321, -20.1864011 ], [ 57.469433, -20.1863745 ], [ 57.4690031, -20.1863335 ], [ 57.4689299, -20.1853778 ], [ 57.4688662, -20.1846189 ], [ 57.4688807, -20.1843994 ], [ 57.4688903, -20.1842539 ], [ 57.4689051, -20.1839436 ], [ 57.4689112, -20.1838145 ], [ 57.4689145, -20.1837453 ], [ 57.4689312, -20.1834885 ], [ 57.4689272, -20.1832266 ], [ 57.4688872, -20.1822723 ], [ 57.4688228, -20.1820557 ], [ 57.4687289, -20.1817008 ], [ 57.4686699, -20.1813811 ], [ 57.4686805, -20.1812115 ], [ 57.4687261, -20.1810277 ], [ 57.4688067, -20.180374 ], [ 57.4687476, -20.1798218 ] ] ] } },
{ "type": "Feature", "properties": { "element": "relation", "id": 13476402, "admin_level": "8", "border_type": null, "boundary": "administrative", "maritime": null, "note": null, "type": "boundary", "ISO3166-1": null, "ISO3166-1:alpha2": null, "ISO3166-1:alpha3": null, "ISO3166-1:numeric": null, "driving_side": null, "flag": null, "name": "Beau Bassin / Rose Hill", "name:ab": null, "name:af": null, "name:als": null, "name:am": null, "name:ami": null, "name:an": null, "name:ang": null, "name:ar": null, "name:ary": null, "name:arz": null, "name:ast": null, "name:avk": null, "name:az": null, "name:azb": null, "name:ba": null, "name:ban": null, "name:bar": null, "name:bcl": null, "name:be": null, "name:be-tarask": null, "name:bg": null, "name:bi": null, "name:bjn": null, "name:bn": null, "name:bo": null, "name:bpy": null, "name:br": null, "name:bs": null, "name:bxr": null, "name:ca": null, "name:cbk": null, "name:cdo": null, "name:ce": null, "name:ceb": null, "name:ckb": null, "name:crh": null, "name:cs": null, "name:cv": null, "name:cy": null, "name:da": null, "name:dag": null, "name:de": null, "name:diq": null, "name:dty": null, "name:dv": null, "name:ee": null, "name:el": null, "name:en": null, "name:eo": null, "name:es": null, "name:et": null, "name:eu": null, "name:ext": null, "name:fa": null, "name:ff": null, "name:fi": null, "name:fo": null, "name:fr": null, "name:frp": null, "name:frr": null, "name:fy": null, "name:ga": null, "name:gag": null, "name:gcr": null, "name:gd": null, "name:gl": null, "name:gn": null, "name:grc": null, "name:gu": null, "name:gv": null, "name:ha": null, "name:hak": null, "name:haw": null, "name:he": null, "name:hi": null, "name:hif": null, "name:hr": null, "name:hsb": null, "name:ht": null, "name:hu": null, "name:hy": null, "name:ia": null, "name:id": null, "name:ie": null, "name:ig": null, "name:ilo": null, "name:io": null, "name:is": null, "name:it": null, "name:ja": null, "name:jam": null, "name:jv": null, "name:ka": null, "name:kg": null, "name:ki": null, "name:kk": null, "name:kn": null, "name:ko": null, "name:ku": null, "name:kw": null, "name:ky": null, "name:la": null, "name:lad": null, "name:lb": null, "name:lfn": null, "name:lg": null, "name:li": null, "name:lij": null, "name:lld": null, "name:lmo": null, "name:ln": null, "name:lt": null, "name:lv": null, "name:mfe": null, "name:mg": null, "name:mhr": null, "name:mi": null, "name:min": null, "name:mk": null, "name:ml": null, "name:mn": null, "name:mr": null, "name:mrj": null, "name:ms": null, "name:mt": null, "name:my": null, "name:mzn": null, "name:na": null, "name:nah": null, "name:nan": null, "name:nds": null, "name:nds-NL": null, "name:ne": null, "name:nl": null, "name:nn": null, "name:no": null, "name:nov": null, "name:nso": null, "name:oc": null, "name:olo": null, "name:om": null, "name:or": null, "name:os": null, "name:pa": null, "name:pam": null, "name:pi": null, "name:pih": null, "name:pl": null, "name:pms": null, "name:pnb": null, "name:ps": null, "name:pt": null, "name:qu": null, "name:ro": null, "name:ru": null, "name:rw": null, "name:sa": null, "name:sah": null, "name:sc": null, "name:scn": null, "name:sco": null, "name:sd": null, "name:se": null, "name:sg": null, "name:sgs": null, "name:sh": null, "name:shn": null, "name:si": null, "name:simple": null, "name:sk": null, "name:sl": null, "name:sm": null, "name:smn": null, "name:sms": null, "name:sn": null, "name:so": null, "name:sq": null, "name:sr": null, "name:ss": null, "name:st": null, "name:stq": null, "name:su": null, "name:sv": null, "name:sw": null, "name:szl": null, "name:szy": null, "name:ta": null, "name:tay": null, "name:te": null, "name:tg": null, "name:th": null, "name:tk": null, "name:tl": null, "name:tr": null, "name:trv": null, "name:ts": null, "name:tt": null, "name:tzl": null, "name:udm": null, "name:ug": null, "name:uk": null, "name:ur": null, "name:uz": null, "name:vec": null, "name:vep": null, "name:vi": null, "name:vo": null, "name:vro": null, "name:war": null, "name:wo": null, "name:wuu": null, "name:xal": null, "name:xmf": null, "name:yi": null, "name:yo": null, "name:yue": null, "name:za": null, "name:zea": null, "name:zh": null, "name:zh-Hans": null, "name:zh-Hant": null, "name:zh-Hant-CN": null, "name:zh-Hant-TW": null, "name:zu": null, "official_name": null, "official_name:ca": null, "official_name:cs": null, "official_name:de": null, "official_name:fr": null, "official_name:sr": null, "official_name:xmf": null, "population": null, "timezone": null, "wikidata": null, "wikipedia": null, "wikipedia:xmf": null, "ISO3166-2": null, "official_name:ar": null, "official_name:fa": null, "official_name:ur": null, "alt_name:en": null, "code": null }, "geometry": { "type": "Polygon", "coordinates": [ [ [ 57.4484522, -20.220902 ], [ 57.4490196, -20.2075472 ], [ 57.4492507, -20.2067752 ], [ 57.4492723, -20.2065899 ], [ 57.4494326, -20.2062111 ], [ 57.4502058, -20.2038065 ], [ 57.4505422, -20.2030894 ], [ 57.4507384, -20.202671 ], [ 57.4512844, -20.201915 ], [ 57.451926, -20.2013329 ], [ 57.4519947, -20.2012705 ], [ 57.4529258, -20.2007035 ], [ 57.4534189, -20.2004785 ], [ 57.4546444, -20.2002188 ], [ 57.4546815, -20.2003772 ], [ 57.4555994, -20.200144 ], [ 57.456069, -20.1999914 ], [ 57.4568843, -20.1997445 ], [ 57.4576359, -20.1992299 ], [ 57.4580097, -20.1989753 ], [ 57.4581953, -20.1988472 ], [ 57.4583844, -20.1986858 ], [ 57.4587099, -20.1983773 ], [ 57.459038, -20.1980308 ], [ 57.4593274, -20.1976789 ], [ 57.4595531, -20.1973505 ], [ 57.4597796, -20.1969513 ], [ 57.4603766, -20.1957807 ], [ 57.4604937, -20.1955651 ], [ 57.4607922, -20.1950121 ], [ 57.4612068, -20.194299 ], [ 57.4614008, -20.1940203 ], [ 57.4614337, -20.1939726 ], [ 57.4616302, -20.1936878 ], [ 57.4620808, -20.1930716 ], [ 57.4623034, -20.1928011 ], [ 57.4626003, -20.1924773 ], [ 57.4628652, -20.1922007 ], [ 57.463944, -20.1905328 ], [ 57.4648313, -20.1895843 ], [ 57.465663, -20.1887781 ], [ 57.4658876, -20.1885604 ], [ 57.4660248, -20.1884274 ], [ 57.4676528, -20.1870655 ], [ 57.4690031, -20.1863335 ], [ 57.469433, -20.1863745 ], [ 57.4695321, -20.1864011 ], [ 57.4701159, -20.186459 ], [ 57.4735732, -20.1868433 ], [ 57.473498, -20.1869339 ], [ 57.4733451, -20.1869918 ], [ 57.472924, -20.1870573 ], [ 57.4725378, -20.1870875 ], [ 57.4717197, -20.1873367 ], [ 57.4715185, -20.1874374 ], [ 57.4712879, -20.1874777 ], [ 57.4711001, -20.1875884 ], [ 57.4710679, -20.1876312 ], [ 57.4709231, -20.188107 ], [ 57.4708211, -20.1883588 ], [ 57.4708138, -20.1884717 ], [ 57.4709597, -20.1894142 ], [ 57.4710643, -20.1895988 ], [ 57.4711475, -20.1897405 ], [ 57.4712861, -20.1899053 ], [ 57.4714248, -20.190047 ], [ 57.4716035, -20.1902494 ], [ 57.4717914, -20.1904316 ], [ 57.4719855, -20.1905936 ], [ 57.4721426, -20.1906774 ], [ 57.4723552, -20.1908191 ], [ 57.4725524, -20.1910476 ], [ 57.4729595, -20.1915087 ], [ 57.4740344, -20.1920336 ], [ 57.47417, -20.192236 ], [ 57.4743117, -20.1924385 ], [ 57.4744101, -20.1926606 ], [ 57.4744442, -20.1927103 ], [ 57.4744503, -20.192852 ], [ 57.4744134, -20.1930052 ], [ 57.4743425, -20.1932221 ], [ 57.4742593, -20.1933696 ], [ 57.4742008, -20.1935286 ], [ 57.4741422, -20.193705 ], [ 57.4740925, -20.1942154 ], [ 57.4734842, -20.1953286 ], [ 57.4734451, -20.1955066 ], [ 57.47315, -20.1957281 ], [ 57.4729971, -20.1959521 ], [ 57.4728469, -20.1963071 ], [ 57.4727852, -20.1966142 ], [ 57.4726136, -20.1971403 ], [ 57.4724862, -20.1973398 ], [ 57.4723145, -20.197448 ], [ 57.4717861, -20.1978659 ], [ 57.4716493, -20.1980345 ], [ 57.4716037, -20.1981352 ], [ 57.4715984, -20.198246 ], [ 57.4716359, -20.1985657 ], [ 57.4716548, -20.1986138 ], [ 57.4716641, -20.1989212 ], [ 57.4716722, -20.1991539 ], [ 57.4717332, -20.1993638 ], [ 57.4718999, -20.1995011 ], [ 57.47203, -20.1996957 ], [ 57.4720991, -20.199814 ], [ 57.4720422, -20.199959 ], [ 57.4719934, -20.2000811 ], [ 57.4719771, -20.2003024 ], [ 57.4720503, -20.2006877 ], [ 57.4720991, -20.2008709 ], [ 57.4721479, -20.2010273 ], [ 57.4722455, -20.2011761 ], [ 57.4724243, -20.2012639 ], [ 57.4725788, -20.2014241 ], [ 57.4727008, -20.2016034 ], [ 57.4728797, -20.2018476 ], [ 57.4729854, -20.2020193 ], [ 57.473087, -20.2022597 ], [ 57.47327, -20.2026527 ], [ 57.4733553, -20.2028549 ], [ 57.4734448, -20.2030571 ], [ 57.4735098, -20.2033509 ], [ 57.473522, -20.203492 ], [ 57.4735464, -20.2036752 ], [ 57.4735952, -20.2038316 ], [ 57.4735993, -20.203988 ], [ 57.4735667, -20.204091 ], [ 57.4735464, -20.2042398 ], [ 57.473522, -20.204423 ], [ 57.4735098, -20.2045756 ], [ 57.4735179, -20.2047358 ], [ 57.4735952, -20.2048846 ], [ 57.4736887, -20.2050945 ], [ 57.4736806, -20.2053272 ], [ 57.4736196, -20.2056553 ], [ 57.4737489, -20.2060744 ], [ 57.4737738, -20.2063267 ], [ 57.4738053, -20.2065874 ], [ 57.47445, -20.2071259 ], [ 57.4746563, -20.2092242 ], [ 57.475031, -20.2094007 ], [ 57.4752479, -20.2096121 ], [ 57.475439, -20.2099443 ], [ 57.4756231, -20.2101767 ], [ 57.4758425, -20.2102963 ], [ 57.476069, -20.2104225 ], [ 57.4761752, -20.2108078 ], [ 57.4761752, -20.2110669 ], [ 57.4761539, -20.2113126 ], [ 57.4761752, -20.2115584 ], [ 57.476253, -20.2117444 ], [ 57.4763946, -20.2119702 ], [ 57.4763875, -20.2122758 ], [ 57.4763451, -20.2125747 ], [ 57.4763946, -20.2128338 ], [ 57.4764158, -20.2130596 ], [ 57.4766636, -20.2132589 ], [ 57.4770033, -20.2134515 ], [ 57.4772652, -20.2135379 ], [ 57.477513, -20.2136176 ], [ 57.4777041, -20.2137106 ], [ 57.4779253, -20.2138718 ], [ 57.4779023, -20.2140958 ], [ 57.4779525, -20.2142524 ], [ 57.4780051, -20.2144334 ], [ 57.4780244, -20.2145727 ], [ 57.4779535, -20.2146855 ], [ 57.477781, -20.214804 ], [ 57.4776023, -20.2149197 ], [ 57.4771863, -20.2152001 ], [ 57.4771495, -20.2153467 ], [ 57.4771771, -20.2155182 ], [ 57.4772017, -20.2156974 ], [ 57.4773219, -20.2158969 ], [ 57.4774513, -20.2160473 ], [ 57.4775807, -20.2162207 ], [ 57.4777471, -20.216374 ], [ 57.4779412, -20.2165128 ], [ 57.478086, -20.2166226 ], [ 57.4782739, -20.2167007 ], [ 57.4784341, -20.2167498 ], [ 57.4787746, -20.2170549 ], [ 57.4789088, -20.2173143 ], [ 57.4790632, -20.2175318 ], [ 57.4791608, -20.217776 ], [ 57.4792421, -20.2180125 ], [ 57.4793641, -20.2184054 ], [ 57.4794291, -20.218558 ], [ 57.4795145, -20.2186343 ], [ 57.4796202, -20.2188213 ], [ 57.4797015, -20.2190311 ], [ 57.4797137, -20.2192752 ], [ 57.4796324, -20.2194431 ], [ 57.4795836, -20.219569 ], [ 57.4795552, -20.2197216 ], [ 57.4794617, -20.21992 ], [ 57.4793763, -20.2200382 ], [ 57.4793275, -20.2201629 ], [ 57.4792725, -20.2201956 ], [ 57.4792457, -20.2202661 ], [ 57.4792296, -20.2204674 ], [ 57.4791706, -20.2206788 ], [ 57.4790311, -20.2208601 ], [ 57.4788487, -20.220996 ], [ 57.478736, -20.2210362 ], [ 57.4782693, -20.2210614 ], [ 57.4781781, -20.2211168 ], [ 57.4780118, -20.2212175 ], [ 57.4776417, -20.2217611 ], [ 57.4776417, -20.2219876 ], [ 57.4777597, -20.2222091 ], [ 57.4781406, -20.2227981 ], [ 57.4782801, -20.223085 ], [ 57.4783337, -20.2233115 ], [ 57.4782962, -20.2236387 ], [ 57.4781781, -20.2238199 ], [ 57.4778134, -20.2241018 ], [ 57.4775237, -20.224283 ], [ 57.4774539, -20.2243635 ], [ 57.4774271, -20.2244642 ], [ 57.4774271, -20.224585 ], [ 57.4774271, -20.2246454 ], [ 57.4774539, -20.2247562 ], [ 57.4774861, -20.2248568 ], [ 57.477529, -20.2249575 ], [ 57.4778026, -20.2255163 ], [ 57.4778616, -20.2257478 ], [ 57.4778885, -20.2259995 ], [ 57.4778724, -20.226221 ], [ 57.4775934, -20.2266891 ], [ 57.4775559, -20.2267847 ], [ 57.4775451, -20.2269055 ], [ 57.4775612, -20.2270163 ], [ 57.4776202, -20.2271119 ], [ 57.477985, -20.227419 ], [ 57.4784356, -20.2279123 ], [ 57.4785944, -20.2280534 ], [ 57.478626, -20.2282932 ], [ 57.4786143, -20.2284641 ], [ 57.4785769, -20.2286613 ], [ 57.4784672, -20.2287862 ], [ 57.4782244, -20.2289812 ], [ 57.4779068, -20.2291762 ], [ 57.4774865, -20.229518 ], [ 57.4772764, -20.2296714 ], [ 57.4771176, -20.229805 ], [ 57.4770429, -20.2299518 ], [ 57.4769938, -20.2301402 ], [ 57.4770078, -20.230344 ], [ 57.4771012, -20.2305105 ], [ 57.4772623, -20.2306398 ], [ 57.4774958, -20.2307624 ], [ 57.4777784, -20.230872 ], [ 57.4780306, -20.2309552 ], [ 57.4782197, -20.2310276 ], [ 57.4783434, -20.2311502 ], [ 57.4783691, -20.2312817 ], [ 57.4783738, -20.2314307 ], [ 57.4783668, -20.2315906 ], [ 57.4783388, -20.2317528 ], [ 57.478222, -20.2319697 ], [ 57.4781216, -20.2321143 ], [ 57.4779675, -20.2322567 ], [ 57.4777347, -20.2324369 ], [ 57.4775037, -20.2326204 ], [ 57.4773589, -20.2327202 ], [ 57.4772803, -20.2328358 ], [ 57.4772495, -20.2329645 ], [ 57.4772834, -20.2331524 ], [ 57.4773188, -20.2332521 ], [ 57.477336, -20.2332984 ], [ 57.4773896, -20.2336856 ], [ 57.4774378, -20.2339071 ], [ 57.4777007, -20.2345262 ], [ 57.4778026, -20.2348232 ], [ 57.4778187, -20.2348685 ], [ 57.4778885, -20.234954 ], [ 57.4780601, -20.2351151 ], [ 57.4785429, -20.2354674 ], [ 57.4787897, -20.2357241 ], [ 57.4793315, -20.2361067 ], [ 57.4794978, -20.2362526 ], [ 57.4796319, -20.2365798 ], [ 57.4796319, -20.2366956 ], [ 57.4796158, -20.2368013 ], [ 57.4794441, -20.2371184 ], [ 57.4792886, -20.2373348 ], [ 57.4791813, -20.237511 ], [ 57.4790847, -20.2375814 ], [ 57.4788594, -20.2378633 ], [ 57.4785322, -20.2381955 ], [ 57.4784303, -20.2383867 ], [ 57.4782854, -20.2385579 ], [ 57.4780977, -20.2388397 ], [ 57.4779797, -20.239036 ], [ 57.4777383, -20.2395796 ], [ 57.4776149, -20.239786 ], [ 57.4774539, -20.239947 ], [ 57.4771589, -20.2401484 ], [ 57.4770945, -20.2402289 ], [ 57.4768478, -20.2405963 ], [ 57.4767834, -20.240697 ], [ 57.4767834, -20.2408027 ], [ 57.476837, -20.2410241 ], [ 57.4769282, -20.2411097 ], [ 57.4769872, -20.2411449 ], [ 57.477116, -20.2411902 ], [ 57.477234, -20.2412104 ], [ 57.4777865, -20.2412053 ], [ 57.4785912, -20.2410896 ], [ 57.4789667, -20.2410996 ], [ 57.4794441, -20.2412104 ], [ 57.4796373, -20.2413463 ], [ 57.479766, -20.2415375 ], [ 57.4798679, -20.241759 ], [ 57.479919, -20.2418428 ], [ 57.4800396, -20.2420408 ], [ 57.4802273, -20.2428814 ], [ 57.4803293, -20.2432538 ], [ 57.4803454, -20.2433746 ], [ 57.4803454, -20.2437241 ], [ 57.4798116, -20.2443133 ], [ 57.4786361, -20.2455018 ], [ 57.4779015, -20.2463042 ], [ 57.4776095, -20.2466373 ], [ 57.4774371, -20.2468262 ], [ 57.4770789, -20.2472291 ], [ 57.4759103, -20.2485435 ], [ 57.4758756, -20.2485804 ], [ 57.4758522, -20.2486053 ], [ 57.4754596, -20.249023 ], [ 57.4749809, -20.2495727 ], [ 57.4746831, -20.2498904 ], [ 57.4739456, -20.2507101 ], [ 57.4733615, -20.251395 ], [ 57.4729541, -20.2518636 ], [ 57.4728241, -20.2520081 ], [ 57.4725971, -20.252278 ], [ 57.4725323, -20.2523549 ], [ 57.4717363, -20.2532733 ], [ 57.4717123, -20.2533028 ], [ 57.4713789, -20.2536808 ], [ 57.4708046, -20.2543265 ], [ 57.4701337, -20.2550839 ], [ 57.4700613, -20.2551707 ], [ 57.4699961, -20.2552462 ], [ 57.469626, -20.2556635 ], [ 57.4690537, -20.256323 ], [ 57.4689515, -20.256442 ], [ 57.4686026, -20.2568246 ], [ 57.4682614, -20.2572006 ], [ 57.4681766, -20.2572929 ], [ 57.4676941, -20.2578191 ], [ 57.4673019, -20.2582606 ], [ 57.4671836, -20.2583988 ], [ 57.4670115, -20.2585894 ], [ 57.4667552, -20.258881 ], [ 57.4667107, -20.2589312 ], [ 57.4666083, -20.2590467 ], [ 57.4661225, -20.2596011 ], [ 57.4661148, -20.2596108 ], [ 57.4659999, -20.259743 ], [ 57.4659578, -20.2597941 ], [ 57.4653302, -20.2604899 ], [ 57.4651821, -20.26064 ], [ 57.4651502, -20.2606763 ], [ 57.4648719, -20.2609932 ], [ 57.4644114, -20.2615063 ], [ 57.4642701, -20.2616841 ], [ 57.46407, -20.2619038 ], [ 57.4636238, -20.262394 ], [ 57.4635424, -20.2624756 ], [ 57.4625669, -20.2635489 ], [ 57.4563968, -20.265257 ], [ 57.456261, -20.2649212 ], [ 57.4560282, -20.2646193 ], [ 57.4556711, -20.2642944 ], [ 57.4553523, -20.2640283 ], [ 57.454984, -20.2636591 ], [ 57.4546503, -20.2631174 ], [ 57.4542475, -20.2621065 ], [ 57.4537003, -20.2612913 ], [ 57.4534428, -20.2608283 ], [ 57.4531531, -20.2604861 ], [ 57.4529171, -20.2602646 ], [ 57.4526274, -20.2600432 ], [ 57.4523485, -20.2598218 ], [ 57.4521339, -20.2595299 ], [ 57.4514592, -20.2544381 ], [ 57.4504548, -20.2468574 ], [ 57.4504185, -20.2465612 ], [ 57.4505636, -20.2460563 ], [ 57.4500765, -20.2424284 ], [ 57.4494367, -20.2405173 ], [ 57.4493417, -20.2398615 ], [ 57.449328, -20.239753 ], [ 57.4491727, -20.2388423 ], [ 57.4491028, -20.2383986 ], [ 57.4489058, -20.2371448 ], [ 57.4488736, -20.2368654 ], [ 57.4488792, -20.2368166 ], [ 57.4489054, -20.2367761 ], [ 57.44895, -20.2367429 ], [ 57.449007, -20.2367197 ], [ 57.4491863, -20.2366972 ], [ 57.4491559, -20.2362092 ], [ 57.4491259, -20.2359988 ], [ 57.4482473, -20.2291049 ], [ 57.4481567, -20.2282046 ], [ 57.4481609, -20.2277564 ], [ 57.4484522, -20.220902 ] ] ] } },
{ "type": "Feature", "properties": { "element": "relation", "id": 13476461, "admin_level": "8", "border_type": null, "boundary": "administrative", "maritime": null, "note": null, "type": "boundary", "ISO3166-1": null, "ISO3166-1:alpha2": null, "ISO3166-1:alpha3": null, "ISO3166-1:numeric": null, "driving_side": null, "flag": null, "name": "St. Pierre VCA", "name:ab": null, "name:af": null, "name:als": null, "name:am": null, "name:ami": null, "name:an": null, "name:ang": null, "name:ar": null, "name:ary": null, "name:arz": null, "name:ast": null, "name:avk": null, "name:az": null, "name:azb": null, "name:ba": null, "name:ban": null, "name:bar": null, "name:bcl": null, "name:be": null, "name:be-tarask": null, "name:bg": null, "name:bi": null, "name:bjn": null, "name:bn": null, "name:bo": null, "name:bpy": null, "name:br": null, "name:bs": null, "name:bxr": null, "name:ca": null, "name:cbk": null, "name:cdo": null, "name:ce": null, "name:ceb": null, "name:ckb": null, "name:crh": null, "name:cs": null, "name:cv": null, "name:cy": null, "name:da": null, "name:dag": null, "name:de": null, "name:diq": null, "name:dty": null, "name:dv": null, "name:ee": null, "name:el": null, "name:en": null, "name:eo": null, "name:es": null, "name:et": null, "name:eu": null, "name:ext": null, "name:fa": null, "name:ff": null, "name:fi": null, "name:fo": null, "name:fr": null, "name:frp": null, "name:frr": null, "name:fy": null, "name:ga": null, "name:gag": null, "name:gcr": null, "name:gd": null, "name:gl": null, "name:gn": null, "name:grc": null, "name:gu": null, "name:gv": null, "name:ha": null, "name:hak": null, "name:haw": null, "name:he": null, "name:hi": null, "name:hif": null, "name:hr": null, "name:hsb": null, "name:ht": null, "name:hu": null, "name:hy": null, "name:ia": null, "name:id": null, "name:ie": null, "name:ig": null, "name:ilo": null, "name:io": null, "name:is": null, "name:it": null, "name:ja": null, "name:jam": null, "name:jv": null, "name:ka": null, "name:kg": null, "name:ki": null, "name:kk": null, "name:kn": null, "name:ko": null, "name:ku": null, "name:kw": null, "name:ky": null, "name:la": null, "name:lad": null, "name:lb": null, "name:lfn": null, "name:lg": null, "name:li": null, "name:lij": null, "name:lld": null, "name:lmo": null, "name:ln": null, "name:lt": null, "name:lv": null, "name:mfe": null, "name:mg": null, "name:mhr": null, "name:mi": null, "name:min": null, "name:mk": null, "name:ml": null, "name:mn": null, "name:mr": null, "name:mrj": null, "name:ms": null, "name:mt": null, "name:my": null, "name:mzn": null, "name:na": null, "name:nah": null, "name:nan": null, "name:nds": null, "name:nds-NL": null, "name:ne": null, "name:nl": null, "name:nn": null, "name:no": null, "name:nov": null, "name:nso": null, "name:oc": null, "name:olo": null, "name:om": null, "name:or": null, "name:os": null, "name:pa": null, "name:pam": null, "name:pi": null, "name:pih": null, "name:pl": null, "name:pms": null, "name:pnb": null, "name:ps": null, "name:pt": null, "name:qu": null, "name:ro": null, "name:ru": null, "name:rw": null, "name:sa": null, "name:sah": null, "name:sc": null, "name:scn": null, "name:sco": null, "name:sd": null, "name:se": null, "name:sg": null, "name:sgs": null, "name:sh": null, "name:shn": null, "name:si": null, "name:simple": null, "name:sk": null, "name:sl": null, "name:sm": null, "name:smn": null, "name:sms": null, "name:sn": null, "name:so": null, "name:sq": null, "name:sr": null, "name:ss": null, "name:st": null, "name:stq": null, "name:su": null, "name:sv": null, "name:sw": null, "name:szl": null, "name:szy": null, "name:ta": null, "name:tay": null, "name:te": null, "name:tg": null, "name:th": null, "name:tk": null, "name:tl": null, "name:tr": null, "name:trv": null, "name:ts": null, "name:tt": null, "name:tzl": null, "name:udm": null, "name:ug": null, "name:uk": null, "name:ur": null, "name:uz": null, "name:vec": null, "name:vep": null, "name:vi": null, "name:vo": null, "name:vro": null, "name:war": null, "name:wo": null, "name:wuu": null, "name:xal": null, "name:xmf": null, "name:yi": null, "name:yo": null, "name:yue": null, "name:za": null, "name:zea": null, "name:zh": null, "name:zh-Hans": null, "name:zh-Hant": null, "name:zh-Hant-CN": null, "name:zh-Hant-TW": null, "name:zu": null, "official_name": null, "official_name:ca": null, "official_name:cs": null, "official_name:de": null, "official_name:fr": null, "official_name:sr": null, "official_name:xmf": null, "population": null, "timezone": null, "wikidata": null, "wikipedia": null, "wikipedia:xmf": null, "ISO3166-2": null, "official_name:ar": null, "official_name:fa": null, "official_name:ur": null, "alt_name:en": null, "code": "1814" }, "geometry": { "type": "Polygon", "coordinates": [ [ [ 57.5151092, -20.2089375 ], [ 57.5152248, -20.2087684 ], [ 57.5155091, -20.208562 ], [ 57.5156593, -20.2084966 ], [ 57.5160241, -20.2078975 ], [ 57.5164586, -20.2075401 ], [ 57.5168341, -20.2073588 ], [ 57.5175422, -20.2071575 ], [ 57.518025, -20.2068957 ], [ 57.518363, -20.2067195 ], [ 57.5187385, -20.2064476 ], [ 57.5190335, -20.2062211 ], [ 57.5194198, -20.2059392 ], [ 57.519865, -20.2055666 ], [ 57.5203907, -20.2052646 ], [ 57.5208628, -20.2049575 ], [ 57.5213939, -20.2046957 ], [ 57.5216836, -20.2045396 ], [ 57.5219089, -20.2044037 ], [ 57.5223112, -20.2041369 ], [ 57.5226921, -20.2038348 ], [ 57.5230354, -20.2035781 ], [ 57.5232768, -20.2030948 ], [ 57.5232017, -20.2028733 ], [ 57.5231534, -20.2026115 ], [ 57.5231427, -20.2023145 ], [ 57.5231802, -20.2020124 ], [ 57.5232875, -20.2017305 ], [ 57.5233996, -20.2016223 ], [ 57.5235934, -20.2015106 ], [ 57.5239273, -20.2013944 ], [ 57.5241952, -20.2012973 ], [ 57.5247888, -20.2010912 ], [ 57.5252604, -20.2009463 ], [ 57.5256181, -20.2007936 ], [ 57.5258377, -20.2006639 ], [ 57.5261629, -20.2005571 ], [ 57.5264475, -20.2004579 ], [ 57.5268337, -20.2003472 ], [ 57.5282635, -20.1997301 ], [ 57.5284465, -20.1995393 ], [ 57.5285644, -20.1993562 ], [ 57.5286498, -20.199112 ], [ 57.5286823, -20.1988449 ], [ 57.5287026, -20.198532 ], [ 57.5287404, -20.1980007 ], [ 57.5337133, -20.2067547 ], [ 57.5338344, -20.2067696 ], [ 57.5341318, -20.2068008 ], [ 57.5342751, -20.2068181 ], [ 57.5343968, -20.2068225 ], [ 57.534537, -20.2068413 ], [ 57.534671, -20.2068572 ], [ 57.5348235, -20.2068731 ], [ 57.5349714, -20.2068962 ], [ 57.5350577, -20.2069164 ], [ 57.5351532, -20.2070495 ], [ 57.5352071, -20.2071116 ], [ 57.5353303, -20.2071131 ], [ 57.5355568, -20.2070567 ], [ 57.5357417, -20.2070046 ], [ 57.5359234, -20.2069757 ], [ 57.5361622, -20.206941 ], [ 57.5363532, -20.2069627 ], [ 57.5364565, -20.2070205 ], [ 57.5365443, -20.2071217 ], [ 57.5365874, -20.2072056 ], [ 57.5367137, -20.2074123 ], [ 57.5368108, -20.2074702 ], [ 57.537011, -20.2075048 ], [ 57.5371759, -20.2074918 ], [ 57.5373192, -20.207447 ], [ 57.5374439, -20.2074239 ], [ 57.5375518, -20.2074282 ], [ 57.5377027, -20.2075164 ], [ 57.5377674, -20.2076046 ], [ 57.5378321, -20.2076393 ], [ 57.5379138, -20.2076089 ], [ 57.5379646, -20.2075424 ], [ 57.538017, -20.207515 ], [ 57.5380863, -20.2075063 ], [ 57.5381587, -20.2074788 ], [ 57.5382014, -20.2074393 ], [ 57.5383282, -20.2073343 ], [ 57.5384468, -20.2072099 ], [ 57.5385331, -20.2071131 ], [ 57.5386779, -20.2069786 ], [ 57.5387796, -20.2068832 ], [ 57.5388859, -20.2067675 ], [ 57.5389506, -20.2066548 ], [ 57.5389783, -20.2065406 ], [ 57.5389691, -20.2064538 ], [ 57.5389737, -20.206396 ], [ 57.5390091, -20.2063656 ], [ 57.539063, -20.2063338 ], [ 57.5390954, -20.2062746 ], [ 57.5391709, -20.2062297 ], [ 57.5392571, -20.2062124 ], [ 57.5393234, -20.2062399 ], [ 57.5393773, -20.2062774 ], [ 57.5394173, -20.2063396 ], [ 57.5394374, -20.2064191 ], [ 57.5394405, -20.2065145 ], [ 57.5394482, -20.2065738 ], [ 57.5395267, -20.2066447 ], [ 57.5396715, -20.2066909 ], [ 57.5397732, -20.2067545 ], [ 57.5399442, -20.2069121 ], [ 57.5400166, -20.2070032 ], [ 57.5400135, -20.2070668 ], [ 57.5400336, -20.2071217 ], [ 57.5400798, -20.2071492 ], [ 57.5401984, -20.2071347 ], [ 57.5403201, -20.2071347 ], [ 57.5404295, -20.2071478 ], [ 57.540505, -20.2071333 ], [ 57.540565, -20.2070668 ], [ 57.5406422, -20.206917 ], [ 57.5406368, -20.2068012 ], [ 57.5406958, -20.2067647 ], [ 57.5407964, -20.2067848 ], [ 57.5409064, -20.206849 ], [ 57.5410217, -20.2070151 ], [ 57.5410955, -20.207112 ], [ 57.5411035, -20.2072077 ], [ 57.540952, -20.2072744 ], [ 57.540897, -20.2073914 ], [ 57.5408702, -20.2075274 ], [ 57.5409748, -20.2076331 ], [ 57.5411276, -20.207696 ], [ 57.5414549, -20.2076922 ], [ 57.5416386, -20.2076985 ], [ 57.5418666, -20.2077866 ], [ 57.542045, -20.2078357 ], [ 57.542277, -20.2078068 ], [ 57.5424567, -20.2078546 ], [ 57.5426391, -20.2080119 ], [ 57.5427745, -20.2081856 ], [ 57.542804, -20.2082989 ], [ 57.5427839, -20.2086173 ], [ 57.542792, -20.2087091 ], [ 57.5428751, -20.2087809 ], [ 57.5430173, -20.2088639 ], [ 57.5431393, -20.2089042 ], [ 57.5432654, -20.208879 ], [ 57.5432855, -20.2087834 ], [ 57.5432399, -20.2086387 ], [ 57.5431514, -20.2084499 ], [ 57.5431876, -20.2083857 ], [ 57.543382, -20.2083328 ], [ 57.5434478, -20.2083568 ], [ 57.5435872, -20.2084549 ], [ 57.5436597, -20.2084751 ], [ 57.5437361, -20.2084776 ], [ 57.5438367, -20.2083781 ], [ 57.5439237, -20.2082158 ], [ 57.5439628, -20.2079591 ], [ 57.5439694, -20.207735 ], [ 57.5439332, -20.2075639 ], [ 57.5439547, -20.2074342 ], [ 57.544243, -20.2072631 ], [ 57.5445569, -20.2071422 ], [ 57.5447889, -20.2071322 ], [ 57.5450182, -20.2071888 ], [ 57.5453199, -20.2073663 ], [ 57.5455788, -20.2077615 ], [ 57.5458926, -20.2079414 ], [ 57.5462896, -20.2080333 ], [ 57.5464264, -20.2082265 ], [ 57.5466117, -20.2082108 ], [ 57.5466842, -20.208288 ], [ 57.546675, -20.2086178 ], [ 57.5466847, -20.2087753 ], [ 57.5467645, -20.2088014 ], [ 57.5472604, -20.2084067 ], [ 57.547374, -20.2084463 ], [ 57.5474487, -20.2087219 ], [ 57.5477971, -20.2090233 ], [ 57.5476943, -20.2091439 ], [ 57.5472893, -20.2093327 ], [ 57.5470511, -20.2095842 ], [ 57.5470693, -20.2097102 ], [ 57.5473778, -20.2098159 ], [ 57.5475118, -20.2100688 ], [ 57.5477963, -20.2100372 ], [ 57.5478981, -20.2100827 ], [ 57.547882, -20.2102262 ], [ 57.5479741, -20.2103208 ], [ 57.5482414, -20.2103747 ], [ 57.54833, -20.2105232 ], [ 57.5484614, -20.2105736 ], [ 57.5486278, -20.2107007 ], [ 57.5488664, -20.2105937 ], [ 57.5491204, -20.2103435 ], [ 57.5495332, -20.2105768 ], [ 57.5497134, -20.2109073 ], [ 57.5499817, -20.2110357 ], [ 57.5500854, -20.2106598 ], [ 57.5502392, -20.2107064 ], [ 57.5502801, -20.2107398 ], [ 57.5501887, -20.2109337 ], [ 57.5501623, -20.2110026 ], [ 57.5501478, -20.2111401 ], [ 57.5501432, -20.2115391 ], [ 57.550115, -20.2116568 ], [ 57.550058, -20.2117587 ], [ 57.549826, -20.2120205 ], [ 57.5493814, -20.2125472 ], [ 57.5490515, -20.2129461 ], [ 57.5487471, -20.2132891 ], [ 57.5486364, -20.2134162 ], [ 57.5484876, -20.2135968 ], [ 57.5482227, -20.2138988 ], [ 57.548051, -20.2140942 ], [ 57.5471465, -20.215134 ], [ 57.546726, -20.2156148 ], [ 57.5464363, -20.2159439 ], [ 57.5462607, -20.2161465 ], [ 57.5450931, -20.2175077 ], [ 57.5468622, -20.2192863 ], [ 57.5475349, -20.2199626 ], [ 57.548123, -20.2205538 ], [ 57.5483513, -20.2207833 ], [ 57.5481544, -20.2210029 ], [ 57.5476807, -20.2215867 ], [ 57.5471433, -20.222214 ], [ 57.5467625, -20.2226699 ], [ 57.547466, -20.2231262 ], [ 57.5467076, -20.2241875 ], [ 57.5444787, -20.2266765 ], [ 57.5444179, -20.2267561 ], [ 57.5444268, -20.2268355 ], [ 57.5444109, -20.2269052 ], [ 57.5443543, -20.2269567 ], [ 57.5442852, -20.2269799 ], [ 57.5442251, -20.2269916 ], [ 57.5441154, -20.2270065 ], [ 57.5437544, -20.2273652 ], [ 57.5436907, -20.2275279 ], [ 57.5436535, -20.2276823 ], [ 57.5436411, -20.2278218 ], [ 57.5435562, -20.2279596 ], [ 57.5423027, -20.2289946 ], [ 57.5408816, -20.2280255 ], [ 57.5406332, -20.2279178 ], [ 57.540362, -20.2277919 ], [ 57.5401621, -20.2277089 ], [ 57.5399037, -20.2276109 ], [ 57.5396701, -20.2275412 ], [ 57.5394312, -20.2274797 ], [ 57.5391357, -20.2274233 ], [ 57.5389057, -20.2273718 ], [ 57.5386703, -20.2273336 ], [ 57.5384505, -20.2273257 ], [ 57.5389632, -20.2293804 ], [ 57.5393715, -20.2309558 ], [ 57.5408748, -20.2366069 ], [ 57.541035, -20.2371725 ], [ 57.5411886, -20.2377111 ], [ 57.5412885, -20.2381225 ], [ 57.5413542, -20.2384245 ], [ 57.541567, -20.2392839 ], [ 57.5412378, -20.2392549 ], [ 57.5406052, -20.2393923 ], [ 57.5393906, -20.2403516 ], [ 57.539057, -20.2403433 ], [ 57.5383609, -20.2400919 ], [ 57.5373497, -20.240326 ], [ 57.5367612, -20.2406017 ], [ 57.536737, -20.2408502 ], [ 57.5368256, -20.2409408 ], [ 57.536965, -20.2409634 ], [ 57.5374709, -20.2417022 ], [ 57.5369185, -20.2419573 ], [ 57.5365305, -20.2417716 ], [ 57.5371263, -20.2422474 ], [ 57.5381374, -20.242341 ], [ 57.53857, -20.2425107 ], [ 57.539379, -20.2428569 ], [ 57.5395845, -20.243032 ], [ 57.5395946, -20.2436549 ], [ 57.5402738, -20.2449627 ], [ 57.5409761, -20.2450127 ], [ 57.5408769, -20.2444966 ], [ 57.5416555, -20.2444624 ], [ 57.5424438, -20.2445823 ], [ 57.5421776, -20.2451501 ], [ 57.5425086, -20.2452668 ], [ 57.542883, -20.245301 ], [ 57.5432087, -20.2451788 ], [ 57.5435732, -20.2451218 ], [ 57.5437369, -20.2451821 ], [ 57.5437805, -20.2452857 ], [ 57.5435706, -20.2454361 ], [ 57.5433857, -20.2455467 ], [ 57.5432625, -20.2456017 ], [ 57.543167, -20.245619 ], [ 57.5430699, -20.2456522 ], [ 57.5430253, -20.2456985 ], [ 57.5429929, -20.2457881 ], [ 57.5429837, -20.2458835 ], [ 57.5429929, -20.2461538 ], [ 57.5429914, -20.2465296 ], [ 57.542976, -20.2467941 ], [ 57.5429563, -20.2471649 ], [ 57.5429529, -20.2472522 ], [ 57.5429359, -20.2473491 ], [ 57.5429066, -20.2474502 ], [ 57.5428496, -20.2475717 ], [ 57.5428111, -20.2476902 ], [ 57.5427833, -20.2478464 ], [ 57.542344, -20.2477861 ], [ 57.5416814, -20.2477671 ], [ 57.5415088, -20.2477663 ], [ 57.541029, -20.2477642 ], [ 57.5405452, -20.247762 ], [ 57.5403797, -20.2477631 ], [ 57.5396329, -20.2477678 ], [ 57.5391887, -20.2477674 ], [ 57.5390546, -20.2477585 ], [ 57.5390279, -20.2501573 ], [ 57.539055, -20.251992 ], [ 57.5388751, -20.2521432 ], [ 57.5388612, -20.2525392 ], [ 57.5391231, -20.2531284 ], [ 57.5391391, -20.2533776 ], [ 57.5391396, -20.253621 ], [ 57.5391503, -20.2544503 ], [ 57.5391442, -20.2551916 ], [ 57.539158, -20.2564497 ], [ 57.5391662, -20.2581984 ], [ 57.5391503, -20.259739 ], [ 57.5391473, -20.2604973 ], [ 57.5391466, -20.2606835 ], [ 57.5391758, -20.2620954 ], [ 57.5391823, -20.2648874 ], [ 57.5391824, -20.2651409 ], [ 57.539037, -20.2648838 ], [ 57.5389659, -20.2648647 ], [ 57.5388765, -20.2648438 ], [ 57.538726, -20.2648399 ], [ 57.5386183, -20.2648438 ], [ 57.5381487, -20.2648457 ], [ 57.5380288, -20.2648457 ], [ 57.5378052, -20.2648457 ], [ 57.5377564, -20.2647656 ], [ 57.5377361, -20.2646874 ], [ 57.5377056, -20.2646187 ], [ 57.5376588, -20.2645692 ], [ 57.5375613, -20.2644814 ], [ 57.5373986, -20.2643054 ], [ 57.5373007, -20.2642529 ], [ 57.5372592, -20.2642227 ], [ 57.5372256, -20.2641786 ], [ 57.5372002, -20.2641057 ], [ 57.5371867, -20.2640314 ], [ 57.5371733, -20.2639371 ], [ 57.5371358, -20.2638452 ], [ 57.5370298, -20.2636427 ], [ 57.5368749, -20.263529 ], [ 57.5366422, -20.2634528 ], [ 57.536548, -20.2634523 ], [ 57.5362234, -20.2634611 ], [ 57.536095, -20.2634655 ], [ 57.5351633, -20.263483 ], [ 57.5349751, -20.2635033 ], [ 57.5348841, -20.2635199 ], [ 57.534764, -20.2635509 ], [ 57.5346052, -20.2635881 ], [ 57.5339234, -20.2637787 ], [ 57.5333, -20.2639802 ], [ 57.5332369, -20.2640065 ], [ 57.5331786, -20.264035 ], [ 57.5323922, -20.2645816 ], [ 57.532357, -20.2645935 ], [ 57.532331, -20.2646016 ], [ 57.5322619, -20.2646054 ], [ 57.5321644, -20.2646054 ], [ 57.5321217, -20.264634 ], [ 57.5320485, -20.2647427 ], [ 57.5319774, -20.2646512 ], [ 57.531886, -20.2645212 ], [ 57.5318346, -20.2644615 ], [ 57.5316538, -20.2643212 ], [ 57.5315959, -20.2641887 ], [ 57.5315363, -20.2641249 ], [ 57.5314366, -20.2640943 ], [ 57.5313309, -20.2640581 ], [ 57.5312151, -20.2640142 ], [ 57.5310464, -20.2639761 ], [ 57.5309, -20.263978 ], [ 57.5307902, -20.2639761 ], [ 57.5306236, -20.2639666 ], [ 57.5304589, -20.2639952 ], [ 57.5302412, -20.2640978 ], [ 57.529877, -20.2643483 ], [ 57.5297644, -20.264416 ], [ 57.5296504, -20.2644421 ], [ 57.5295333, -20.2644305 ], [ 57.5294317, -20.2643843 ], [ 57.5294317, -20.2642889 ], [ 57.5294964, -20.2641762 ], [ 57.5295087, -20.2640692 ], [ 57.5294686, -20.2639363 ], [ 57.5294101, -20.2637484 ], [ 57.5293762, -20.2635865 ], [ 57.5293731, -20.2634073 ], [ 57.5293546, -20.2632194 ], [ 57.5293177, -20.2631096 ], [ 57.5292437, -20.2629795 ], [ 57.5291759, -20.2628928 ], [ 57.5290958, -20.2627801 ], [ 57.5289339, -20.2626996 ], [ 57.5288213, -20.2627096 ], [ 57.528714, -20.2627398 ], [ 57.5286174, -20.2628002 ], [ 57.5283224, -20.2631424 ], [ 57.5282258, -20.2631978 ], [ 57.5279147, -20.2633236 ], [ 57.5277645, -20.2631877 ], [ 57.5277001, -20.2628656 ], [ 57.5276143, -20.2626643 ], [ 57.5275821, -20.2625586 ], [ 57.5275606, -20.262458 ], [ 57.5275499, -20.2623423 ], [ 57.5275499, -20.2622366 ], [ 57.5275053, -20.2620215 ], [ 57.5274952, -20.2619242 ], [ 57.5274322, -20.2617431 ], [ 57.527422, -20.2616516 ], [ 57.5274139, -20.2615562 ], [ 57.5273813, -20.2613255 ], [ 57.5273041, -20.2610852 ], [ 57.5271923, -20.2607763 ], [ 57.5271638, -20.2606409 ], [ 57.5271415, -20.2605436 ], [ 57.527176, -20.2603739 ], [ 57.5271008, -20.2600726 ], [ 57.5270642, -20.2598991 ], [ 57.5270561, -20.2598056 ], [ 57.5270541, -20.259716 ], [ 57.5271333, -20.259592 ], [ 57.527235, -20.2595253 ], [ 57.5273407, -20.2594872 ], [ 57.527483, -20.259449 ], [ 57.5276293, -20.2593632 ], [ 57.5277716, -20.2592888 ], [ 57.527859, -20.2592335 ], [ 57.5279139, -20.2591725 ], [ 57.5279308, -20.2591095 ], [ 57.5279038, -20.2590047 ], [ 57.5278306, -20.2589189 ], [ 57.5277371, -20.2588598 ], [ 57.5276273, -20.2588273 ], [ 57.5274911, -20.2588121 ], [ 57.5273712, -20.2587663 ], [ 57.5270134, -20.2585222 ], [ 57.5268162, -20.2582667 ], [ 57.5267431, -20.2581046 ], [ 57.5267187, -20.2580092 ], [ 57.5267187, -20.2579425 ], [ 57.5267634, -20.2578738 ], [ 57.526861, -20.2578395 ], [ 57.5269598, -20.2578363 ], [ 57.5271618, -20.257809 ], [ 57.5273387, -20.257767 ], [ 57.5275175, -20.257706 ], [ 57.5276766, -20.2576794 ], [ 57.5277859, -20.2576551 ], [ 57.527802, -20.2574991 ], [ 57.5277162, -20.2573028 ], [ 57.5277108, -20.2571921 ], [ 57.5277216, -20.2569857 ], [ 57.5277427, -20.2568955 ], [ 57.5277591, -20.2567844 ], [ 57.5278074, -20.2563667 ], [ 57.527802, -20.2559339 ], [ 57.5277987, -20.2559097 ], [ 57.5277484, -20.2556118 ], [ 57.5276786, -20.2554055 ], [ 57.5276465, -20.2551891 ], [ 57.527566, -20.2549928 ], [ 57.5274909, -20.2549073 ], [ 57.5273782, -20.254872 ], [ 57.5271315, -20.2548569 ], [ 57.5270134, -20.254867 ], [ 57.5269008, -20.2548972 ], [ 57.5266701, -20.2549274 ], [ 57.5260854, -20.2550331 ], [ 57.5259728, -20.255018 ], [ 57.5258816, -20.2549576 ], [ 57.525844, -20.2548569 ], [ 57.5258923, -20.2547663 ], [ 57.5259298, -20.2546607 ], [ 57.5259835, -20.2544593 ], [ 57.5260586, -20.2541322 ], [ 57.5260854, -20.2539309 ], [ 57.5261176, -20.2538303 ], [ 57.5261927, -20.2537497 ], [ 57.5263429, -20.2535132 ], [ 57.526359, -20.2532062 ], [ 57.5263965, -20.2531005 ], [ 57.5263965, -20.2528942 ], [ 57.5263536, -20.2527834 ], [ 57.5262732, -20.2527029 ], [ 57.5261712, -20.2526325 ], [ 57.5259459, -20.2525318 ], [ 57.5256616, -20.2523154 ], [ 57.5254631, -20.2522047 ], [ 57.5252807, -20.2520738 ], [ 57.525211, -20.2519832 ], [ 57.525034, -20.2517014 ], [ 57.5249374, -20.2516511 ], [ 57.5248248, -20.2516309 ], [ 57.5247067, -20.251636 ], [ 57.5244868, -20.2516762 ], [ 57.5243742, -20.2517115 ], [ 57.5242481, -20.2517028 ], [ 57.5239937, -20.2514308 ], [ 57.5239906, -20.2507834 ], [ 57.5238437, -20.2496487 ], [ 57.524162, -20.2483498 ], [ 57.5241656, -20.2479087 ], [ 57.523396, -20.247878 ], [ 57.5228281, -20.2476873 ], [ 57.5224199, -20.2471912 ], [ 57.522045, -20.2469589 ], [ 57.5207883, -20.2467817 ], [ 57.5211027, -20.2422381 ], [ 57.5212327, -20.2422073 ], [ 57.5213813, -20.2421011 ], [ 57.5215087, -20.2420015 ], [ 57.5216397, -20.2418719 ], [ 57.5217431, -20.2417489 ], [ 57.521845, -20.2415432 ], [ 57.5219193, -20.2413506 ], [ 57.5220609, -20.2410418 ], [ 57.5221953, -20.240733 ], [ 57.5222626, -20.2405005 ], [ 57.5223617, -20.2403312 ], [ 57.5224856, -20.2401685 ], [ 57.5226236, -20.240039 ], [ 57.5229421, -20.2398663 ], [ 57.5232323, -20.2397633 ], [ 57.5235225, -20.2397567 ], [ 57.5237243, -20.2398165 ], [ 57.5238588, -20.2399294 ], [ 57.5239472, -20.2400556 ], [ 57.5239826, -20.2402349 ], [ 57.5239048, -20.2404076 ], [ 57.5237455, -20.240547 ], [ 57.5235261, -20.2406566 ], [ 57.5233385, -20.240816 ], [ 57.5231757, -20.2409555 ], [ 57.5230412, -20.2410385 ], [ 57.5229527, -20.2412145 ], [ 57.5229952, -20.2413905 ], [ 57.5230164, -20.2415532 ], [ 57.5230766, -20.2417126 ], [ 57.5231438, -20.2418587 ], [ 57.52325, -20.241935 ], [ 57.5234234, -20.2419018 ], [ 57.5235721, -20.2416727 ], [ 57.52365, -20.2414668 ], [ 57.5236924, -20.2411979 ], [ 57.5237278, -20.2410152 ], [ 57.5238517, -20.2408724 ], [ 57.5240216, -20.240806 ], [ 57.5242021, -20.2408093 ], [ 57.5243543, -20.2408724 ], [ 57.5244746, -20.2409721 ], [ 57.5245843, -20.2411879 ], [ 57.5246445, -20.2413938 ], [ 57.5247436, -20.2415731 ], [ 57.5248781, -20.2417657 ], [ 57.5250586, -20.2419616 ], [ 57.5252214, -20.2420479 ], [ 57.5254726, -20.2421343 ], [ 57.5257416, -20.2421841 ], [ 57.5260283, -20.2421741 ], [ 57.5262336, -20.2421144 ], [ 57.5263787, -20.2419815 ], [ 57.5264388, -20.2418919 ], [ 57.5265627, -20.2418321 ], [ 57.526683, -20.2418487 ], [ 57.5267998, -20.2418188 ], [ 57.5269343, -20.2417491 ], [ 57.5271927, -20.2416727 ], [ 57.5273555, -20.2416627 ], [ 57.5274935, -20.2416694 ], [ 57.5277554, -20.2417358 ], [ 57.5279784, -20.2418188 ], [ 57.5281341, -20.241935 ], [ 57.5282226, -20.2420944 ], [ 57.5282661, -20.2422815 ], [ 57.5282509, -20.2424962 ], [ 57.5281907, -20.242649 ], [ 57.5281164, -20.2427951 ], [ 57.5280563, -20.242908 ], [ 57.5280173, -20.2430142 ], [ 57.5280127, -20.2431613 ], [ 57.5282813, -20.2434171 ], [ 57.5284208, -20.2433563 ], [ 57.5285907, -20.2432334 ], [ 57.5287747, -20.2430806 ], [ 57.5291835, -20.2427666 ], [ 57.5297309, -20.242039 ], [ 57.5302093, -20.2417896 ], [ 57.530683, -20.2417775 ], [ 57.5310993, -20.2419406 ], [ 57.531211, -20.2425234 ], [ 57.5312592, -20.2426058 ], [ 57.5313371, -20.2426689 ], [ 57.5314256, -20.2426855 ], [ 57.5315211, -20.2426689 ], [ 57.5316053, -20.2426412 ], [ 57.531737, -20.2425228 ], [ 57.5318715, -20.2424298 ], [ 57.5320202, -20.2423601 ], [ 57.5322608, -20.242287 ], [ 57.5324185, -20.2422142 ], [ 57.5330831, -20.2420759 ], [ 57.5331883, -20.2420662 ], [ 57.5331785, -20.2420289 ], [ 57.5331765, -20.2420185 ], [ 57.5331715, -20.2420081 ], [ 57.533167, -20.2420035 ], [ 57.533152, -20.2419921 ], [ 57.5331212, -20.2419782 ], [ 57.533091, -20.2419694 ], [ 57.5328822, -20.2419341 ], [ 57.5324475, -20.2418655 ], [ 57.5321053, -20.2418357 ], [ 57.5320316, -20.2418185 ], [ 57.5318424, -20.2417514 ], [ 57.531767, -20.2417096 ], [ 57.5314244, -20.2415283 ], [ 57.5312956, -20.241446 ], [ 57.5304681, -20.2409075 ], [ 57.5301784, -20.2407258 ], [ 57.5301017, -20.2406467 ], [ 57.5300641, -20.2405611 ], [ 57.5300561, -20.2404692 ], [ 57.5300534, -20.2403686 ], [ 57.5300547, -20.2402125 ], [ 57.5300427, -20.2400666 ], [ 57.5299971, -20.2397382 ], [ 57.529934, -20.2395092 ], [ 57.5298831, -20.2393393 ], [ 57.5296873, -20.2387504 ], [ 57.5296323, -20.2385919 ], [ 57.5295733, -20.2383729 ], [ 57.5295431, -20.2381944 ], [ 57.5295227, -20.2380868 ], [ 57.529229, -20.2369918 ], [ 57.5288073, -20.2353919 ], [ 57.5283737, -20.2338239 ], [ 57.5280822, -20.2326809 ], [ 57.5280255, -20.2324472 ], [ 57.5277986, -20.2316274 ], [ 57.5277641, -20.2314886 ], [ 57.5273145, -20.2298502 ], [ 57.5271208, -20.2290757 ], [ 57.5268053, -20.2278112 ], [ 57.5267751, -20.2276904 ], [ 57.5266695, -20.2271971 ], [ 57.5264965, -20.2264501 ], [ 57.526221, -20.2253314 ], [ 57.5260399, -20.2246191 ], [ 57.5259311, -20.2241993 ], [ 57.5254229, -20.2242625 ], [ 57.525078, -20.2243045 ], [ 57.5249673, -20.2243087 ], [ 57.5248684, -20.2243015 ], [ 57.5247115, -20.2242742 ], [ 57.5243733, -20.2242047 ], [ 57.523674, -20.2240269 ], [ 57.5238508, -20.2230196 ], [ 57.5238454, -20.2229805 ], [ 57.5237878, -20.2227993 ], [ 57.5237918, -20.2227364 ], [ 57.5239336, -20.2219825 ], [ 57.5234045, -20.2216727 ], [ 57.5233763, -20.2216532 ], [ 57.5233642, -20.221628 ], [ 57.5233329, -20.221549 ], [ 57.5233352, -20.2215236 ], [ 57.5233348, -20.2214921 ], [ 57.5236105, -20.2211642 ], [ 57.5238347, -20.2208852 ], [ 57.5217525, -20.2194735 ], [ 57.5209391, -20.2189215 ], [ 57.5199794, -20.2182238 ], [ 57.5186774, -20.217329 ], [ 57.5185077, -20.217306 ], [ 57.5183466, -20.2178782 ], [ 57.5173149, -20.2176573 ], [ 57.5151092, -20.2089375 ] ] ] } },
{ "type": "Feature", "properties": { "element": "relation", "id": 15355319, "admin_level": "8", "border_type": null, "boundary": "administrative", "maritime": null, "note": null, "type": "boundary", "ISO3166-1": null, "ISO3166-1:alpha2": null, "ISO3166-1:alpha3": null, "ISO3166-1:numeric": null, "driving_side": null, "flag": null, "name": "La Laura – Malenga VCA", "name:ab": null, "name:af": null, "name:als": null, "name:am": null, "name:ami": null, "name:an": null, "name:ang": null, "name:ar": null, "name:ary": null, "name:arz": null, "name:ast": null, "name:avk": null, "name:az": null, "name:azb": null, "name:ba": null, "name:ban": null, "name:bar": null, "name:bcl": null, "name:be": null, "name:be-tarask": null, "name:bg": null, "name:bi": null, "name:bjn": null, "name:bn": null, "name:bo": null, "name:bpy": null, "name:br": null, "name:bs": null, "name:bxr": null, "name:ca": null, "name:cbk": null, "name:cdo": null, "name:ce": null, "name:ceb": null, "name:ckb": null, "name:crh": null, "name:cs": null, "name:cv": null, "name:cy": null, "name:da": null, "name:dag": null, "name:de": null, "name:diq": null, "name:dty": null, "name:dv": null, "name:ee": null, "name:el": null, "name:en": null, "name:eo": null, "name:es": null, "name:et": null, "name:eu": null, "name:ext": null, "name:fa": null, "name:ff": null, "name:fi": null, "name:fo": null, "name:fr": null, "name:frp": null, "name:frr": null, "name:fy": null, "name:ga": null, "name:gag": null, "name:gcr": null, "name:gd": null, "name:gl": null, "name:gn": null, "name:grc": null, "name:gu": null, "name:gv": null, "name:ha": null, "name:hak": null, "name:haw": null, "name:he": null, "name:hi": null, "name:hif": null, "name:hr": null, "name:hsb": null, "name:ht": null, "name:hu": null, "name:hy": null, "name:ia": null, "name:id": null, "name:ie": null, "name:ig": null, "name:ilo": null, "name:io": null, "name:is": null, "name:it": null, "name:ja": null, "name:jam": null, "name:jv": null, "name:ka": null, "name:kg": null, "name:ki": null, "name:kk": null, "name:kn": null, "name:ko": null, "name:ku": null, "name:kw": null, "name:ky": null, "name:la": null, "name:lad": null, "name:lb": null, "name:lfn": null, "name:lg": null, "name:li": null, "name:lij": null, "name:lld": null, "name:lmo": null, "name:ln": null, "name:lt": null, "name:lv": null, "name:mfe": null, "name:mg": null, "name:mhr": null, "name:mi": null, "name:min": null, "name:mk": null, "name:ml": null, "name:mn": null, "name:mr": null, "name:mrj": null, "name:ms": null, "name:mt": null, "name:my": null, "name:mzn": null, "name:na": null, "name:nah": null, "name:nan": null, "name:nds": null, "name:nds-NL": null, "name:ne": null, "name:nl": null, "name:nn": null, "name:no": null, "name:nov": null, "name:nso": null, "name:oc": null, "name:olo": null, "name:om": null, "name:or": null, "name:os": null, "name:pa": null, "name:pam": null, "name:pi": null, "name:pih": null, "name:pl": null, "name:pms": null, "name:pnb": null, "name:ps": null, "name:pt": null, "name:qu": null, "name:ro": null, "name:ru": null, "name:rw": null, "name:sa": null, "name:sah": null, "name:sc": null, "name:scn": null, "name:sco": null, "name:sd": null, "name:se": null, "name:sg": null, "name:sgs": null, "name:sh": null, "name:shn": null, "name:si": null, "name:simple": null, "name:sk": null, "name:sl": null, "name:sm": null, "name:smn": null, "name:sms": null, "name:sn": null, "name:so": null, "name:sq": null, "name:sr": null, "name:ss": null, "name:st": null, "name:stq": null, "name:su": null, "name:sv": null, "name:sw": null, "name:szl": null, "name:szy": null, "name:ta": null, "name:tay": null, "name:te": null, "name:tg": null, "name:th": null, "name:tk": null, "name:tl": null, "name:tr": null, "name:trv": null, "name:ts": null, "name:tt": null, "name:tzl": null, "name:udm": null, "name:ug": null, "name:uk": null, "name:ur": null, "name:uz": null, "name:vec": null, "name:vep": null, "name:vi": null, "name:vo": null, "name:vro": null, "name:war": null, "name:wo": null, "name:wuu": null, "name:xal": null, "name:xmf": null, "name:yi": null, "name:yo": null, "name:yue": null, "name:za": null, "name:zea": null, "name:zh": null, "name:zh-Hans": null, "name:zh-Hant": null, "name:zh-Hant-CN": null, "name:zh-Hant-TW": null, "name:zu": null, "official_name": null, "official_name:ca": null, "official_name:cs": null, "official_name:de": null, "official_name:fr": null, "official_name:sr": null, "official_name:xmf": null, "population": null, "timezone": null, "wikidata": "Q6463351", "wikipedia": null, "wikipedia:xmf": null, "ISO3166-2": null, "official_name:ar": null, "official_name:fa": null, "official_name:ur": null, "alt_name:en": null, "code": "1805" }, "geometry": { "type": "Polygon", "coordinates": [ [ [ 57.5287404, -20.1980007 ], [ 57.5290982, -20.1979702 ], [ 57.5294803, -20.1979168 ], [ 57.5297974, -20.1979855 ], [ 57.5300983, -20.198016 ], [ 57.530269, -20.1979473 ], [ 57.5304642, -20.1977871 ], [ 57.5305292, -20.1975963 ], [ 57.5305617, -20.1974284 ], [ 57.5309358, -20.1973445 ], [ 57.5313992, -20.1972911 ], [ 57.531635, -20.19723 ], [ 57.532009, -20.1971461 ], [ 57.5324806, -20.1971308 ], [ 57.5328791, -20.1971156 ], [ 57.533188, -20.1970621 ], [ 57.5336027, -20.1970469 ], [ 57.5339279, -20.1970621 ], [ 57.5342207, -20.1971308 ], [ 57.5346028, -20.1971995 ], [ 57.5349281, -20.1971919 ], [ 57.5351557, -20.1970927 ], [ 57.5354728, -20.1968485 ], [ 57.535733, -20.1965661 ], [ 57.5360095, -20.1963296 ], [ 57.5363022, -20.196032 ], [ 57.5365136, -20.1957954 ], [ 57.537034, -20.1958641 ], [ 57.537408, -20.1958641 ], [ 57.5378145, -20.1958412 ], [ 57.5381642, -20.1958488 ], [ 57.538652, -20.1958946 ], [ 57.5390586, -20.1959327 ], [ 57.5394814, -20.1960014 ], [ 57.5398147, -20.1960243 ], [ 57.5401237, -20.1960625 ], [ 57.5404002, -20.1961006 ], [ 57.5408067, -20.196154 ], [ 57.541132, -20.1961769 ], [ 57.5414491, -20.1963067 ], [ 57.5417336, -20.196444 ], [ 57.5420426, -20.1966043 ], [ 57.5422622, -20.1967569 ], [ 57.5423679, -20.1968485 ], [ 57.5426118, -20.1968714 ], [ 57.5430021, -20.1970087 ], [ 57.5433598, -20.1971308 ], [ 57.5435631, -20.1971995 ], [ 57.5438802, -20.1972758 ], [ 57.5440591, -20.1972758 ], [ 57.5442705, -20.1972148 ], [ 57.5445307, -20.1970316 ], [ 57.5447096, -20.1968943 ], [ 57.5449454, -20.1968179 ], [ 57.5451649, -20.1966959 ], [ 57.5453438, -20.1966272 ], [ 57.5455715, -20.1966043 ], [ 57.5457666, -20.1965127 ], [ 57.545913, -20.1963753 ], [ 57.5461487, -20.1962761 ], [ 57.5463683, -20.1961846 ], [ 57.5468523, -20.1961592 ], [ 57.5472166, -20.1960803 ], [ 57.5475341, -20.195905 ], [ 57.5481973, -20.1956157 ], [ 57.5488044, -20.1952738 ], [ 57.5491219, -20.19523 ], [ 57.5493928, -20.1951599 ], [ 57.549673, -20.1950459 ], [ 57.5498131, -20.1947829 ], [ 57.5501773, -20.1946777 ], [ 57.5505416, -20.1945726 ], [ 57.5512328, -20.1944411 ], [ 57.5515877, -20.194292 ], [ 57.552092, -20.1940466 ], [ 57.5524563, -20.1938012 ], [ 57.5528019, -20.1935119 ], [ 57.5532315, -20.1932489 ], [ 57.5537172, -20.1930035 ], [ 57.5542869, -20.1927142 ], [ 57.5547913, -20.1924249 ], [ 57.5550472, -20.1922805 ], [ 57.5553517, -20.1919516 ], [ 57.5556818, -20.191647 ], [ 57.5558132, -20.1920437 ], [ 57.5558559, -20.1924291 ], [ 57.5561954, -20.192948 ], [ 57.5563356, -20.1931865 ], [ 57.556671, -20.1933238 ], [ 57.5569617, -20.1935986 ], [ 57.557045, -20.1937302 ], [ 57.5574991, -20.1941094 ], [ 57.5578491, -20.1943385 ], [ 57.5583333, -20.1945261 ], [ 57.5591956, -20.1948181 ], [ 57.5595577, -20.1949578 ], [ 57.5597414, -20.1951403 ], [ 57.5602055, -20.1955028 ], [ 57.5604576, -20.1957567 ], [ 57.5611243, -20.1962175 ], [ 57.5613601, -20.1963695 ], [ 57.5618839, -20.1966087 ], [ 57.5625139, -20.1969541 ], [ 57.5628342, -20.1970671 ], [ 57.5630394, -20.1972016 ], [ 57.5635528, -20.1972844 ], [ 57.5642806, -20.1973177 ], [ 57.5646221, -20.1973073 ], [ 57.5649615, -20.1972805 ], [ 57.5654214, -20.1972935 ], [ 57.5667968, -20.1976058 ], [ 57.5669636, -20.1976789 ], [ 57.56729, -20.1977689 ], [ 57.567662, -20.1977251 ], [ 57.5677311, -20.1976583 ], [ 57.5684747, -20.1975456 ], [ 57.5680912, -20.1977193 ], [ 57.5677907, -20.1977316 ], [ 57.5625595, -20.2062323 ], [ 57.5624887, -20.2061704 ], [ 57.5623688, -20.206075 ], [ 57.5622387, -20.2059987 ], [ 57.5609723, -20.2052452 ], [ 57.5606389, -20.2049972 ], [ 57.5605434, -20.2049418 ], [ 57.5604336, -20.2048999 ], [ 57.5603218, -20.2048808 ], [ 57.5601714, -20.2048732 ], [ 57.559897, -20.2048694 ], [ 57.5597018, -20.2048636 ], [ 57.5595473, -20.2048465 ], [ 57.5593217, -20.2047988 ], [ 57.559083, -20.204756 ], [ 57.5587027, -20.2052736 ], [ 57.5585283, -20.2057475 ], [ 57.5582925, -20.2065355 ], [ 57.55805, -20.207346 ], [ 57.5578049, -20.208144 ], [ 57.556807, -20.2096188 ], [ 57.556706, -20.2097623 ], [ 57.5559681, -20.21081 ], [ 57.5555651, -20.2113936 ], [ 57.5542952, -20.210553 ], [ 57.5536922, -20.2101523 ], [ 57.5523882, -20.2092737 ], [ 57.5519228, -20.2089648 ], [ 57.5514185, -20.2086168 ], [ 57.5513233, -20.2088062 ], [ 57.5509706, -20.209488 ], [ 57.5508244, -20.2097554 ], [ 57.5504952, -20.2103957 ], [ 57.5502801, -20.2107398 ], [ 57.5502392, -20.2107064 ], [ 57.5500854, -20.2106598 ], [ 57.5499817, -20.2110357 ], [ 57.5497134, -20.2109073 ], [ 57.5495332, -20.2105768 ], [ 57.5491204, -20.2103435 ], [ 57.5488664, -20.2105937 ], [ 57.5486278, -20.2107007 ], [ 57.5484614, -20.2105736 ], [ 57.54833, -20.2105232 ], [ 57.5482414, -20.2103747 ], [ 57.5479741, -20.2103208 ], [ 57.547882, -20.2102262 ], [ 57.5478981, -20.2100827 ], [ 57.5477963, -20.2100372 ], [ 57.5475118, -20.2100688 ], [ 57.5473778, -20.2098159 ], [ 57.5470693, -20.2097102 ], [ 57.5470511, -20.2095842 ], [ 57.5472893, -20.2093327 ], [ 57.5476943, -20.2091439 ], [ 57.5477971, -20.2090233 ], [ 57.5474487, -20.2087219 ], [ 57.547374, -20.2084463 ], [ 57.5472604, -20.2084067 ], [ 57.5467645, -20.2088014 ], [ 57.5466847, -20.2087753 ], [ 57.546675, -20.2086178 ], [ 57.5466842, -20.208288 ], [ 57.5466117, -20.2082108 ], [ 57.5464264, -20.2082265 ], [ 57.5462896, -20.2080333 ], [ 57.5458926, -20.2079414 ], [ 57.5455788, -20.2077615 ], [ 57.5453199, -20.2073663 ], [ 57.5450182, -20.2071888 ], [ 57.5447889, -20.2071322 ], [ 57.5445569, -20.2071422 ], [ 57.544243, -20.2072631 ], [ 57.5439547, -20.2074342 ], [ 57.5439332, -20.2075639 ], [ 57.5439694, -20.207735 ], [ 57.5439628, -20.2079591 ], [ 57.5439237, -20.2082158 ], [ 57.5438367, -20.2083781 ], [ 57.5437361, -20.2084776 ], [ 57.5436597, -20.2084751 ], [ 57.5435872, -20.2084549 ], [ 57.5434478, -20.2083568 ], [ 57.543382, -20.2083328 ], [ 57.5431876, -20.2083857 ], [ 57.5431514, -20.2084499 ], [ 57.5432399, -20.2086387 ], [ 57.5432855, -20.2087834 ], [ 57.5432654, -20.208879 ], [ 57.5431393, -20.2089042 ], [ 57.5430173, -20.2088639 ], [ 57.5428751, -20.2087809 ], [ 57.542792, -20.2087091 ], [ 57.5427839, -20.2086173 ], [ 57.542804, -20.2082989 ], [ 57.5427745, -20.2081856 ], [ 57.5426391, -20.2080119 ], [ 57.5424567, -20.2078546 ], [ 57.542277, -20.2078068 ], [ 57.542045, -20.2078357 ], [ 57.5418666, -20.2077866 ], [ 57.5416386, -20.2076985 ], [ 57.5414549, -20.2076922 ], [ 57.5411276, -20.207696 ], [ 57.5409748, -20.2076331 ], [ 57.5408702, -20.2075274 ], [ 57.540897, -20.2073914 ], [ 57.540952, -20.2072744 ], [ 57.5411035, -20.2072077 ], [ 57.5410955, -20.207112 ], [ 57.5410217, -20.2070151 ], [ 57.5409064, -20.206849 ], [ 57.5407964, -20.2067848 ], [ 57.5406958, -20.2067647 ], [ 57.5406368, -20.2068012 ], [ 57.5406422, -20.206917 ], [ 57.540565, -20.2070668 ], [ 57.540505, -20.2071333 ], [ 57.5404295, -20.2071478 ], [ 57.5403201, -20.2071347 ], [ 57.5401984, -20.2071347 ], [ 57.5400798, -20.2071492 ], [ 57.5400336, -20.2071217 ], [ 57.5400135, -20.2070668 ], [ 57.5400166, -20.2070032 ], [ 57.5399442, -20.2069121 ], [ 57.5397732, -20.2067545 ], [ 57.5396715, -20.2066909 ], [ 57.5395267, -20.2066447 ], [ 57.5394482, -20.2065738 ], [ 57.5394405, -20.2065145 ], [ 57.5394374, -20.2064191 ], [ 57.5394173, -20.2063396 ], [ 57.5393773, -20.2062774 ], [ 57.5393234, -20.2062399 ], [ 57.5392571, -20.2062124 ], [ 57.5391709, -20.2062297 ], [ 57.5390954, -20.2062746 ], [ 57.539063, -20.2063338 ], [ 57.5390091, -20.2063656 ], [ 57.5389737, -20.206396 ], [ 57.5389691, -20.2064538 ], [ 57.5389783, -20.2065406 ], [ 57.5389506, -20.2066548 ], [ 57.5388859, -20.2067675 ], [ 57.5387796, -20.2068832 ], [ 57.5386779, -20.2069786 ], [ 57.5385331, -20.2071131 ], [ 57.5384468, -20.2072099 ], [ 57.5383282, -20.2073343 ], [ 57.5382014, -20.2074393 ], [ 57.5381587, -20.2074788 ], [ 57.5380863, -20.2075063 ], [ 57.538017, -20.207515 ], [ 57.5379646, -20.2075424 ], [ 57.5379138, -20.2076089 ], [ 57.5378321, -20.2076393 ], [ 57.5377674, -20.2076046 ], [ 57.5377027, -20.2075164 ], [ 57.5375518, -20.2074282 ], [ 57.5374439, -20.2074239 ], [ 57.5373192, -20.207447 ], [ 57.5371759, -20.2074918 ], [ 57.537011, -20.2075048 ], [ 57.5368108, -20.2074702 ], [ 57.5367137, -20.2074123 ], [ 57.5365874, -20.2072056 ], [ 57.5365443, -20.2071217 ], [ 57.5364565, -20.2070205 ], [ 57.5363532, -20.2069627 ], [ 57.5361622, -20.206941 ], [ 57.5359234, -20.2069757 ], [ 57.5357417, -20.2070046 ], [ 57.5355568, -20.2070567 ], [ 57.5353303, -20.2071131 ], [ 57.5352071, -20.2071116 ], [ 57.5351532, -20.2070495 ], [ 57.5350577, -20.2069164 ], [ 57.5349714, -20.2068962 ], [ 57.5348235, -20.2068731 ], [ 57.534671, -20.2068572 ], [ 57.534537, -20.2068413 ], [ 57.5343968, -20.2068225 ], [ 57.5342751, -20.2068181 ], [ 57.5341318, -20.2068008 ], [ 57.5338344, -20.2067696 ], [ 57.5337133, -20.2067547 ], [ 57.5287404, -20.1980007 ] ] ] } },
{ "type": "Feature", "properties": { "element": "relation", "id": 18481382, "admin_level": "8", "border_type": null, "boundary": "administrative", "maritime": null, "note": null, "type": "boundary", "ISO3166-1": null, "ISO3166-1:alpha2": null, "ISO3166-1:alpha3": null, "ISO3166-1:numeric": null, "driving_side": null, "flag": null, "name": "Baie du Tombeau VCA", "name:ab": null, "name:af": null, "name:als": null, "name:am": null, "name:ami": null, "name:an": null, "name:ang": null, "name:ar": null, "name:ary": null, "name:arz": null, "name:ast": null, "name:avk": null, "name:az": null, "name:azb": null, "name:ba": null, "name:ban": null, "name:bar": null, "name:bcl": null, "name:be": null, "name:be-tarask": null, "name:bg": null, "name:bi": null, "name:bjn": null, "name:bn": null, "name:bo": null, "name:bpy": null, "name:br": null, "name:bs": null, "name:bxr": null, "name:ca": null, "name:cbk": null, "name:cdo": null, "name:ce": null, "name:ceb": null, "name:ckb": null, "name:crh": null, "name:cs": null, "name:cv": null, "name:cy": null, "name:da": null, "name:dag": null, "name:de": null, "name:diq": null, "name:dty": null, "name:dv": null, "name:ee": null, "name:el": null, "name:en": null, "name:eo": null, "name:es": null, "name:et": null, "name:eu": null, "name:ext": null, "name:fa": null, "name:ff": null, "name:fi": null, "name:fo": null, "name:fr": null, "name:frp": null, "name:frr": null, "name:fy": null, "name:ga": null, "name:gag": null, "name:gcr": null, "name:gd": null, "name:gl": null, "name:gn": null, "name:grc": null, "name:gu": null, "name:gv": null, "name:ha": null, "name:hak": null, "name:haw": null, "name:he": null, "name:hi": null, "name:hif": null, "name:hr": null, "name:hsb": null, "name:ht": null, "name:hu": null, "name:hy": null, "name:ia": null, "name:id": null, "name:ie": null, "name:ig": null, "name:ilo": null, "name:io": null, "name:is": null, "name:it": null, "name:ja": null, "name:jam": null, "name:jv": null, "name:ka": null, "name:kg": null, "name:ki": null, "name:kk": null, "name:kn": null, "name:ko": null, "name:ku": null, "name:kw": null, "name:ky": null, "name:la": null, "name:lad": null, "name:lb": null, "name:lfn": null, "name:lg": null, "name:li": null, "name:lij": null, "name:lld": null, "name:lmo": null, "name:ln": null, "name:lt": null, "name:lv": null, "name:mfe": null, "name:mg": null, "name:mhr": null, "name:mi": null, "name:min": null, "name:mk": null, "name:ml": null, "name:mn": null, "name:mr": null, "name:mrj": null, "name:ms": null, "name:mt": null, "name:my": null, "name:mzn": null, "name:na": null, "name:nah": null, "name:nan": null, "name:nds": null, "name:nds-NL": null, "name:ne": null, "name:nl": null, "name:nn": null, "name:no": null, "name:nov": null, "name:nso": null, "name:oc": null, "name:olo": null, "name:om": null, "name:or": null, "name:os": null, "name:pa": null, "name:pam": null, "name:pi": null, "name:pih": null, "name:pl": null, "name:pms": null, "name:pnb": null, "name:ps": null, "name:pt": null, "name:qu": null, "name:ro": null, "name:ru": null, "name:rw": null, "name:sa": null, "name:sah": null, "name:sc": null, "name:scn": null, "name:sco": null, "name:sd": null, "name:se": null, "name:sg": null, "name:sgs": null, "name:sh": null, "name:shn": null, "name:si": null, "name:simple": null, "name:sk": null, "name:sl": null, "name:sm": null, "name:smn": null, "name:sms": null, "name:sn": null, "name:so": null, "name:sq": null, "name:sr": null, "name:ss": null, "name:st": null, "name:stq": null, "name:su": null, "name:sv": null, "name:sw": null, "name:szl": null, "name:szy": null, "name:ta": null, "name:tay": null, "name:te": null, "name:tg": null, "name:th": null, "name:tk": null, "name:tl": null, "name:tr": null, "name:trv": null, "name:ts": null, "name:tt": null, "name:tzl": null, "name:udm": null, "name:ug": null, "name:uk": null, "name:ur": null, "name:uz": null, "name:vec": null, "name:vep": null, "name:vi": null, "name:vo": null, "name:vro": null, "name:war": null, "name:wo": null, "name:wuu": null, "name:xal": null, "name:xmf": null, "name:yi": null, "name:yo": null, "name:yue": null, "name:za": null, "name:zea": null, "name:zh": null, "name:zh-Hans": null, "name:zh-Hant": null, "name:zh-Hant-CN": null, "name:zh-Hant-TW": null, "name:zu": null, "official_name": null, "official_name:ca": null, "official_name:cs": null, "official_name:de": null, "official_name:fr": null, "official_name:sr": null, "official_name:xmf": null, "population": null, "timezone": null, "wikidata": null, "wikipedia": null, "wikipedia:xmf": null, "ISO3166-2": null, "official_name:ar": null, "official_name:fa": null, "official_name:ur": null, "alt_name:en": null, "code": "1217" }, "geometry": { "type": "Polygon", "coordinates": [ [ [ 57.5028537, -20.1375386 ], [ 57.5027163, -20.1374794 ], [ 57.5025621, -20.137463 ], [ 57.5024843, -20.1374907 ], [ 57.502444, -20.1375278 ], [ 57.5024159, -20.1375612 ], [ 57.502432, -20.1376708 ], [ 57.502369, -20.1377803 ], [ 57.5020677, -20.1379344 ], [ 57.5017395, -20.1378822 ], [ 57.5012436, -20.1380663 ], [ 57.5010158, -20.1381958 ], [ 57.5007866, -20.138329 ], [ 57.5006255, -20.1384083 ], [ 57.5003788, -20.1384262 ], [ 57.5003211, -20.1384489 ], [ 57.5002006, -20.1384635 ], [ 57.5001079, -20.1384602 ], [ 57.500069, -20.1384074 ], [ 57.500131, -20.1383657 ], [ 57.500077, -20.1382626 ], [ 57.499955, -20.1380749 ], [ 57.4999054, -20.137983 ], [ 57.4998155, -20.1377337 ], [ 57.4997284, -20.1375776 ], [ 57.49966, -20.1374139 ], [ 57.4995414, -20.1371992 ], [ 57.4994239, -20.1369392 ], [ 57.4992321, -20.1367138 ], [ 57.4991123, -20.1366429 ], [ 57.4989291, -20.1366282 ], [ 57.4987664, -20.136655 ], [ 57.4987292, -20.1366798 ], [ 57.4987239, -20.1367604 ], [ 57.4987413, -20.1369694 ], [ 57.4987909, -20.1372464 ], [ 57.4987982, -20.1374739 ], [ 57.4987869, -20.1375814 ], [ 57.4987537, -20.137651 ], [ 57.4986401, -20.1376948 ], [ 57.4985562, -20.1376997 ], [ 57.4985077, -20.1376409 ], [ 57.4983779, -20.1372735 ], [ 57.4982301, -20.1370151 ], [ 57.4981133, -20.1368903 ], [ 57.4979639, -20.1367255 ], [ 57.497835, -20.1365955 ], [ 57.4977346, -20.1364979 ], [ 57.4975933, -20.136316 ], [ 57.4975491, -20.136219 ], [ 57.4975563, -20.1361345 ], [ 57.4975812, -20.1359571 ], [ 57.4975712, -20.1357588 ], [ 57.4975471, -20.135467 ], [ 57.4975252, -20.135226 ], [ 57.4975323, -20.1350934 ], [ 57.4975024, -20.1349774 ], [ 57.4974747, -20.1348884 ], [ 57.4974565, -20.1347024 ], [ 57.4974605, -20.1346596 ], [ 57.4974421, -20.1346165 ], [ 57.4973814, -20.1345185 ], [ 57.4973362, -20.1344207 ], [ 57.4973217, -20.1342913 ], [ 57.497315, -20.134244 ], [ 57.4972668, -20.1341723 ], [ 57.4972077, -20.1341156 ], [ 57.4972071, -20.1340576 ], [ 57.4972145, -20.1339154 ], [ 57.4971937, -20.1337699 ], [ 57.4971762, -20.1337158 ], [ 57.4971036, -20.1336492 ], [ 57.4970455, -20.133518 ], [ 57.4970265, -20.1334632 ], [ 57.4969781, -20.1333934 ], [ 57.4969395, -20.1333305 ], [ 57.4969326, -20.1332739 ], [ 57.4969443, -20.1331826 ], [ 57.4969269, -20.13307 ], [ 57.4968931, -20.1329515 ], [ 57.4968383, -20.1327186 ], [ 57.4968204, -20.1325333 ], [ 57.4967551, -20.1324781 ], [ 57.4967095, -20.1324088 ], [ 57.4966921, -20.1322753 ], [ 57.4966916, -20.1320586 ], [ 57.4966358, -20.1318397 ], [ 57.4965861, -20.1318258 ], [ 57.4965566, -20.1317654 ], [ 57.4965597, -20.1316719 ], [ 57.4965253, -20.1312567 ], [ 57.4965161, -20.1307986 ], [ 57.4965095, -20.1304738 ], [ 57.496509, -20.1304487 ], [ 57.4965473, -20.1302065 ], [ 57.496554, -20.1300051 ], [ 57.4965234, -20.1296439 ], [ 57.4965017, -20.1293906 ], [ 57.4965285, -20.1292886 ], [ 57.4965365, -20.1291463 ], [ 57.4965405, -20.1289839 ], [ 57.4965258, -20.1288693 ], [ 57.4964901, -20.1286977 ], [ 57.4964158, -20.1284955 ], [ 57.4963823, -20.1282649 ], [ 57.4963936, -20.1281948 ], [ 57.4964536, -20.1281614 ], [ 57.4964625, -20.1280201 ], [ 57.4964882, -20.1279274 ], [ 57.4964323, -20.1278063 ], [ 57.4963649, -20.1276705 ], [ 57.4963673, -20.127553 ], [ 57.4963555, -20.1275156 ], [ 57.4963287, -20.127493 ], [ 57.4963219, -20.127435 ], [ 57.4963367, -20.1273645 ], [ 57.4963863, -20.1273255 ], [ 57.4963841, -20.1272833 ], [ 57.4963504, -20.1272508 ], [ 57.496216, -20.1270938 ], [ 57.4960785, -20.1269218 ], [ 57.4959628, -20.1268586 ], [ 57.4959411, -20.1267815 ], [ 57.4959022, -20.1267362 ], [ 57.4958439, -20.1266683 ], [ 57.4958904, -20.1265801 ], [ 57.4958807, -20.1265007 ], [ 57.4959075, -20.1264554 ], [ 57.495984, -20.1263912 ], [ 57.4960189, -20.1263169 ], [ 57.4960242, -20.1262589 ], [ 57.4960246, -20.1261791 ], [ 57.4961047, -20.1261217 ], [ 57.4962536, -20.1260465 ], [ 57.4963209, -20.1259506 ], [ 57.4964216, -20.1257131 ], [ 57.4964717, -20.125558 ], [ 57.4964869, -20.1254757 ], [ 57.4965316, -20.1254023 ], [ 57.4966011, -20.1253101 ], [ 57.4967173, -20.1250487 ], [ 57.4967985, -20.1249217 ], [ 57.4968809, -20.1247674 ], [ 57.4969458, -20.1246368 ], [ 57.4970448, -20.1244192 ], [ 57.4971119, -20.1242467 ], [ 57.4971454, -20.1240603 ], [ 57.4971829, -20.1236885 ], [ 57.4972527, -20.1236196 ], [ 57.4973157, -20.1234118 ], [ 57.4974431, -20.1229976 ], [ 57.4975973, -20.1223427 ], [ 57.4976282, -20.1220821 ], [ 57.4977341, -20.1219587 ], [ 57.4977864, -20.1217496 ], [ 57.4978857, -20.1212925 ], [ 57.4981251, -20.120477 ], [ 57.4981834, -20.1202637 ], [ 57.4982518, -20.1199791 ], [ 57.498351, -20.1194956 ], [ 57.4984342, -20.1192462 ], [ 57.4985623, -20.118924 ], [ 57.498854, -20.1184353 ], [ 57.4991656, -20.1179493 ], [ 57.4994574, -20.1173951 ], [ 57.4997485, -20.1169229 ], [ 57.4999765, -20.1165879 ], [ 57.5001843, -20.1162844 ], [ 57.5004111, -20.1159314 ], [ 57.5005183, -20.1156988 ], [ 57.5006041, -20.1155238 ], [ 57.5007664, -20.1151964 ], [ 57.5009501, -20.1148614 ], [ 57.5010815, -20.1145478 ], [ 57.5012116, -20.1143224 ], [ 57.5013052, -20.1141883 ], [ 57.501673, -20.1137683 ], [ 57.5020203, -20.1133125 ], [ 57.5021769, -20.1131584 ], [ 57.5028147, -20.1126003 ], [ 57.5032702, -20.1121778 ], [ 57.5037562, -20.1117916 ], [ 57.5040346, -20.1116199 ], [ 57.5043096, -20.1114675 ], [ 57.5045322, -20.1112698 ], [ 57.5048299, -20.1110784 ], [ 57.5051491, -20.1108744 ], [ 57.5055367, -20.1106666 ], [ 57.5059285, -20.1104176 ], [ 57.5060906, -20.1103253 ], [ 57.5062515, -20.1102372 ], [ 57.5065505, -20.1101024 ], [ 57.5068241, -20.109974 ], [ 57.507023, -20.1098978 ], [ 57.507209, -20.1098631 ], [ 57.5074759, -20.1098443 ], [ 57.5077119, -20.1097687 ], [ 57.5083664, -20.1095559 ], [ 57.5088036, -20.1093934 ], [ 57.5089149, -20.1094022 ], [ 57.5092059, -20.1093323 ], [ 57.509442, -20.1092058 ], [ 57.5097035, -20.1091504 ], [ 57.5099263, -20.1090503 ], [ 57.5105175, -20.1087851 ], [ 57.5108394, -20.1086265 ], [ 57.5111251, -20.1084627 ], [ 57.5113396, -20.1084048 ], [ 57.5115314, -20.1083104 ], [ 57.511699, -20.1081932 ], [ 57.5117581, -20.1081026 ], [ 57.5118586, -20.1080887 ], [ 57.5120115, -20.1080371 ], [ 57.5121778, -20.107964 ], [ 57.5123481, -20.1079415 ], [ 57.512438, -20.1078457 ], [ 57.5125198, -20.1077764 ], [ 57.5126445, -20.1076542 ], [ 57.51285, -20.1075284 ], [ 57.513016, -20.1074527 ], [ 57.5130817, -20.1073684 ], [ 57.5131582, -20.107279 ], [ 57.5132641, -20.1072198 ], [ 57.5133473, -20.1071543 ], [ 57.5134496, -20.1071262 ], [ 57.5135712, -20.1071379 ], [ 57.513696, -20.1071303 ], [ 57.5138395, -20.1070938 ], [ 57.5139816, -20.1070888 ], [ 57.5141296, -20.1071597 ], [ 57.5143625, -20.1071858 ], [ 57.5145368, -20.1071744 ], [ 57.5147286, -20.1071706 ], [ 57.5149646, -20.1071681 ], [ 57.5157566, -20.1079012 ], [ 57.5158476, -20.107934 ], [ 57.5159257, -20.1079819 ], [ 57.5160212, -20.1080584 ], [ 57.5161539, -20.1081813 ], [ 57.5163132, -20.1083193 ], [ 57.5164371, -20.1084389 ], [ 57.5165344, -20.1085336 ], [ 57.5166295, -20.1086444 ], [ 57.5169865, -20.1090185 ], [ 57.5170288, -20.1090447 ], [ 57.5170616, -20.1090809 ], [ 57.5174864, -20.1094325 ], [ 57.5176894, -20.1096572 ], [ 57.5181595, -20.1101015 ], [ 57.5184983, -20.1103965 ], [ 57.5190236, -20.1109012 ], [ 57.5198994, -20.1116699 ], [ 57.5200206, -20.1117582 ], [ 57.5201487, -20.1118409 ], [ 57.5203663, -20.111961 ], [ 57.5220477, -20.1126852 ], [ 57.5231444, -20.1131397 ], [ 57.5232299, -20.1131742 ], [ 57.5233613, -20.1132081 ], [ 57.5237711, -20.1133644 ], [ 57.5241144, -20.1135184 ], [ 57.5245634, -20.1137186 ], [ 57.5250641, -20.1139373 ], [ 57.5259981, -20.1143176 ], [ 57.5246622, -20.1167158 ], [ 57.5259557, -20.1166958 ], [ 57.5295535, -20.117503 ], [ 57.52978, -20.1183373 ], [ 57.529571, -20.1182298 ], [ 57.5293305, -20.1181904 ], [ 57.5292394, -20.1182101 ], [ 57.5290398, -20.1183219 ], [ 57.5286538, -20.1186103 ], [ 57.5272533, -20.1194272 ], [ 57.5267695, -20.1197994 ], [ 57.5270033, -20.1207118 ], [ 57.526326, -20.1208587 ], [ 57.5251677, -20.1210916 ], [ 57.5249786, -20.1213913 ], [ 57.5251372, -20.1218264 ], [ 57.5252775, -20.1221853 ], [ 57.5255153, -20.1227846 ], [ 57.5206489, -20.1259214 ], [ 57.5186689, -20.1258778 ], [ 57.5184101, -20.125231 ], [ 57.5183779, -20.125192 ], [ 57.5183243, -20.1251681 ], [ 57.5182707, -20.125158 ], [ 57.5168637, -20.1252408 ], [ 57.5167446, -20.1250946 ], [ 57.5167049, -20.1250491 ], [ 57.5165335, -20.1248424 ], [ 57.5163689, -20.1246703 ], [ 57.51626, -20.1245665 ], [ 57.5141483, -20.1253971 ], [ 57.5141331, -20.1254234 ], [ 57.5141331, -20.1254606 ], [ 57.5141436, -20.125499 ], [ 57.5145731, -20.1264663 ], [ 57.5147642, -20.1269282 ], [ 57.5149471, -20.1274378 ], [ 57.515067, -20.1277584 ], [ 57.5152297, -20.1280982 ], [ 57.5145121, -20.1283921 ], [ 57.5149654, -20.1293712 ], [ 57.51339, -20.130001 ], [ 57.5141941, -20.1318118 ], [ 57.5145583, -20.1326795 ], [ 57.5145958, -20.1328243 ], [ 57.5146736, -20.1330233 ], [ 57.5149083, -20.1335748 ], [ 57.51497, -20.1337171 ], [ 57.5150998, -20.1339911 ], [ 57.515596, -20.1351065 ], [ 57.5157688, -20.1354709 ], [ 57.5144775, -20.1363676 ], [ 57.5140666, -20.1366789 ], [ 57.5137467, -20.1369485 ], [ 57.5134782, -20.1372006 ], [ 57.5132517, -20.1374528 ], [ 57.5130205, -20.1377531 ], [ 57.512815, -20.1380688 ], [ 57.5126282, -20.1384195 ], [ 57.5124788, -20.1387374 ], [ 57.512355, -20.1391079 ], [ 57.5122546, -20.1394915 ], [ 57.5120415, -20.1404947 ], [ 57.5118602, -20.1404859 ], [ 57.511431, -20.1405211 ], [ 57.511128, -20.140467 ], [ 57.5110099, -20.1404254 ], [ 57.5108973, -20.1403625 ], [ 57.5105526, -20.1402189 ], [ 57.5104091, -20.1401132 ], [ 57.5101583, -20.1399734 ], [ 57.5100806, -20.1399432 ], [ 57.5099666, -20.1398097 ], [ 57.5099156, -20.1397065 ], [ 57.5099303, -20.1396536 ], [ 57.5099733, -20.139578 ], [ 57.5099746, -20.1394987 ], [ 57.5099518, -20.1394521 ], [ 57.5099129, -20.1394093 ], [ 57.509862, -20.1393816 ], [ 57.5097761, -20.139359 ], [ 57.5096474, -20.1393464 ], [ 57.5095978, -20.1393061 ], [ 57.5094543, -20.1391273 ], [ 57.5094073, -20.1390908 ], [ 57.5093805, -20.1390807 ], [ 57.5091927, -20.1390719 ], [ 57.5091002, -20.1390958 ], [ 57.5090184, -20.1391348 ], [ 57.5089039, -20.1392333 ], [ 57.5088492, -20.139324 ], [ 57.5088076, -20.139397 ], [ 57.508754, -20.1394864 ], [ 57.5086735, -20.1396639 ], [ 57.5086239, -20.1397836 ], [ 57.5085314, -20.1400165 ], [ 57.5084522, -20.1401588 ], [ 57.5083382, -20.1403338 ], [ 57.5082363, -20.1405365 ], [ 57.5081196, -20.1406926 ], [ 57.5080217, -20.1407808 ], [ 57.5079171, -20.1408739 ], [ 57.5078326, -20.140923 ], [ 57.5077347, -20.1409545 ], [ 57.5076503, -20.1409621 ], [ 57.5075363, -20.1409419 ], [ 57.5073659, -20.1408979 ], [ 57.507197, -20.1408349 ], [ 57.5071232, -20.140816 ], [ 57.5069891, -20.1408122 ], [ 57.5068644, -20.1408198 ], [ 57.5066417, -20.1408488 ], [ 57.5063547, -20.1409067 ], [ 57.506057, -20.1409923 ], [ 57.5058827, -20.1410439 ], [ 57.5056557, -20.1411153 ], [ 57.5056491, -20.1410216 ], [ 57.5055327, -20.1406335 ], [ 57.5054827, -20.1403455 ], [ 57.5052403, -20.1402142 ], [ 57.5046757, -20.1397861 ], [ 57.5042626, -20.1394852 ], [ 57.5038658, -20.139171 ], [ 57.503757, -20.1390835 ], [ 57.5036927, -20.138911 ], [ 57.5034915, -20.1386025 ], [ 57.5033279, -20.1384376 ], [ 57.5031911, -20.138318 ], [ 57.5031549, -20.1381681 ], [ 57.5031844, -20.1380787 ], [ 57.5030892, -20.1377854 ], [ 57.5030476, -20.1377803 ], [ 57.502947, -20.1377539 ], [ 57.5028537, -20.1375386 ] ] ] } },
{ "type": "Feature", "properties": { "element": "relation", "id": 18481423, "admin_level": "8", "border_type": null, "boundary": "administrative", "maritime": null, "note": null, "type": "boundary", "ISO3166-1": null, "ISO3166-1:alpha2": null, "ISO3166-1:alpha3": null, "ISO3166-1:numeric": null, "driving_side": null, "flag": null, "name": "Le Hochet VCA", "name:ab": null, "name:af": null, "name:als": null, "name:am": null, "name:ami": null, "name:an": null, "name:ang": null, "name:ar": null, "name:ary": null, "name:arz": null, "name:ast": null, "name:avk": null, "name:az": null, "name:azb": null, "name:ba": null, "name:ban": null, "name:bar": null, "name:bcl": null, "name:be": null, "name:be-tarask": null, "name:bg": null, "name:bi": null, "name:bjn": null, "name:bn": null, "name:bo": null, "name:bpy": null, "name:br": null, "name:bs": null, "name:bxr": null, "name:ca": null, "name:cbk": null, "name:cdo": null, "name:ce": null, "name:ceb": null, "name:ckb": null, "name:crh": null, "name:cs": null, "name:cv": null, "name:cy": null, "name:da": null, "name:dag": null, "name:de": null, "name:diq": null, "name:dty": null, "name:dv": null, "name:ee": null, "name:el": null, "name:en": null, "name:eo": null, "name:es": null, "name:et": null, "name:eu": null, "name:ext": null, "name:fa": null, "name:ff": null, "name:fi": null, "name:fo": null, "name:fr": null, "name:frp": null, "name:frr": null, "name:fy": null, "name:ga": null, "name:gag": null, "name:gcr": null, "name:gd": null, "name:gl": null, "name:gn": null, "name:grc": null, "name:gu": null, "name:gv": null, "name:ha": null, "name:hak": null, "name:haw": null, "name:he": null, "name:hi": null, "name:hif": null, "name:hr": null, "name:hsb": null, "name:ht": null, "name:hu": null, "name:hy": null, "name:ia": null, "name:id": null, "name:ie": null, "name:ig": null, "name:ilo": null, "name:io": null, "name:is": null, "name:it": null, "name:ja": null, "name:jam": null, "name:jv": null, "name:ka": null, "name:kg": null, "name:ki": null, "name:kk": null, "name:kn": null, "name:ko": null, "name:ku": null, "name:kw": null, "name:ky": null, "name:la": null, "name:lad": null, "name:lb": null, "name:lfn": null, "name:lg": null, "name:li": null, "name:lij": null, "name:lld": null, "name:lmo": null, "name:ln": null, "name:lt": null, "name:lv": null, "name:mfe": null, "name:mg": null, "name:mhr": null, "name:mi": null, "name:min": null, "name:mk": null, "name:ml": null, "name:mn": null, "name:mr": null, "name:mrj": null, "name:ms": null, "name:mt": null, "name:my": null, "name:mzn": null, "name:na": null, "name:nah": null, "name:nan": null, "name:nds": null, "name:nds-NL": null, "name:ne": null, "name:nl": null, "name:nn": null, "name:no": null, "name:nov": null, "name:nso": null, "name:oc": null, "name:olo": null, "name:om": null, "name:or": null, "name:os": null, "name:pa": null, "name:pam": null, "name:pi": null, "name:pih": null, "name:pl": null, "name:pms": null, "name:pnb": null, "name:ps": null, "name:pt": null, "name:qu": null, "name:ro": null, "name:ru": null, "name:rw": null, "name:sa": null, "name:sah": null, "name:sc": null, "name:scn": null, "name:sco": null, "name:sd": null, "name:se": null, "name:sg": null, "name:sgs": null, "name:sh": null, "name:shn": null, "name:si": null, "name:simple": null, "name:sk": null, "name:sl": null, "name:sm": null, "name:smn": null, "name:sms": null, "name:sn": null, "name:so": null, "name:sq": null, "name:sr": null, "name:ss": null, "name:st": null, "name:stq": null, "name:su": null, "name:sv": null, "name:sw": null, "name:szl": null, "name:szy": null, "name:ta": null, "name:tay": null, "name:te": null, "name:tg": null, "name:th": null, "name:tk": null, "name:tl": null, "name:tr": null, "name:trv": null, "name:ts": null, "name:tt": null, "name:tzl": null, "name:udm": null, "name:ug": null, "name:uk": null, "name:ur": null, "name:uz": null, "name:vec": null, "name:vep": null, "name:vi": null, "name:vo": null, "name:vro": null, "name:war": null, "name:wo": null, "name:wuu": null, "name:xal": null, "name:xmf": null, "name:yi": null, "name:yo": null, "name:yue": null, "name:za": null, "name:zea": null, "name:zh": null, "name:zh-Hans": null, "name:zh-Hant": null, "name:zh-Hant-CN": null, "name:zh-Hant-TW": null, "name:zu": null, "official_name": null, "official_name:ca": null, "official_name:cs": null, "official_name:de": null, "official_name:fr": null, "official_name:sr": null, "official_name:xmf": null, "population": null, "timezone": null, "wikidata": null, "wikipedia": null, "wikipedia:xmf": null, "ISO3166-2": null, "official_name:ar": null, "official_name:fa": null, "official_name:ur": null, "alt_name:en": null, "code": "1218" }, "geometry": { "type": "Polygon", "coordinates": [ [ [ 57.5120415, -20.1404947 ], [ 57.5122546, -20.1394915 ], [ 57.512355, -20.1391079 ], [ 57.5124788, -20.1387374 ], [ 57.5126282, -20.1384195 ], [ 57.512815, -20.1380688 ], [ 57.5130205, -20.1377531 ], [ 57.5132517, -20.1374528 ], [ 57.5134782, -20.1372006 ], [ 57.5137467, -20.1369485 ], [ 57.5140666, -20.1366789 ], [ 57.5144775, -20.1363676 ], [ 57.5157688, -20.1354709 ], [ 57.515596, -20.1351065 ], [ 57.5150998, -20.1339911 ], [ 57.51497, -20.1337171 ], [ 57.5149083, -20.1335748 ], [ 57.5146736, -20.1330233 ], [ 57.5145958, -20.1328243 ], [ 57.5145583, -20.1326795 ], [ 57.5141941, -20.1318118 ], [ 57.51339, -20.130001 ], [ 57.5149654, -20.1293712 ], [ 57.5145121, -20.1283921 ], [ 57.5152297, -20.1280982 ], [ 57.515067, -20.1277584 ], [ 57.5149471, -20.1274378 ], [ 57.5147642, -20.1269282 ], [ 57.5145731, -20.1264663 ], [ 57.5141436, -20.125499 ], [ 57.5141331, -20.1254606 ], [ 57.5141331, -20.1254234 ], [ 57.5141483, -20.1253971 ], [ 57.51626, -20.1245665 ], [ 57.5163689, -20.1246703 ], [ 57.5165335, -20.1248424 ], [ 57.5167049, -20.1250491 ], [ 57.5167446, -20.1250946 ], [ 57.5168637, -20.1252408 ], [ 57.5182707, -20.125158 ], [ 57.5183243, -20.1251681 ], [ 57.5183779, -20.125192 ], [ 57.5184101, -20.125231 ], [ 57.5186689, -20.1258778 ], [ 57.5206489, -20.1259214 ], [ 57.5255153, -20.1227846 ], [ 57.5252775, -20.1221853 ], [ 57.5251372, -20.1218264 ], [ 57.5249786, -20.1213913 ], [ 57.5251677, -20.1210916 ], [ 57.526326, -20.1208587 ], [ 57.5274074, -20.1240276 ], [ 57.5282147, -20.1260701 ], [ 57.5287012, -20.1275325 ], [ 57.5287024, -20.1276717 ], [ 57.5287073, -20.1280928 ], [ 57.5287327, -20.128565 ], [ 57.5288387, -20.1285381 ], [ 57.5290238, -20.128917 ], [ 57.5292773, -20.129053 ], [ 57.5294983, -20.1291526 ], [ 57.5298331, -20.1292593 ], [ 57.5299873, -20.1292395 ], [ 57.5300706, -20.1291803 ], [ 57.5303064, -20.1289895 ], [ 57.5304528, -20.1288654 ], [ 57.5306053, -20.1287814 ], [ 57.5307049, -20.1287547 ], [ 57.5308472, -20.1287681 ], [ 57.5309183, -20.1287662 ], [ 57.5310626, -20.1287261 ], [ 57.5311582, -20.1286803 ], [ 57.5313187, -20.1286135 ], [ 57.5314427, -20.1285505 ], [ 57.5315403, -20.1284894 ], [ 57.5316196, -20.1284207 ], [ 57.5316887, -20.1283387 ], [ 57.5317375, -20.1282394 ], [ 57.5317985, -20.1281421 ], [ 57.531894, -20.1280715 ], [ 57.5319469, -20.1280352 ], [ 57.5320424, -20.1279913 ], [ 57.5321095, -20.1280104 ], [ 57.5321898, -20.1280999 ], [ 57.5323266, -20.1282586 ], [ 57.5324339, -20.1284197 ], [ 57.532509, -20.1284978 ], [ 57.5325921, -20.1285381 ], [ 57.5327289, -20.1285734 ], [ 57.5328737, -20.1286262 ], [ 57.5329918, -20.1286917 ], [ 57.5331259, -20.1287925 ], [ 57.5332766, -20.1288968 ], [ 57.533496, -20.1290497 ], [ 57.5336553, -20.129146 ], [ 57.5338535, -20.1292524 ], [ 57.5340729, -20.1293687 ], [ 57.5342251, -20.1294418 ], [ 57.5343879, -20.1294584 ], [ 57.534533, -20.1294152 ], [ 57.5346781, -20.1293288 ], [ 57.5348515, -20.1291826 ], [ 57.5349577, -20.1291194 ], [ 57.5350568, -20.1290929 ], [ 57.5351913, -20.1291261 ], [ 57.535301, -20.1292224 ], [ 57.5354496, -20.1293255 ], [ 57.5356018, -20.1294517 ], [ 57.5358496, -20.1296744 ], [ 57.5359947, -20.129784 ], [ 57.5361044, -20.1298439 ], [ 57.5362813, -20.1298771 ], [ 57.536476, -20.1299037 ], [ 57.5366459, -20.1299602 ], [ 57.5367202, -20.1300034 ], [ 57.5368441, -20.1300898 ], [ 57.5370246, -20.1302493 ], [ 57.5370706, -20.1303589 ], [ 57.5371166, -20.1305118 ], [ 57.537152, -20.1306214 ], [ 57.5371555, -20.1307477 ], [ 57.5371591, -20.1309006 ], [ 57.5371732, -20.13107 ], [ 57.5372228, -20.1312262 ], [ 57.5372263, -20.1312993 ], [ 57.5373856, -20.1314023 ], [ 57.5375767, -20.1314489 ], [ 57.5376935, -20.1314854 ], [ 57.5378138, -20.1315718 ], [ 57.5380191, -20.1316549 ], [ 57.5381961, -20.1316781 ], [ 57.5383412, -20.1317712 ], [ 57.5384509, -20.131924 ], [ 57.5386066, -20.132037 ], [ 57.538734, -20.13214 ], [ 57.5388402, -20.1323062 ], [ 57.5388862, -20.1323826 ], [ 57.538957, -20.132582 ], [ 57.5390101, -20.1327714 ], [ 57.5390348, -20.1329409 ], [ 57.539049, -20.1331602 ], [ 57.5390808, -20.1332765 ], [ 57.5391233, -20.1334459 ], [ 57.5392012, -20.1335855 ], [ 57.5393144, -20.1337018 ], [ 57.5394914, -20.1338081 ], [ 57.5396117, -20.1338945 ], [ 57.5396825, -20.1340009 ], [ 57.5398064, -20.1341504 ], [ 57.5399515, -20.1342567 ], [ 57.5400754, -20.1343265 ], [ 57.5401391, -20.1344594 ], [ 57.5402948, -20.1345525 ], [ 57.5404647, -20.1346522 ], [ 57.5406912, -20.1346821 ], [ 57.5408752, -20.1347552 ], [ 57.5410486, -20.1348781 ], [ 57.5412752, -20.1349845 ], [ 57.5415123, -20.1350841 ], [ 57.541714, -20.1351672 ], [ 57.5418874, -20.1352403 ], [ 57.5421847, -20.135443 ], [ 57.5423051, -20.135556 ], [ 57.5424502, -20.135659 ], [ 57.5425988, -20.1357388 ], [ 57.5427121, -20.135772 ], [ 57.5428855, -20.1357819 ], [ 57.5430164, -20.1357986 ], [ 57.5432783, -20.1358119 ], [ 57.5434765, -20.1358517 ], [ 57.5437915, -20.1359514 ], [ 57.5439791, -20.1360145 ], [ 57.5442552, -20.1360278 ], [ 57.5444852, -20.135978 ], [ 57.5446338, -20.1358816 ], [ 57.5449099, -20.1357819 ], [ 57.5450586, -20.1357587 ], [ 57.5452249, -20.135752 ], [ 57.5453771, -20.1357986 ], [ 57.5455293, -20.1359149 ], [ 57.5455859, -20.1360445 ], [ 57.5455682, -20.1361408 ], [ 57.5455399, -20.1362405 ], [ 57.5455682, -20.1363369 ], [ 57.5458053, -20.1363734 ], [ 57.5459575, -20.1364498 ], [ 57.5461946, -20.1365695 ], [ 57.5463928, -20.1366193 ], [ 57.54663, -20.1367223 ], [ 57.5467644, -20.1368154 ], [ 57.5468742, -20.1369317 ], [ 57.5470009, -20.1370777 ], [ 57.5471511, -20.1371583 ], [ 57.5473282, -20.1372439 ], [ 57.5475186, -20.1373195 ], [ 57.5476044, -20.1373522 ], [ 57.5476769, -20.1374605 ], [ 57.5477359, -20.1375864 ], [ 57.547819, -20.1377022 ], [ 57.5479531, -20.1378256 ], [ 57.5480497, -20.137949 ], [ 57.5481006, -20.1380624 ], [ 57.5481033, -20.1381631 ], [ 57.5480846, -20.1383469 ], [ 57.548106, -20.1384149 ], [ 57.5482079, -20.1385056 ], [ 57.5483817, -20.1385905 ], [ 57.5485148, -20.1387067 ], [ 57.5486269, -20.1388251 ], [ 57.548732, -20.1389742 ], [ 57.5487936, -20.1390606 ], [ 57.5489281, -20.1391802 ], [ 57.5490098, -20.1392416 ], [ 57.5491266, -20.1393425 ], [ 57.5495686, -20.1398241 ], [ 57.5496825, -20.1399176 ], [ 57.5498837, -20.1400836 ], [ 57.5504224, -20.1405856 ], [ 57.5505423, -20.1406562 ], [ 57.5506724, -20.1407001 ], [ 57.5508013, -20.1407096 ], [ 57.5508794, -20.1410779 ], [ 57.5427454, -20.1413282 ], [ 57.5330239, -20.1435772 ], [ 57.5328684, -20.1436477 ], [ 57.5327021, -20.1437736 ], [ 57.5325036, -20.1437937 ], [ 57.5323373, -20.1437635 ], [ 57.5322139, -20.1436981 ], [ 57.5320959, -20.1436678 ], [ 57.5318842, -20.1437408 ], [ 57.5316723, -20.1437458 ], [ 57.5313129, -20.1438138 ], [ 57.5310232, -20.1438566 ], [ 57.5307228, -20.1441688 ], [ 57.5306155, -20.14433 ], [ 57.5302897, -20.1447656 ], [ 57.5300818, -20.1447493 ], [ 57.5299302, -20.1446158 ], [ 57.5297988, -20.1445604 ], [ 57.5296714, -20.1445466 ], [ 57.5296203, -20.1445315 ], [ 57.5294633, -20.1444835 ], [ 57.5290427, -20.1445448 ], [ 57.5282448, -20.144711 ], [ 57.5274512, -20.144865 ], [ 57.5268231, -20.1448472 ], [ 57.5265401, -20.144887 ], [ 57.5259421, -20.1448269 ], [ 57.5252668, -20.1445508 ], [ 57.5249763, -20.1440938 ], [ 57.5248585, -20.1440009 ], [ 57.524086, -20.1438072 ], [ 57.523732, -20.1437088 ], [ 57.5233779, -20.1433361 ], [ 57.5230131, -20.1431548 ], [ 57.5226708, -20.1430727 ], [ 57.5224227, -20.1429807 ], [ 57.5222122, -20.1429279 ], [ 57.5220995, -20.1429644 ], [ 57.5220271, -20.1430122 ], [ 57.5219909, -20.1430852 ], [ 57.5219413, -20.1431532 ], [ 57.5217683, -20.1433257 ], [ 57.5216932, -20.143361 ], [ 57.5215524, -20.1434063 ], [ 57.5213297, -20.1434453 ], [ 57.5211567, -20.1434642 ], [ 57.5210548, -20.1434013 ], [ 57.520914, -20.1432489 ], [ 57.5208148, -20.1431784 ], [ 57.5204164, -20.1430978 ], [ 57.5201978, -20.143021 ], [ 57.5200731, -20.1429896 ], [ 57.5200248, -20.1429656 ], [ 57.5197821, -20.1427314 ], [ 57.5195394, -20.1423588 ], [ 57.5195152, -20.1423059 ], [ 57.5194978, -20.1421674 ], [ 57.5194589, -20.1420364 ], [ 57.5193409, -20.1417267 ], [ 57.519188, -20.141495 ], [ 57.5191451, -20.1414573 ], [ 57.5188876, -20.1413735 ], [ 57.518618, -20.1412589 ], [ 57.5183485, -20.1411847 ], [ 57.5180494, -20.1410739 ], [ 57.5179595, -20.1410525 ], [ 57.5178429, -20.1410373 ], [ 57.5176632, -20.1410474 ], [ 57.5174848, -20.1410965 ], [ 57.5171334, -20.1412262 ], [ 57.5170382, -20.1413043 ], [ 57.5168102, -20.1414554 ], [ 57.5165688, -20.1415145 ], [ 57.5163824, -20.1415271 ], [ 57.5163194, -20.1415208 ], [ 57.516259, -20.1415007 ], [ 57.5161759, -20.1413993 ], [ 57.5161289, -20.141359 ], [ 57.5159975, -20.141184 ], [ 57.5158486, -20.1411047 ], [ 57.5157856, -20.1410468 ], [ 57.5156877, -20.1409864 ], [ 57.5155791, -20.1409524 ], [ 57.5153752, -20.1408365 ], [ 57.5153042, -20.1407786 ], [ 57.515213, -20.1406653 ], [ 57.5151432, -20.1405998 ], [ 57.5150802, -20.1405658 ], [ 57.5149152, -20.1405079 ], [ 57.5147945, -20.1404802 ], [ 57.5146631, -20.1404651 ], [ 57.5146014, -20.1404078 ], [ 57.5145397, -20.1403071 ], [ 57.5144807, -20.1402869 ], [ 57.514415, -20.1402869 ], [ 57.5141602, -20.1403826 ], [ 57.5141052, -20.1404191 ], [ 57.5140542, -20.1404808 ], [ 57.5139228, -20.14054 ], [ 57.5139094, -20.1405916 ], [ 57.5138866, -20.1406105 ], [ 57.5138343, -20.1406281 ], [ 57.5137485, -20.140608 ], [ 57.5136935, -20.1405828 ], [ 57.5136036, -20.1405136 ], [ 57.5134548, -20.1404393 ], [ 57.5133663, -20.1403637 ], [ 57.5132053, -20.1403247 ], [ 57.5130337, -20.1402643 ], [ 57.5129666, -20.1402567 ], [ 57.5126984, -20.1402542 ], [ 57.5126085, -20.1402731 ], [ 57.512516, -20.1403134 ], [ 57.5123926, -20.1403499 ], [ 57.5123175, -20.1404355 ], [ 57.5122223, -20.1404985 ], [ 57.5121941, -20.1405022 ], [ 57.5120415, -20.1404947 ] ] ] } },
{ "type": "Feature", "properties": { "element": "relation", "id": 18481449, "admin_level": "8", "border_type": null, "boundary": "administrative", "maritime": null, "note": null, "type": "boundary", "ISO3166-1": null, "ISO3166-1:alpha2": null, "ISO3166-1:alpha3": null, "ISO3166-1:numeric": null, "driving_side": null, "flag": null, "name": "Notre Dame VCA", "name:ab": null, "name:af": null, "name:als": null, "name:am": null, "name:ami": null, "name:an": null, "name:ang": null, "name:ar": null, "name:ary": null, "name:arz": null, "name:ast": null, "name:avk": null, "name:az": null, "name:azb": null, "name:ba": null, "name:ban": null, "name:bar": null, "name:bcl": null, "name:be": null, "name:be-tarask": null, "name:bg": null, "name:bi": null, "name:bjn": null, "name:bn": null, "name:bo": null, "name:bpy": null, "name:br": null, "name:bs": null, "name:bxr": null, "name:ca": null, "name:cbk": null, "name:cdo": null, "name:ce": null, "name:ceb": null, "name:ckb": null, "name:crh": null, "name:cs": null, "name:cv": null, "name:cy": null, "name:da": null, "name:dag": null, "name:de": null, "name:diq": null, "name:dty": null, "name:dv": null, "name:ee": null, "name:el": null, "name:en": null, "name:eo": null, "name:es": null, "name:et": null, "name:eu": null, "name:ext": null, "name:fa": null, "name:ff": null, "name:fi": null, "name:fo": null, "name:fr": null, "name:frp": null, "name:frr": null, "name:fy": null, "name:ga": null, "name:gag": null, "name:gcr": null, "name:gd": null, "name:gl": null, "name:gn": null, "name:grc": null, "name:gu": null, "name:gv": null, "name:ha": null, "name:hak": null, "name:haw": null, "name:he": null, "name:hi": null, "name:hif": null, "name:hr": null, "name:hsb": null, "name:ht": null, "name:hu": null, "name:hy": null, "name:ia": null, "name:id": null, "name:ie": null, "name:ig": null, "name:ilo": null, "name:io": null, "name:is": null, "name:it": null, "name:ja": null, "name:jam": null, "name:jv": null, "name:ka": null, "name:kg": null, "name:ki": null, "name:kk": null, "name:kn": null, "name:ko": null, "name:ku": null, "name:kw": null, "name:ky": null, "name:la": null, "name:lad": null, "name:lb": null, "name:lfn": null, "name:lg": null, "name:li": null, "name:lij": null, "name:lld": null, "name:lmo": null, "name:ln": null, "name:lt": null, "name:lv": null, "name:mfe": null, "name:mg": null, "name:mhr": null, "name:mi": null, "name:min": null, "name:mk": null, "name:ml": null, "name:mn": null, "name:mr": null, "name:mrj": null, "name:ms": null, "name:mt": null, "name:my": null, "name:mzn": null, "name:na": null, "name:nah": null, "name:nan": null, "name:nds": null, "name:nds-NL": null, "name:ne": null, "name:nl": null, "name:nn": null, "name:no": null, "name:nov": null, "name:nso": null, "name:oc": null, "name:olo": null, "name:om": null, "name:or": null, "name:os": null, "name:pa": null, "name:pam": null, "name:pi": null, "name:pih": null, "name:pl": null, "name:pms": null, "name:pnb": null, "name:ps": null, "name:pt": null, "name:qu": null, "name:ro": null, "name:ru": null, "name:rw": null, "name:sa": null, "name:sah": null, "name:sc": null, "name:scn": null, "name:sco": null, "name:sd": null, "name:se": null, "name:sg": null, "name:sgs": null, "name:sh": null, "name:shn": null, "name:si": null, "name:simple": null, "name:sk": null, "name:sl": null, "name:sm": null, "name:smn": null, "name:sms": null, "name:sn": null, "name:so": null, "name:sq": null, "name:sr": null, "name:ss": null, "name:st": null, "name:stq": null, "name:su": null, "name:sv": null, "name:sw": null, "name:szl": null, "name:szy": null, "name:ta": null, "name:tay": null, "name:te": null, "name:tg": null, "name:th": null, "name:tk": null, "name:tl": null, "name:tr": null, "name:trv": null, "name:ts": null, "name:tt": null, "name:tzl": null, "name:udm": null, "name:ug": null, "name:uk": null, "name:ur": null, "name:uz": null, "name:vec": null, "name:vep": null, "name:vi": null, "name:vo": null, "name:vro": null, "name:war": null, "name:wo": null, "name:wuu": null, "name:xal": null, "name:xmf": null, "name:yi": null, "name:yo": null, "name:yue": null, "name:za": null, "name:zea": null, "name:zh": null, "name:zh-Hans": null, "name:zh-Hant": null, "name:zh-Hant-CN": null, "name:zh-Hant-TW": null, "name:zu": null, "official_name": null, "official_name:ca": null, "official_name:cs": null, "official_name:de": null, "official_name:fr": null, "official_name:sr": null, "official_name:xmf": null, "population": null, "timezone": null, "wikidata": null, "wikipedia": null, "wikipedia:xmf": null, "ISO3166-2": null, "official_name:ar": null, "official_name:fa": null, "official_name:ur": null, "alt_name:en": null, "code": "1220" }, "geometry": { "type": "Polygon", "coordinates": [ [ [ 57.5427454, -20.1413282 ], [ 57.5508794, -20.1410779 ], [ 57.5508013, -20.1407096 ], [ 57.5510672, -20.1407291 ], [ 57.5511289, -20.1407518 ], [ 57.5512522, -20.1407065 ], [ 57.5513193, -20.1406914 ], [ 57.5514078, -20.1407216 ], [ 57.5515044, -20.140782 ], [ 57.5515768, -20.1408651 ], [ 57.5516814, -20.1410288 ], [ 57.5517726, -20.1411446 ], [ 57.5518531, -20.1412479 ], [ 57.5519308, -20.1413688 ], [ 57.5519979, -20.1414796 ], [ 57.5520381, -20.1415853 ], [ 57.5520435, -20.1416684 ], [ 57.5520301, -20.1417289 ], [ 57.5519952, -20.1417918 ], [ 57.5519228, -20.1418598 ], [ 57.5518852, -20.1419177 ], [ 57.5518852, -20.1419807 ], [ 57.5519121, -20.1420436 ], [ 57.5519791, -20.1421293 ], [ 57.5520435, -20.1421998 ], [ 57.5520971, -20.1422577 ], [ 57.5521374, -20.1423307 ], [ 57.5521613, -20.1424397 ], [ 57.5532552, -20.1427569 ], [ 57.553998, -20.1420837 ], [ 57.5543374, -20.141744 ], [ 57.5544452, -20.1416314 ], [ 57.5545448, -20.141576 ], [ 57.5547297, -20.1414844 ], [ 57.5554142, -20.1408634 ], [ 57.5595372, -20.1366291 ], [ 57.5595268, -20.1364964 ], [ 57.5594808, -20.1364 ], [ 57.5593923, -20.1362472 ], [ 57.5592295, -20.1360445 ], [ 57.5591375, -20.1359348 ], [ 57.5590348, -20.1357853 ], [ 57.558957, -20.1356258 ], [ 57.5588862, -20.1353167 ], [ 57.5588685, -20.1351207 ], [ 57.558865, -20.1350011 ], [ 57.558872, -20.134908 ], [ 57.5588968, -20.1347784 ], [ 57.5588933, -20.1346821 ], [ 57.5588225, -20.134486 ], [ 57.5587198, -20.1343431 ], [ 57.5585712, -20.1342302 ], [ 57.5584898, -20.1341338 ], [ 57.5584438, -20.1340108 ], [ 57.558373, -20.1338663 ], [ 57.5585889, -20.1337832 ], [ 57.5588296, -20.1337035 ], [ 57.5590525, -20.1336437 ], [ 57.5592295, -20.1335955 ], [ 57.559295, -20.1335656 ], [ 57.5603196, -20.1329492 ], [ 57.5605868, -20.1327947 ], [ 57.5610699, -20.1324308 ], [ 57.5617052, -20.1320752 ], [ 57.5628147, -20.1314522 ], [ 57.5641993, -20.1307417 ], [ 57.5650871, -20.1302279 ], [ 57.5652748, -20.130175 ], [ 57.5658288, -20.1298509 ], [ 57.5659372, -20.1293464 ], [ 57.5660084, -20.1289609 ], [ 57.566046, -20.1287786 ], [ 57.5660602, -20.1286144 ], [ 57.566108, -20.1277518 ], [ 57.566109, -20.1276821 ], [ 57.566107, -20.1276163 ], [ 57.5660927, -20.1275399 ], [ 57.5660704, -20.1274731 ], [ 57.5660318, -20.1274101 ], [ 57.5659626, -20.1273109 ], [ 57.5645306, -20.1254891 ], [ 57.5655431, -20.1256999 ], [ 57.56575, -20.1257316 ], [ 57.5659388, -20.1257406 ], [ 57.5661023, -20.1257187 ], [ 57.5662578, -20.1256821 ], [ 57.5664376, -20.1256079 ], [ 57.5665726, -20.1255188 ], [ 57.5666955, -20.1254361 ], [ 57.5668258, -20.1253432 ], [ 57.5669418, -20.1252722 ], [ 57.5671088, -20.1251686 ], [ 57.5674503, -20.1249839 ], [ 57.5675108, -20.1252413 ], [ 57.5676611, -20.1255586 ], [ 57.5678542, -20.1258306 ], [ 57.5679132, -20.126022 ], [ 57.5676986, -20.126299 ], [ 57.5674411, -20.1265257 ], [ 57.567189, -20.1267775 ], [ 57.5671192, -20.1268732 ], [ 57.5670173, -20.1270797 ], [ 57.5669905, -20.1271805 ], [ 57.5669798, -20.127387 ], [ 57.5669959, -20.1274978 ], [ 57.5670602, -20.1275885 ], [ 57.5671836, -20.1276842 ], [ 57.5675967, -20.1278755 ], [ 57.5677952, -20.1279864 ], [ 57.5680205, -20.128072 ], [ 57.5680902, -20.1281576 ], [ 57.5683423, -20.1283893 ], [ 57.5688305, -20.1287016 ], [ 57.5689378, -20.1288879 ], [ 57.5689539, -20.1290894 ], [ 57.5688198, -20.1293362 ], [ 57.568337, -20.1299608 ], [ 57.5682404, -20.1300162 ], [ 57.5679078, -20.130132 ], [ 57.5677201, -20.1302378 ], [ 57.5674465, -20.1302831 ], [ 57.5671407, -20.1304342 ], [ 57.5669744, -20.1305702 ], [ 57.5667706, -20.1306508 ], [ 57.5666418, -20.1308372 ], [ 57.5664702, -20.1309731 ], [ 57.5663307, -20.1311494 ], [ 57.5661215, -20.1315423 ], [ 57.5658586, -20.1319049 ], [ 57.5657299, -20.1323079 ], [ 57.5657191, -20.1325295 ], [ 57.5658425, -20.1330231 ], [ 57.5660195, -20.1331641 ], [ 57.5663521, -20.1333051 ], [ 57.566792, -20.1334461 ], [ 57.5668832, -20.1335116 ], [ 57.5669905, -20.1336829 ], [ 57.5671139, -20.13397 ], [ 57.5671353, -20.1340707 ], [ 57.5672319, -20.134257 ], [ 57.5671353, -20.1344283 ], [ 57.5671675, -20.1345341 ], [ 57.5671783, -20.1347355 ], [ 57.5669315, -20.1354809 ], [ 57.5669208, -20.1359241 ], [ 57.5670871, -20.136453 ], [ 57.5671032, -20.1368811 ], [ 57.5671407, -20.1369818 ], [ 57.5672641, -20.1371531 ], [ 57.5676396, -20.1375207 ], [ 57.5677737, -20.137697 ], [ 57.567881, -20.1380042 ], [ 57.5678917, -20.1382309 ], [ 57.5677415, -20.1386539 ], [ 57.5672104, -20.1393842 ], [ 57.5671032, -20.1395655 ], [ 57.5668939, -20.1396814 ], [ 57.5666633, -20.1396914 ], [ 57.566438, -20.1397267 ], [ 57.5661054, -20.1398425 ], [ 57.5659552, -20.1399181 ], [ 57.5656601, -20.1401195 ], [ 57.5655528, -20.1401699 ], [ 57.5653865, -20.1403159 ], [ 57.5653383, -20.1404116 ], [ 57.5653383, -20.1405174 ], [ 57.5656869, -20.1410513 ], [ 57.5658083, -20.1411053 ], [ 57.5659927, -20.1411872 ], [ 57.5662502, -20.1414189 ], [ 57.5663575, -20.1414642 ], [ 57.5667008, -20.1417261 ], [ 57.5668671, -20.1418823 ], [ 57.5669637, -20.1419326 ], [ 57.5671192, -20.1420988 ], [ 57.5675269, -20.1426276 ], [ 57.5675484, -20.1427384 ], [ 57.5675269, -20.1430759 ], [ 57.5674733, -20.1432924 ], [ 57.5673821, -20.1434939 ], [ 57.5670602, -20.143655 ], [ 57.5669529, -20.1436802 ], [ 57.5666472, -20.1438515 ], [ 57.5665238, -20.1438565 ], [ 57.5662824, -20.1438061 ], [ 57.5661751, -20.1438162 ], [ 57.5660732, -20.1438515 ], [ 57.5659391, -20.1438515 ], [ 57.5657352, -20.143922 ], [ 57.5654455, -20.143922 ], [ 57.5653704, -20.1440126 ], [ 57.5652632, -20.144209 ], [ 57.5652471, -20.1443148 ], [ 57.5652578, -20.1444155 ], [ 57.5654348, -20.1447076 ], [ 57.5655153, -20.1447882 ], [ 57.5659176, -20.1449645 ], [ 57.5663682, -20.1452666 ], [ 57.5665292, -20.1454278 ], [ 57.5666418, -20.1456192 ], [ 57.5667706, -20.1459415 ], [ 57.5668242, -20.1461581 ], [ 57.5668296, -20.1468077 ], [ 57.5668939, -20.14712 ], [ 57.567012, -20.147407 ], [ 57.567071, -20.1477243 ], [ 57.5672265, -20.1481121 ], [ 57.5673043, -20.1487567 ], [ 57.5498878, -20.162631 ], [ 57.5498084, -20.1624644 ], [ 57.5498271, -20.1622452 ], [ 57.5499719, -20.1621006 ], [ 57.5501914, -20.1618858 ], [ 57.5503268, -20.1616709 ], [ 57.5504721, -20.1614047 ], [ 57.5506077, -20.1611618 ], [ 57.5506447, -20.1608725 ], [ 57.5504352, -20.1604792 ], [ 57.5502257, -20.159947 ], [ 57.5501517, -20.1595305 ], [ 57.5502873, -20.1590909 ], [ 57.5504598, -20.1585124 ], [ 57.5505461, -20.1581422 ], [ 57.5505707, -20.1578298 ], [ 57.5507063, -20.1572514 ], [ 57.5507433, -20.1567539 ], [ 57.5508049, -20.1562448 ], [ 57.5508788, -20.1557936 ], [ 57.5511376, -20.1552036 ], [ 57.5513595, -20.1547755 ], [ 57.5514581, -20.1544863 ], [ 57.5510514, -20.1540813 ], [ 57.5506693, -20.1535376 ], [ 57.5501024, -20.1526698 ], [ 57.5494739, -20.1517674 ], [ 57.5488084, -20.15046 ], [ 57.5479457, -20.149141 ], [ 57.5476499, -20.1486204 ], [ 57.5473541, -20.1481113 ], [ 57.5470214, -20.1478336 ], [ 57.546553, -20.1476138 ], [ 57.5459985, -20.1471741 ], [ 57.5454685, -20.1466998 ], [ 57.5452754, -20.1464196 ], [ 57.5451974, -20.1463064 ], [ 57.5451358, -20.1460287 ], [ 57.5448646, -20.1456816 ], [ 57.5447044, -20.1451609 ], [ 57.5445319, -20.1446866 ], [ 57.5444086, -20.1442469 ], [ 57.5442607, -20.1438882 ], [ 57.543965, -20.1433907 ], [ 57.5435459, -20.14287 ], [ 57.5429548, -20.1415852 ], [ 57.5427454, -20.1413282 ] ] ] } },
{ "type": "Feature", "properties": { "element": "relation", "id": 18486356, "admin_level": "8", "border_type": null, "boundary": "administrative", "maritime": null, "note": null, "type": "boundary", "ISO3166-1": null, "ISO3166-1:alpha2": null, "ISO3166-1:alpha3": null, "ISO3166-1:numeric": null, "driving_side": null, "flag": null, "name": "Long Mountain VCA", "name:ab": null, "name:af": null, "name:als": null, "name:am": null, "name:ami": null, "name:an": null, "name:ang": null, "name:ar": null, "name:ary": null, "name:arz": null, "name:ast": null, "name:avk": null, "name:az": null, "name:azb": null, "name:ba": null, "name:ban": null, "name:bar": null, "name:bcl": null, "name:be": null, "name:be-tarask": null, "name:bg": null, "name:bi": null, "name:bjn": null, "name:bn": null, "name:bo": null, "name:bpy": null, "name:br": null, "name:bs": null, "name:bxr": null, "name:ca": null, "name:cbk": null, "name:cdo": null, "name:ce": null, "name:ceb": null, "name:ckb": null, "name:crh": null, "name:cs": null, "name:cv": null, "name:cy": null, "name:da": null, "name:dag": null, "name:de": null, "name:diq": null, "name:dty": null, "name:dv": null, "name:ee": null, "name:el": null, "name:en": null, "name:eo": null, "name:es": null, "name:et": null, "name:eu": null, "name:ext": null, "name:fa": null, "name:ff": null, "name:fi": null, "name:fo": null, "name:fr": null, "name:frp": null, "name:frr": null, "name:fy": null, "name:ga": null, "name:gag": null, "name:gcr": null, "name:gd": null, "name:gl": null, "name:gn": null, "name:grc": null, "name:gu": null, "name:gv": null, "name:ha": null, "name:hak": null, "name:haw": null, "name:he": null, "name:hi": null, "name:hif": null, "name:hr": null, "name:hsb": null, "name:ht": null, "name:hu": null, "name:hy": null, "name:ia": null, "name:id": null, "name:ie": null, "name:ig": null, "name:ilo": null, "name:io": null, "name:is": null, "name:it": null, "name:ja": null, "name:jam": null, "name:jv": null, "name:ka": null, "name:kg": null, "name:ki": null, "name:kk": null, "name:kn": null, "name:ko": null, "name:ku": null, "name:kw": null, "name:ky": null, "name:la": null, "name:lad": null, "name:lb": null, "name:lfn": null, "name:lg": null, "name:li": null, "name:lij": null, "name:lld": null, "name:lmo": null, "name:ln": null, "name:lt": null, "name:lv": null, "name:mfe": null, "name:mg": null, "name:mhr": null, "name:mi": null, "name:min": null, "name:mk": null, "name:ml": null, "name:mn": null, "name:mr": null, "name:mrj": null, "name:ms": null, "name:mt": null, "name:my": null, "name:mzn": null, "name:na": null, "name:nah": null, "name:nan": null, "name:nds": null, "name:nds-NL": null, "name:ne": null, "name:nl": null, "name:nn": null, "name:no": null, "name:nov": null, "name:nso": null, "name:oc": null, "name:olo": null, "name:om": null, "name:or": null, "name:os": null, "name:pa": null, "name:pam": null, "name:pi": null, "name:pih": null, "name:pl": null, "name:pms": null, "name:pnb": null, "name:ps": null, "name:pt": null, "name:qu": null, "name:ro": null, "name:ru": null, "name:rw": null, "name:sa": null, "name:sah": null, "name:sc": null, "name:scn": null, "name:sco": null, "name:sd": null, "name:se": null, "name:sg": null, "name:sgs": null, "name:sh": null, "name:shn": null, "name:si": null, "name:simple": null, "name:sk": null, "name:sl": null, "name:sm": null, "name:smn": null, "name:sms": null, "name:sn": null, "name:so": null, "name:sq": null, "name:sr": null, "name:ss": null, "name:st": null, "name:stq": null, "name:su": null, "name:sv": null, "name:sw": null, "name:szl": null, "name:szy": null, "name:ta": null, "name:tay": null, "name:te": null, "name:tg": null, "name:th": null, "name:tk": null, "name:tl": null, "name:tr": null, "name:trv": null, "name:ts": null, "name:tt": null, "name:tzl": null, "name:udm": null, "name:ug": null, "name:uk": null, "name:ur": null, "name:uz": null, "name:vec": null, "name:vep": null, "name:vi": null, "name:vo": null, "name:vro": null, "name:war": null, "name:wo": null, "name:wuu": null, "name:xal": null, "name:xmf": null, "name:yi": null, "name:yo": null, "name:yue": null, "name:za": null, "name:zea": null, "name:zh": null, "name:zh-Hans": null, "name:zh-Hant": null, "name:zh-Hant-CN": null, "name:zh-Hant-TW": null, "name:zu": null, "official_name": null, "official_name:ca": null, "official_name:cs": null, "official_name:de": null, "official_name:fr": null, "official_name:sr": null, "official_name:xmf": null, "population": null, "timezone": null, "wikidata": null, "wikipedia": null, "wikipedia:xmf": null, "ISO3166-2": null, "official_name:ar": null, "official_name:fa": null, "official_name:ur": null, "alt_name:en": null, "code": "1208" }, "geometry": { "type": "Polygon", "coordinates": [ [ [ 57.5498878, -20.162631 ], [ 57.5673043, -20.1487567 ], [ 57.5672265, -20.1481121 ], [ 57.567071, -20.1477243 ], [ 57.567012, -20.147407 ], [ 57.5668939, -20.14712 ], [ 57.5668296, -20.1468077 ], [ 57.5668242, -20.1461581 ], [ 57.5667706, -20.1459415 ], [ 57.5666418, -20.1456192 ], [ 57.5665292, -20.1454278 ], [ 57.5663682, -20.1452666 ], [ 57.5659176, -20.1449645 ], [ 57.5655153, -20.1447882 ], [ 57.5654348, -20.1447076 ], [ 57.5652578, -20.1444155 ], [ 57.5652471, -20.1443148 ], [ 57.5652632, -20.144209 ], [ 57.5653704, -20.1440126 ], [ 57.5654455, -20.143922 ], [ 57.5657352, -20.143922 ], [ 57.5659391, -20.1438515 ], [ 57.5660732, -20.1438515 ], [ 57.5661751, -20.1438162 ], [ 57.5662824, -20.1438061 ], [ 57.5665238, -20.1438565 ], [ 57.5666472, -20.1438515 ], [ 57.5669529, -20.1436802 ], [ 57.5670602, -20.143655 ], [ 57.5673821, -20.1434939 ], [ 57.5674733, -20.1432924 ], [ 57.5675269, -20.1430759 ], [ 57.5675484, -20.1427384 ], [ 57.5675269, -20.1426276 ], [ 57.5671192, -20.1420988 ], [ 57.5669637, -20.1419326 ], [ 57.5668671, -20.1418823 ], [ 57.5667008, -20.1417261 ], [ 57.5663575, -20.1414642 ], [ 57.5662502, -20.1414189 ], [ 57.5659927, -20.1411872 ], [ 57.5658083, -20.1411053 ], [ 57.5656869, -20.1410513 ], [ 57.5653383, -20.1405174 ], [ 57.5653383, -20.1404116 ], [ 57.5653865, -20.1403159 ], [ 57.5655528, -20.1401699 ], [ 57.5656601, -20.1401195 ], [ 57.5659552, -20.1399181 ], [ 57.5661054, -20.1398425 ], [ 57.566438, -20.1397267 ], [ 57.5666633, -20.1396914 ], [ 57.5668939, -20.1396814 ], [ 57.5671032, -20.1395655 ], [ 57.5672104, -20.1393842 ], [ 57.5677415, -20.1386539 ], [ 57.5678917, -20.1382309 ], [ 57.567881, -20.1380042 ], [ 57.5677737, -20.137697 ], [ 57.5676396, -20.1375207 ], [ 57.5672641, -20.1371531 ], [ 57.5671407, -20.1369818 ], [ 57.5671032, -20.1368811 ], [ 57.5670871, -20.136453 ], [ 57.5669208, -20.1359241 ], [ 57.5669315, -20.1354809 ], [ 57.5671783, -20.1347355 ], [ 57.5671675, -20.1345341 ], [ 57.5671353, -20.1344283 ], [ 57.5672319, -20.134257 ], [ 57.5671353, -20.1340707 ], [ 57.5671139, -20.13397 ], [ 57.5669905, -20.1336829 ], [ 57.5668832, -20.1335116 ], [ 57.566792, -20.1334461 ], [ 57.5663521, -20.1333051 ], [ 57.5660195, -20.1331641 ], [ 57.5658425, -20.1330231 ], [ 57.5657191, -20.1325295 ], [ 57.5657299, -20.1323079 ], [ 57.5658586, -20.1319049 ], [ 57.5661215, -20.1315423 ], [ 57.5663307, -20.1311494 ], [ 57.5664702, -20.1309731 ], [ 57.5666418, -20.1308372 ], [ 57.5667706, -20.1306508 ], [ 57.5669744, -20.1305702 ], [ 57.5671407, -20.1304342 ], [ 57.5674465, -20.1302831 ], [ 57.5677201, -20.1302378 ], [ 57.5679078, -20.130132 ], [ 57.5682404, -20.1300162 ], [ 57.568337, -20.1299608 ], [ 57.5688198, -20.1293362 ], [ 57.5689539, -20.1290894 ], [ 57.5689378, -20.1288879 ], [ 57.5688305, -20.1287016 ], [ 57.5683423, -20.1283893 ], [ 57.5680902, -20.1281576 ], [ 57.5680205, -20.128072 ], [ 57.5677952, -20.1279864 ], [ 57.5675967, -20.1278755 ], [ 57.5671836, -20.1276842 ], [ 57.5670602, -20.1275885 ], [ 57.5669959, -20.1274978 ], [ 57.5669798, -20.127387 ], [ 57.5669905, -20.1271805 ], [ 57.5670173, -20.1270797 ], [ 57.5671192, -20.1268732 ], [ 57.567189, -20.1267775 ], [ 57.5674411, -20.1265257 ], [ 57.5676986, -20.126299 ], [ 57.5679132, -20.126022 ], [ 57.5678542, -20.1258306 ], [ 57.5676611, -20.1255586 ], [ 57.5675108, -20.1252413 ], [ 57.5674503, -20.1249839 ], [ 57.5677131, -20.1248417 ], [ 57.5678176, -20.1249507 ], [ 57.568523, -20.1255727 ], [ 57.5690165, -20.1261066 ], [ 57.5691292, -20.1264038 ], [ 57.5694725, -20.1269327 ], [ 57.5700089, -20.1275069 ], [ 57.5704488, -20.1276177 ], [ 57.5713822, -20.1276479 ], [ 57.5720152, -20.1278745 ], [ 57.5721601, -20.1280911 ], [ 57.5721761, -20.1281919 ], [ 57.572042, -20.1287106 ], [ 57.5722244, -20.1289877 ], [ 57.5722834, -20.1291891 ], [ 57.5723585, -20.1292647 ], [ 57.5725369, -20.129382 ], [ 57.5727634, -20.1294052 ], [ 57.5729934, -20.1294484 ], [ 57.5732695, -20.1295415 ], [ 57.573365, -20.1295614 ], [ 57.5736234, -20.1295747 ], [ 57.5737437, -20.1296046 ], [ 57.5738605, -20.1297275 ], [ 57.5738959, -20.1298139 ], [ 57.5738853, -20.1299535 ], [ 57.5738251, -20.1300632 ], [ 57.5736852, -20.1302331 ], [ 57.5734287, -20.1303091 ], [ 57.5731881, -20.1303589 ], [ 57.5729793, -20.1303689 ], [ 57.5726922, -20.1304074 ], [ 57.5726091, -20.1304829 ], [ 57.5724964, -20.1308808 ], [ 57.5724776, -20.1313266 ], [ 57.572947, -20.1319688 ], [ 57.5729872, -20.1323012 ], [ 57.5728531, -20.1323767 ], [ 57.572719, -20.132548 ], [ 57.5725259, -20.132694 ], [ 57.5720807, -20.1328703 ], [ 57.5717856, -20.1330365 ], [ 57.5715281, -20.1332632 ], [ 57.5714155, -20.1334395 ], [ 57.5713779, -20.1336409 ], [ 57.5715764, -20.1340136 ], [ 57.5718071, -20.1342302 ], [ 57.5720377, -20.1342755 ], [ 57.5726815, -20.1341635 ], [ 57.5731643, -20.1341685 ], [ 57.5732072, -20.1341962 ], [ 57.5732233, -20.1342491 ], [ 57.5731214, -20.1344455 ], [ 57.5730516, -20.1347729 ], [ 57.5729336, -20.1349517 ], [ 57.5731965, -20.1351532 ], [ 57.5736149, -20.1352212 ], [ 57.5737651, -20.1353194 ], [ 57.5737651, -20.1355939 ], [ 57.573808, -20.1357525 ], [ 57.5739555, -20.1360698 ], [ 57.5742559, -20.1363947 ], [ 57.574374, -20.1366339 ], [ 57.5743042, -20.1367107 ], [ 57.5741326, -20.1367283 ], [ 57.5739984, -20.1368291 ], [ 57.5737839, -20.1368945 ], [ 57.5737061, -20.1369751 ], [ 57.5736766, -20.1370733 ], [ 57.573749, -20.137159 ], [ 57.5742398, -20.1373327 ], [ 57.5743847, -20.1374234 ], [ 57.5744437, -20.1376928 ], [ 57.574374, -20.1380051 ], [ 57.5745134, -20.1381663 ], [ 57.5747977, -20.138204 ], [ 57.5750552, -20.1383274 ], [ 57.5751974, -20.13834 ], [ 57.5756373, -20.1386019 ], [ 57.5760557, -20.1387152 ], [ 57.5762837, -20.1387203 ], [ 57.5766109, -20.1386044 ], [ 57.5767665, -20.1385037 ], [ 57.5768443, -20.1383677 ], [ 57.576745, -20.1380806 ], [ 57.5767692, -20.1378162 ], [ 57.5768818, -20.1374964 ], [ 57.5770508, -20.1371892 ], [ 57.5772064, -20.1370255 ], [ 57.5774773, -20.136887 ], [ 57.5780593, -20.1367888 ], [ 57.5783946, -20.1370255 ], [ 57.5817337, -20.1467861 ], [ 57.5902339, -20.1568898 ], [ 57.5901805, -20.15735 ], [ 57.5907106, -20.1573908 ], [ 57.590946, -20.1574423 ], [ 57.5910893, -20.1574805 ], [ 57.5912166, -20.1575258 ], [ 57.5913353, -20.1575935 ], [ 57.5921635, -20.1600728 ], [ 57.5990711, -20.172758 ], [ 57.5984084, -20.1729572 ], [ 57.5978858, -20.1730824 ], [ 57.5973414, -20.1731963 ], [ 57.5967286, -20.173286 ], [ 57.5963445, -20.1732538 ], [ 57.5958483, -20.173168 ], [ 57.5952949, -20.1730521 ], [ 57.5948261, -20.1728975 ], [ 57.594458, -20.1728074 ], [ 57.5942407, -20.1729297 ], [ 57.5941538, -20.1730929 ], [ 57.5941584, -20.1733333 ], [ 57.5941104, -20.1741296 ], [ 57.5940669, -20.1743871 ], [ 57.5939434, -20.1747606 ], [ 57.5937948, -20.1752629 ], [ 57.5936393, -20.175778 ], [ 57.5933512, -20.1763167 ], [ 57.5930928, -20.17657 ], [ 57.5928298, -20.1767954 ], [ 57.5923085, -20.1771409 ], [ 57.591252, -20.1776582 ], [ 57.5902848, -20.1785124 ], [ 57.5898914, -20.1788945 ], [ 57.5896719, -20.1792229 ], [ 57.589473, -20.1797401 ], [ 57.5892215, -20.180618 ], [ 57.589054, -20.1810367 ], [ 57.5888925, -20.1812931 ], [ 57.5886009, -20.1816025 ], [ 57.5883304, -20.1817788 ], [ 57.5879456, -20.1818244 ], [ 57.5876422, -20.1818367 ], [ 57.5871352, -20.1817529 ], [ 57.5864032, -20.1815857 ], [ 57.5858059, -20.1813669 ], [ 57.5851534, -20.1810751 ], [ 57.5845726, -20.1807811 ], [ 57.5840406, -20.1804482 ], [ 57.5839651, -20.1804565 ], [ 57.5715836, -20.1745756 ], [ 57.5707045, -20.1742204 ], [ 57.5700745, -20.1739538 ], [ 57.5694137, -20.1736585 ], [ 57.5688726, -20.1734616 ], [ 57.5687803, -20.1734269 ], [ 57.5686493, -20.1733929 ], [ 57.5685833, -20.1734056 ], [ 57.5685015, -20.1733993 ], [ 57.567611, -20.1730606 ], [ 57.5674474, -20.1729813 ], [ 57.5673147, -20.1729272 ], [ 57.5672074, -20.1728982 ], [ 57.5671229, -20.1728857 ], [ 57.56703, -20.1728743 ], [ 57.5669108, -20.1728656 ], [ 57.5665937, -20.1728384 ], [ 57.5664335, -20.1727778 ], [ 57.5663946, -20.1727529 ], [ 57.5663185, -20.172733 ], [ 57.5662406, -20.1727288 ], [ 57.5661707, -20.1727429 ], [ 57.566014, -20.1728039 ], [ 57.5651635, -20.1731742 ], [ 57.5651769, -20.1734232 ], [ 57.5651905, -20.1735688 ], [ 57.5652111, -20.1736844 ], [ 57.5652339, -20.1737725 ], [ 57.5652815, -20.1738738 ], [ 57.5653405, -20.1739557 ], [ 57.5654022, -20.1740205 ], [ 57.5655082, -20.1741124 ], [ 57.5655974, -20.1741772 ], [ 57.5656832, -20.1742439 ], [ 57.5657503, -20.1743276 ], [ 57.5658019, -20.1744202 ], [ 57.5658455, -20.1745404 ], [ 57.5658857, -20.1746738 ], [ 57.5659159, -20.1747726 ], [ 57.5659273, -20.1748658 ], [ 57.5659293, -20.1749426 ], [ 57.5659206, -20.1750427 ], [ 57.5659011, -20.1751062 ], [ 57.5658663, -20.1752025 ], [ 57.565816, -20.175307 ], [ 57.5657845, -20.1753783 ], [ 57.564103, -20.1744173 ], [ 57.5640888, -20.1743699 ], [ 57.5640808, -20.1742919 ], [ 57.5640667, -20.1742329 ], [ 57.5640446, -20.1741847 ], [ 57.5639977, -20.1741316 ], [ 57.5639366, -20.1740792 ], [ 57.5638402, -20.1740369 ], [ 57.5637296, -20.1740186 ], [ 57.563619, -20.1740136 ], [ 57.5634978, -20.1740228 ], [ 57.5633925, -20.1740244 ], [ 57.5633173, -20.1739995 ], [ 57.5632854, -20.1739729 ], [ 57.563, -20.173883 ], [ 57.5630155, -20.1738321 ], [ 57.5631496, -20.1736609 ], [ 57.5632461, -20.1735954 ], [ 57.5634607, -20.1735149 ], [ 57.563847, -20.173253 ], [ 57.5642707, -20.1728703 ], [ 57.5644746, -20.17282 ], [ 57.5646087, -20.1726337 ], [ 57.5648072, -20.1722409 ], [ 57.5648662, -20.1719136 ], [ 57.5648662, -20.1713899 ], [ 57.5648555, -20.1712892 ], [ 57.5648072, -20.1711935 ], [ 57.5645068, -20.1710526 ], [ 57.5643941, -20.1710324 ], [ 57.5637987, -20.1710324 ], [ 57.5636967, -20.1710072 ], [ 57.5636967, -20.1709065 ], [ 57.563906, -20.1705087 ], [ 57.563847, -20.1704231 ], [ 57.5635197, -20.1703627 ], [ 57.5632891, -20.1703476 ], [ 57.5629938, -20.1702646 ], [ 57.5602696, -20.1702972 ], [ 57.5548103, -20.1710877 ], [ 57.5544898, -20.1707753 ], [ 57.5541324, -20.1704399 ], [ 57.553849, -20.1701854 ], [ 57.5535285, -20.1698961 ], [ 57.5534299, -20.1693987 ], [ 57.5533437, -20.1687393 ], [ 57.5532204, -20.1680336 ], [ 57.5529247, -20.1674552 ], [ 57.5526905, -20.1669462 ], [ 57.5525426, -20.1666338 ], [ 57.5523084, -20.1661479 ], [ 57.5522222, -20.1657893 ], [ 57.551951, -20.1653844 ], [ 57.5517292, -20.1649679 ], [ 57.5515197, -20.1646671 ], [ 57.5511253, -20.1643201 ], [ 57.5508419, -20.1638689 ], [ 57.550694, -20.1633714 ], [ 57.5503982, -20.1629781 ], [ 57.5500654, -20.162712 ], [ 57.5498878, -20.162631 ] ] ] } },
{ "type": "Feature", "properties": { "element": "relation", "id": 18486435, "admin_level": "8", "border_type": null, "boundary": "administrative", "maritime": null, "note": null, "type": "boundary", "ISO3166-1": null, "ISO3166-1:alpha2": null, "ISO3166-1:alpha3": null, "ISO3166-1:numeric": null, "driving_side": null, "flag": null, "name": "Crève Coeur VCA", "name:ab": null, "name:af": null, "name:als": null, "name:am": null, "name:ami": null, "name:an": null, "name:ang": null, "name:ar": null, "name:ary": null, "name:arz": null, "name:ast": null, "name:avk": null, "name:az": null, "name:azb": null, "name:ba": null, "name:ban": null, "name:bar": null, "name:bcl": null, "name:be": null, "name:be-tarask": null, "name:bg": null, "name:bi": null, "name:bjn": null, "name:bn": null, "name:bo": null, "name:bpy": null, "name:br": null, "name:bs": null, "name:bxr": null, "name:ca": null, "name:cbk": null, "name:cdo": null, "name:ce": null, "name:ceb": null, "name:ckb": null, "name:crh": null, "name:cs": null, "name:cv": null, "name:cy": null, "name:da": null, "name:dag": null, "name:de": null, "name:diq": null, "name:dty": null, "name:dv": null, "name:ee": null, "name:el": null, "name:en": null, "name:eo": null, "name:es": null, "name:et": null, "name:eu": null, "name:ext": null, "name:fa": null, "name:ff": null, "name:fi": null, "name:fo": null, "name:fr": null, "name:frp": null, "name:frr": null, "name:fy": null, "name:ga": null, "name:gag": null, "name:gcr": null, "name:gd": null, "name:gl": null, "name:gn": null, "name:grc": null, "name:gu": null, "name:gv": null, "name:ha": null, "name:hak": null, "name:haw": null, "name:he": null, "name:hi": null, "name:hif": null, "name:hr": null, "name:hsb": null, "name:ht": null, "name:hu": null, "name:hy": null, "name:ia": null, "name:id": null, "name:ie": null, "name:ig": null, "name:ilo": null, "name:io": null, "name:is": null, "name:it": null, "name:ja": null, "name:jam": null, "name:jv": null, "name:ka": null, "name:kg": null, "name:ki": null, "name:kk": null, "name:kn": null, "name:ko": null, "name:ku": null, "name:kw": null, "name:ky": null, "name:la": null, "name:lad": null, "name:lb": null, "name:lfn": null, "name:lg": null, "name:li": null, "name:lij": null, "name:lld": null, "name:lmo": null, "name:ln": null, "name:lt": null, "name:lv": null, "name:mfe": null, "name:mg": null, "name:mhr": null, "name:mi": null, "name:min": null, "name:mk": null, "name:ml": null, "name:mn": null, "name:mr": null, "name:mrj": null, "name:ms": null, "name:mt": null, "name:my": null, "name:mzn": null, "name:na": null, "name:nah": null, "name:nan": null, "name:nds": null, "name:nds-NL": null, "name:ne": null, "name:nl": null, "name:nn": null, "name:no": null, "name:nov": null, "name:nso": null, "name:oc": null, "name:olo": null, "name:om": null, "name:or": null, "name:os": null, "name:pa": null, "name:pam": null, "name:pi": null, "name:pih": null, "name:pl": null, "name:pms": null, "name:pnb": null, "name:ps": null, "name:pt": null, "name:qu": null, "name:ro": null, "name:ru": null, "name:rw": null, "name:sa": null, "name:sah": null, "name:sc": null, "name:scn": null, "name:sco": null, "name:sd": null, "name:se": null, "name:sg": null, "name:sgs": null, "name:sh": null, "name:shn": null, "name:si": null, "name:simple": null, "name:sk": null, "name:sl": null, "name:sm": null, "name:smn": null, "name:sms": null, "name:sn": null, "name:so": null, "name:sq": null, "name:sr": null, "name:ss": null, "name:st": null, "name:stq": null, "name:su": null, "name:sv": null, "name:sw": null, "name:szl": null, "name:szy": null, "name:ta": null, "name:tay": null, "name:te": null, "name:tg": null, "name:th": null, "name:tk": null, "name:tl": null, "name:tr": null, "name:trv": null, "name:ts": null, "name:tt": null, "name:tzl": null, "name:udm": null, "name:ug": null, "name:uk": null, "name:ur": null, "name:uz": null, "name:vec": null, "name:vep": null, "name:vi": null, "name:vo": null, "name:vro": null, "name:war": null, "name:wo": null, "name:wuu": null, "name:xal": null, "name:xmf": null, "name:yi": null, "name:yo": null, "name:yue": null, "name:za": null, "name:zea": null, "name:zh": null, "name:zh-Hans": null, "name:zh-Hant": null, "name:zh-Hant-CN": null, "name:zh-Hant-TW": null, "name:zu": null, "official_name": null, "official_name:ca": null, "official_name:cs": null, "official_name:de": null, "official_name:fr": null, "official_name:sr": null, "official_name:xmf": null, "population": null, "timezone": null, "wikidata": null, "wikipedia": null, "wikipedia:xmf": null, "ISO3166-2": null, "official_name:ar": null, "official_name:fa": null, "official_name:ur": null, "alt_name:en": null, "code": "1204" }, "geometry": { "type": "Polygon", "coordinates": [ [ [ 57.5548103, -20.1710877 ], [ 57.5602696, -20.1702972 ], [ 57.5629938, -20.1702646 ], [ 57.5632891, -20.1703476 ], [ 57.5635197, -20.1703627 ], [ 57.563847, -20.1704231 ], [ 57.563906, -20.1705087 ], [ 57.5636967, -20.1709065 ], [ 57.5636967, -20.1710072 ], [ 57.5637987, -20.1710324 ], [ 57.5643941, -20.1710324 ], [ 57.5645068, -20.1710526 ], [ 57.5648072, -20.1711935 ], [ 57.5648555, -20.1712892 ], [ 57.5648662, -20.1713899 ], [ 57.5648662, -20.1719136 ], [ 57.5648072, -20.1722409 ], [ 57.5646087, -20.1726337 ], [ 57.5644746, -20.17282 ], [ 57.5642707, -20.1728703 ], [ 57.563847, -20.173253 ], [ 57.5634607, -20.1735149 ], [ 57.5632461, -20.1735954 ], [ 57.5631496, -20.1736609 ], [ 57.5630155, -20.1738321 ], [ 57.563, -20.173883 ], [ 57.5632854, -20.1739729 ], [ 57.5633173, -20.1739995 ], [ 57.5633925, -20.1740244 ], [ 57.5634978, -20.1740228 ], [ 57.563619, -20.1740136 ], [ 57.5637296, -20.1740186 ], [ 57.5638402, -20.1740369 ], [ 57.5639366, -20.1740792 ], [ 57.5639977, -20.1741316 ], [ 57.5640446, -20.1741847 ], [ 57.5640667, -20.1742329 ], [ 57.5640808, -20.1742919 ], [ 57.5640888, -20.1743699 ], [ 57.564103, -20.1744173 ], [ 57.5657845, -20.1753783 ], [ 57.565816, -20.175307 ], [ 57.5658663, -20.1752025 ], [ 57.5659011, -20.1751062 ], [ 57.5659206, -20.1750427 ], [ 57.5659293, -20.1749426 ], [ 57.5659273, -20.1748658 ], [ 57.5659159, -20.1747726 ], [ 57.5658857, -20.1746738 ], [ 57.5658455, -20.1745404 ], [ 57.5658019, -20.1744202 ], [ 57.5657503, -20.1743276 ], [ 57.5656832, -20.1742439 ], [ 57.5655974, -20.1741772 ], [ 57.5655082, -20.1741124 ], [ 57.5654022, -20.1740205 ], [ 57.5653405, -20.1739557 ], [ 57.5652815, -20.1738738 ], [ 57.5652339, -20.1737725 ], [ 57.5652111, -20.1736844 ], [ 57.5651905, -20.1735688 ], [ 57.5651769, -20.1734232 ], [ 57.5651635, -20.1731742 ], [ 57.566014, -20.1728039 ], [ 57.5661707, -20.1727429 ], [ 57.5662406, -20.1727288 ], [ 57.5663185, -20.172733 ], [ 57.5663946, -20.1727529 ], [ 57.5664335, -20.1727778 ], [ 57.5665937, -20.1728384 ], [ 57.5669108, -20.1728656 ], [ 57.56703, -20.1728743 ], [ 57.5671229, -20.1728857 ], [ 57.5672074, -20.1728982 ], [ 57.5673147, -20.1729272 ], [ 57.5674474, -20.1729813 ], [ 57.567611, -20.1730606 ], [ 57.5685015, -20.1733993 ], [ 57.5685833, -20.1734056 ], [ 57.5686493, -20.1733929 ], [ 57.5687803, -20.1734269 ], [ 57.5688726, -20.1734616 ], [ 57.5694137, -20.1736585 ], [ 57.5700745, -20.1739538 ], [ 57.5707045, -20.1742204 ], [ 57.5715836, -20.1745756 ], [ 57.5839651, -20.1804565 ], [ 57.5842093, -20.1808158 ], [ 57.5842907, -20.1811868 ], [ 57.5844084, -20.1815917 ], [ 57.5845321, -20.1819118 ], [ 57.5846106, -20.1823507 ], [ 57.5842799, -20.1833996 ], [ 57.5840421, -20.1840756 ], [ 57.5839552, -20.1846916 ], [ 57.5838432, -20.1852818 ], [ 57.5836854, -20.1857046 ], [ 57.5831572, -20.1864923 ], [ 57.5825946, -20.1871576 ], [ 57.5822585, -20.1875311 ], [ 57.5816708, -20.1879345 ], [ 57.5815405, -20.1880333 ], [ 57.5813438, -20.188381 ], [ 57.5812723, -20.1889329 ], [ 57.5811889, -20.1890764 ], [ 57.5808225, -20.1897354 ], [ 57.5806894, -20.1898507 ], [ 57.5802636, -20.190039 ], [ 57.579846, -20.1901907 ], [ 57.5795553, -20.1902292 ], [ 57.5791828, -20.1903118 ], [ 57.577891, -20.1909516 ], [ 57.5775389, -20.191186 ], [ 57.5772626, -20.1913992 ], [ 57.5769678, -20.1917989 ], [ 57.5766464, -20.1920486 ], [ 57.576282, -20.1924867 ], [ 57.5749371, -20.1931803 ], [ 57.574454, -20.1933378 ], [ 57.5741162, -20.1935837 ], [ 57.5738869, -20.1938316 ], [ 57.5735962, -20.1940333 ], [ 57.5733874, -20.194139 ], [ 57.573281, -20.1942139 ], [ 57.5730926, -20.1943638 ], [ 57.5724273, -20.1948018 ], [ 57.5721121, -20.1950151 ], [ 57.5715491, -20.195457 ], [ 57.5704601, -20.19631 ], [ 57.5703168, -20.1964656 ], [ 57.5701939, -20.1966366 ], [ 57.5699995, -20.196823 ], [ 57.5697927, -20.1969805 ], [ 57.5694979, -20.1971438 ], [ 57.5692734, -20.1972194 ], [ 57.5689008, -20.197249 ], [ 57.5684747, -20.1975456 ], [ 57.5677311, -20.1976583 ], [ 57.567662, -20.1977251 ], [ 57.56729, -20.1977689 ], [ 57.5669636, -20.1976789 ], [ 57.5667968, -20.1976058 ], [ 57.5654214, -20.1972935 ], [ 57.5649615, -20.1972805 ], [ 57.5646221, -20.1973073 ], [ 57.5642806, -20.1973177 ], [ 57.5635528, -20.1972844 ], [ 57.5630394, -20.1972016 ], [ 57.5628342, -20.1970671 ], [ 57.5625139, -20.1969541 ], [ 57.5618839, -20.1966087 ], [ 57.5613601, -20.1963695 ], [ 57.5611243, -20.1962175 ], [ 57.5604576, -20.1957567 ], [ 57.5602055, -20.1955028 ], [ 57.5597414, -20.1951403 ], [ 57.5595577, -20.1949578 ], [ 57.5591956, -20.1948181 ], [ 57.5583333, -20.1945261 ], [ 57.5578491, -20.1943385 ], [ 57.5574991, -20.1941094 ], [ 57.557045, -20.1937302 ], [ 57.5569617, -20.1935986 ], [ 57.556671, -20.1933238 ], [ 57.5563356, -20.1931865 ], [ 57.5561954, -20.192948 ], [ 57.5558559, -20.1924291 ], [ 57.5558132, -20.1920437 ], [ 57.5556818, -20.191647 ], [ 57.5557464, -20.1915702 ], [ 57.5559471, -20.1908317 ], [ 57.5561176, -20.1891157 ], [ 57.5560662, -20.1887388 ], [ 57.5559915, -20.188375 ], [ 57.5559648, -20.1876767 ], [ 57.5558841, -20.1872968 ], [ 57.5556786, -20.1864903 ], [ 57.5555292, -20.185675 ], [ 57.5554731, -20.1850789 ], [ 57.5553989, -20.1845219 ], [ 57.5553667, -20.1841342 ], [ 57.5553989, -20.1837868 ], [ 57.5556237, -20.1834422 ], [ 57.5559811, -20.1829795 ], [ 57.5562152, -20.1826556 ], [ 57.5563878, -20.1823201 ], [ 57.5565603, -20.18195 ], [ 57.5562029, -20.1815567 ], [ 57.5559318, -20.1812328 ], [ 57.5555902, -20.1808778 ], [ 57.5554511, -20.1803652 ], [ 57.5553032, -20.1799719 ], [ 57.5550074, -20.1795902 ], [ 57.5547363, -20.1792663 ], [ 57.5544282, -20.1788036 ], [ 57.5541201, -20.178202 ], [ 57.5540215, -20.1777972 ], [ 57.5538859, -20.1772072 ], [ 57.5536271, -20.1767329 ], [ 57.5534299, -20.1764322 ], [ 57.5531958, -20.1762239 ], [ 57.5532697, -20.1759579 ], [ 57.5536025, -20.175391 ], [ 57.5538366, -20.1748821 ], [ 57.5540585, -20.1742458 ], [ 57.5543912, -20.1735864 ], [ 57.5545638, -20.1729386 ], [ 57.55465, -20.1723371 ], [ 57.5548349, -20.1719553 ], [ 57.5549828, -20.1715851 ], [ 57.5548103, -20.1710877 ] ] ] } },
{ "type": "Feature", "properties": { "element": "relation", "id": 18502097, "admin_level": "9", "border_type": null, "boundary": "administrative", "maritime": null, "note": null, "type": "boundary", "ISO3166-1": null, "ISO3166-1:alpha2": null, "ISO3166-1:alpha3": null, "ISO3166-1:numeric": null, "driving_side": null, "flag": null, "name": "Town of Port-Louis, Ward 3", "name:ab": null, "name:af": null, "name:als": null, "name:am": null, "name:ami": null, "name:an": null, "name:ang": null, "name:ar": null, "name:ary": null, "name:arz": null, "name:ast": null, "name:avk": null, "name:az": null, "name:azb": null, "name:ba": null, "name:ban": null, "name:bar": null, "name:bcl": null, "name:be": null, "name:be-tarask": null, "name:bg": null, "name:bi": null, "name:bjn": null, "name:bn": null, "name:bo": null, "name:bpy": null, "name:br": null, "name:bs": null, "name:bxr": null, "name:ca": null, "name:cbk": null, "name:cdo": null, "name:ce": null, "name:ceb": null, "name:ckb": null, "name:crh": null, "name:cs": null, "name:cv": null, "name:cy": null, "name:da": null, "name:dag": null, "name:de": null, "name:diq": null, "name:dty": null, "name:dv": null, "name:ee": null, "name:el": null, "name:en": null, "name:eo": null, "name:es": null, "name:et": null, "name:eu": null, "name:ext": null, "name:fa": null, "name:ff": null, "name:fi": null, "name:fo": null, "name:fr": null, "name:frp": null, "name:frr": null, "name:fy": null, "name:ga": null, "name:gag": null, "name:gcr": null, "name:gd": null, "name:gl": null, "name:gn": null, "name:grc": null, "name:gu": null, "name:gv": null, "name:ha": null, "name:hak": null, "name:haw": null, "name:he": null, "name:hi": null, "name:hif": null, "name:hr": null, "name:hsb": null, "name:ht": null, "name:hu": null, "name:hy": null, "name:ia": null, "name:id": null, "name:ie": null, "name:ig": null, "name:ilo": null, "name:io": null, "name:is": null, "name:it": null, "name:ja": null, "name:jam": null, "name:jv": null, "name:ka": null, "name:kg": null, "name:ki": null, "name:kk": null, "name:kn": null, "name:ko": null, "name:ku": null, "name:kw": null, "name:ky": null, "name:la": null, "name:lad": null, "name:lb": null, "name:lfn": null, "name:lg": null, "name:li": null, "name:lij": null, "name:lld": null, "name:lmo": null, "name:ln": null, "name:lt": null, "name:lv": null, "name:mfe": null, "name:mg": null, "name:mhr": null, "name:mi": null, "name:min": null, "name:mk": null, "name:ml": null, "name:mn": null, "name:mr": null, "name:mrj": null, "name:ms": null, "name:mt": null, "name:my": null, "name:mzn": null, "name:na": null, "name:nah": null, "name:nan": null, "name:nds": null, "name:nds-NL": null, "name:ne": null, "name:nl": null, "name:nn": null, "name:no": null, "name:nov": null, "name:nso": null, "name:oc": null, "name:olo": null, "name:om": null, "name:or": null, "name:os": null, "name:pa": null, "name:pam": null, "name:pi": null, "name:pih": null, "name:pl": null, "name:pms": null, "name:pnb": null, "name:ps": null, "name:pt": null, "name:qu": null, "name:ro": null, "name:ru": null, "name:rw": null, "name:sa": null, "name:sah": null, "name:sc": null, "name:scn": null, "name:sco": null, "name:sd": null, "name:se": null, "name:sg": null, "name:sgs": null, "name:sh": null, "name:shn": null, "name:si": null, "name:simple": null, "name:sk": null, "name:sl": null, "name:sm": null, "name:smn": null, "name:sms": null, "name:sn": null, "name:so": null, "name:sq": null, "name:sr": null, "name:ss": null, "name:st": null, "name:stq": null, "name:su": null, "name:sv": null, "name:sw": null, "name:szl": null, "name:szy": null, "name:ta": null, "name:tay": null, "name:te": null, "name:tg": null, "name:th": null, "name:tk": null, "name:tl": null, "name:tr": null, "name:trv": null, "name:ts": null, "name:tt": null, "name:tzl": null, "name:udm": null, "name:ug": null, "name:uk": null, "name:ur": null, "name:uz": null, "name:vec": null, "name:vep": null, "name:vi": null, "name:vo": null, "name:vro": null, "name:war": null, "name:wo": null, "name:wuu": null, "name:xal": null, "name:xmf": null, "name:yi": null, "name:yo": null, "name:yue": null, "name:za": null, "name:zea": null, "name:zh": null, "name:zh-Hans": null, "name:zh-Hant": null, "name:zh-Hant-CN": null, "name:zh-Hant-TW": null, "name:zu": null, "official_name": null, "official_name:ca": null, "official_name:cs": null, "official_name:de": null, "official_name:fr": null, "official_name:sr": null, "official_name:xmf": null, "population": null, "timezone": null, "wikidata": null, "wikipedia": null, "wikipedia:xmf": null, "ISO3166-2": null, "official_name:ar": null, "official_name:fa": null, "official_name:ur": null, "alt_name:en": null, "code": "1113" }, "geometry": { "type": "Polygon", "coordinates": [ [ [ 57.477393, -20.1690767 ], [ 57.4773748, -20.1689321 ], [ 57.4773976, -20.168844 ], [ 57.4774529, -20.1687414 ], [ 57.4774298, -20.168596 ], [ 57.4774405, -20.1684487 ], [ 57.4775049, -20.1682989 ], [ 57.4774486, -20.168173 ], [ 57.4774298, -20.1680333 ], [ 57.4774848, -20.1679137 ], [ 57.4774459, -20.1670413 ], [ 57.4774097, -20.1669507 ], [ 57.4773976, -20.1666007 ], [ 57.4773259, -20.1665453 ], [ 57.4772729, -20.1665252 ], [ 57.4772742, -20.1664603 ], [ 57.477293, -20.1663388 ], [ 57.4772139, -20.1661978 ], [ 57.4772514, -20.1660468 ], [ 57.4772219, -20.1658579 ], [ 57.477171, -20.1656792 ], [ 57.4770892, -20.1655117 ], [ 57.4770798, -20.1653607 ], [ 57.4771209, -20.1652783 ], [ 57.4769697, -20.1647086 ], [ 57.4769466, -20.1646459 ], [ 57.4768718, -20.1645343 ], [ 57.4763789, -20.1643877 ], [ 57.4763797, -20.1643221 ], [ 57.4764127, -20.1642739 ], [ 57.4765298, -20.1642627 ], [ 57.4764415, -20.1638396 ], [ 57.4763497, -20.163783 ], [ 57.4762174, -20.16368 ], [ 57.4762295, -20.1635604 ], [ 57.4761558, -20.1633968 ], [ 57.4761736, -20.1633172 ], [ 57.4761979, -20.1632146 ], [ 57.4762177, -20.163024 ], [ 57.4761883, -20.1629517 ], [ 57.4759827, -20.1629045 ], [ 57.4758799, -20.1629253 ], [ 57.4757601, -20.1629962 ], [ 57.475653, -20.1630655 ], [ 57.4755703, -20.1631743 ], [ 57.4754909, -20.1633677 ], [ 57.4754867, -20.1635978 ], [ 57.4755749, -20.1638397 ], [ 57.4757053, -20.164006 ], [ 57.4758494, -20.1641068 ], [ 57.4760429, -20.1641838 ], [ 57.4763078, -20.1642555 ], [ 57.4763127, -20.1643246 ], [ 57.4762765, -20.1643502 ], [ 57.4760446, -20.1642854 ], [ 57.4759216, -20.1642431 ], [ 57.4757692, -20.16418 ], [ 57.47561, -20.1640545 ], [ 57.4754877, -20.1638988 ], [ 57.4754112, -20.1637172 ], [ 57.475381, -20.1635463 ], [ 57.475391, -20.1633604 ], [ 57.4754293, -20.1631914 ], [ 57.4755334, -20.1630137 ], [ 57.475661, -20.1629083 ], [ 57.4757954, -20.162842 ], [ 57.4759747, -20.1628118 ], [ 57.4762114, -20.1628426 ], [ 57.4762761, -20.16263 ], [ 57.4763798, -20.1624149 ], [ 57.4764306, -20.1623568 ], [ 57.4764899, -20.162311 ], [ 57.4766742, -20.1621617 ], [ 57.4768181, -20.1620217 ], [ 57.4771364, -20.1617619 ], [ 57.4772765, -20.1616074 ], [ 57.4775907, -20.161628 ], [ 57.477863, -20.1616532 ], [ 57.4781191, -20.161691 ], [ 57.4782613, -20.1616683 ], [ 57.4784041, -20.1616094 ], [ 57.4785577, -20.1615021 ], [ 57.4786958, -20.1613661 ], [ 57.4787723, -20.1612654 ], [ 57.4788904, -20.1612453 ], [ 57.4790687, -20.1610896 ], [ 57.4792155, -20.1609309 ], [ 57.479698, -20.1602169 ], [ 57.4798114, -20.1600451 ], [ 57.4799636, -20.1597344 ], [ 57.4800936, -20.1595071 ], [ 57.4802293, -20.1593346 ], [ 57.4804703, -20.1589247 ], [ 57.4806415, -20.1586389 ], [ 57.4810053, -20.1579948 ], [ 57.4813865, -20.1573709 ], [ 57.4817316, -20.1568663 ], [ 57.4818537, -20.1566693 ], [ 57.4819028, -20.1565655 ], [ 57.4818483, -20.1564031 ], [ 57.4815926, -20.1561314 ], [ 57.48046, -20.1552016 ], [ 57.4789907, -20.154061 ], [ 57.4769487, -20.1523835 ], [ 57.4793309, -20.1495079 ], [ 57.4795943, -20.1492976 ], [ 57.4798679, -20.1491314 ], [ 57.480163, -20.1489778 ], [ 57.4805117, -20.1488821 ], [ 57.4808657, -20.1487915 ], [ 57.4812037, -20.1487663 ], [ 57.4815389, -20.148794 ], [ 57.4818447, -20.1488494 ], [ 57.4822336, -20.1489677 ], [ 57.4824482, -20.1490357 ], [ 57.4825689, -20.1491037 ], [ 57.4826735, -20.149212 ], [ 57.4827406, -20.1493328 ], [ 57.4827808, -20.1495595 ], [ 57.4827218, -20.1498289 ], [ 57.4827645, -20.1500341 ], [ 57.4828854, -20.1501839 ], [ 57.4833436, -20.1505388 ], [ 57.4847954, -20.1516688 ], [ 57.4856583, -20.1523304 ], [ 57.4871284, -20.1535765 ], [ 57.4873289, -20.153704 ], [ 57.4875546, -20.1536597 ], [ 57.4878448, -20.1537269 ], [ 57.4880983, -20.1537543 ], [ 57.4884532, -20.1537612 ], [ 57.4885127, -20.1537734 ], [ 57.4885569, -20.1537331 ], [ 57.4886088, -20.1536456 ], [ 57.4886897, -20.153582 ], [ 57.4887777, -20.1535922 ], [ 57.489363, -20.1539849 ], [ 57.4895204, -20.1540301 ], [ 57.489603, -20.154073 ], [ 57.4896063, -20.1543152 ], [ 57.4895809, -20.1543676 ], [ 57.48954, -20.154423 ], [ 57.4895266, -20.1544859 ], [ 57.4895386, -20.1546056 ], [ 57.4895944, -20.1546694 ], [ 57.4900845, -20.1549253 ], [ 57.4911493, -20.1555296 ], [ 57.4912856, -20.1555998 ], [ 57.4912545, -20.155636 ], [ 57.4916654, -20.1558672 ], [ 57.4916849, -20.1558351 ], [ 57.4917801, -20.1558848 ], [ 57.4917605, -20.1559184 ], [ 57.4923473, -20.1562204 ], [ 57.4952132, -20.1577049 ], [ 57.4952933, -20.1577832 ], [ 57.4953724, -20.1578727 ], [ 57.495416, -20.1580183 ], [ 57.4956016, -20.1588239 ], [ 57.4957268, -20.1593671 ], [ 57.4957424, -20.1594737 ], [ 57.495711, -20.1595933 ], [ 57.4956994, -20.1596179 ], [ 57.4956853, -20.1596478 ], [ 57.4955843, -20.1598628 ], [ 57.4955587, -20.1599533 ], [ 57.4955696, -20.1600465 ], [ 57.4956993, -20.1604105 ], [ 57.4957547, -20.1603917 ], [ 57.4957727, -20.16044 ], [ 57.495717, -20.1604617 ], [ 57.4958258, -20.1607277 ], [ 57.4958534, -20.1607252 ], [ 57.4959829, -20.161265 ], [ 57.4959612, -20.1623451 ], [ 57.4958854, -20.1624301 ], [ 57.4956956, -20.1624803 ], [ 57.4948868, -20.1628718 ], [ 57.494952, -20.1629264 ], [ 57.4950635, -20.1629967 ], [ 57.4958944, -20.1626239 ], [ 57.4959411, -20.1625749 ], [ 57.4967263, -20.1622345 ], [ 57.4968493, -20.1621892 ], [ 57.497383, -20.1619507 ], [ 57.4973532, -20.1618761 ], [ 57.4973763, -20.161583 ], [ 57.4976785, -20.1616031 ], [ 57.4978042, -20.161671 ], [ 57.4980255, -20.1617142 ], [ 57.4984812, -20.1618026 ], [ 57.4990333, -20.161904 ], [ 57.4990575, -20.1618263 ], [ 57.499082, -20.1617278 ], [ 57.4976504, -20.1613401 ], [ 57.4968516, -20.1611239 ], [ 57.4963503, -20.160729 ], [ 57.4963354, -20.1607172 ], [ 57.4963313, -20.1606857 ], [ 57.496446, -20.1605415 ], [ 57.4964244, -20.1605246 ], [ 57.4963186, -20.1606484 ], [ 57.4963072, -20.1606372 ], [ 57.4960843, -20.1604168 ], [ 57.495853, -20.1600744 ], [ 57.4959826, -20.1597555 ], [ 57.4960486, -20.1596153 ], [ 57.4961254, -20.1594523 ], [ 57.4961628, -20.1593902 ], [ 57.4961942, -20.159355 ], [ 57.4962301, -20.1593269 ], [ 57.4963074, -20.1593186 ], [ 57.4963712, -20.1593545 ], [ 57.4964004, -20.1594001 ], [ 57.4964303, -20.1595312 ], [ 57.4964697, -20.1597038 ], [ 57.4965576, -20.1600892 ], [ 57.4973154, -20.1606525 ], [ 57.497422, -20.1602805 ], [ 57.4973722, -20.1602238 ], [ 57.4967917, -20.1597726 ], [ 57.4967196, -20.1597074 ], [ 57.4967155, -20.1596829 ], [ 57.4967269, -20.159657 ], [ 57.4967562, -20.1596278 ], [ 57.4968155, -20.1596108 ], [ 57.4968208, -20.1596123 ], [ 57.4968659, -20.1596256 ], [ 57.4974736, -20.1599891 ], [ 57.4975672, -20.1600451 ], [ 57.4981092, -20.1603635 ], [ 57.4983816, -20.1605235 ], [ 57.4985701, -20.1605851 ], [ 57.4988268, -20.160669 ], [ 57.4988515, -20.1607384 ], [ 57.4989152, -20.1607497 ], [ 57.4990969, -20.1609641 ], [ 57.4991151, -20.1611117 ], [ 57.499282, -20.161107 ], [ 57.4993258, -20.1610816 ], [ 57.499383, -20.161056 ], [ 57.4994444, -20.1610509 ], [ 57.4994898, -20.1610571 ], [ 57.4995441, -20.1610836 ], [ 57.4995845, -20.1611279 ], [ 57.499731, -20.1611296 ], [ 57.5000792, -20.1610967 ], [ 57.5005863, -20.160573 ], [ 57.5005632, -20.1605428 ], [ 57.5005571, -20.1605108 ], [ 57.5005567, -20.1604887 ], [ 57.5005616, -20.160467 ], [ 57.5005767, -20.1604481 ], [ 57.5005938, -20.1604383 ], [ 57.50061, -20.1604344 ], [ 57.5006271, -20.1604325 ], [ 57.5006447, -20.1604317 ], [ 57.5006664, -20.1604361 ], [ 57.5006854, -20.1604453 ], [ 57.5009217, -20.1601831 ], [ 57.5003696, -20.1596497 ], [ 57.5005504, -20.1594309 ], [ 57.5006581, -20.1592842 ], [ 57.5006906, -20.1592989 ], [ 57.5007524, -20.1592099 ], [ 57.5008212, -20.1591217 ], [ 57.501379, -20.1580918 ], [ 57.5013795, -20.15786 ], [ 57.5014134, -20.157804 ], [ 57.5014672, -20.1577424 ], [ 57.5015462, -20.1577309 ], [ 57.5024092, -20.1579746 ], [ 57.5032223, -20.1582214 ], [ 57.5042776, -20.1571671 ], [ 57.5045503, -20.1574024 ], [ 57.5045862, -20.1574083 ], [ 57.5047213, -20.1575271 ], [ 57.5045939, -20.1576945 ], [ 57.5044383, -20.1578771 ], [ 57.5043029, -20.1580156 ], [ 57.5041808, -20.1581415 ], [ 57.504032, -20.1582737 ], [ 57.5032997, -20.1588578 ], [ 57.5029743, -20.159123 ], [ 57.5024966, -20.1595237 ], [ 57.5025305, -20.159556 ], [ 57.5030145, -20.1599772 ], [ 57.5037289, -20.1606362 ], [ 57.5041153, -20.1610374 ], [ 57.5048082, -20.1617174 ], [ 57.5054788, -20.1623332 ], [ 57.5059593, -20.1627787 ], [ 57.5055205, -20.1631958 ], [ 57.5060082, -20.1637008 ], [ 57.506471, -20.164136 ], [ 57.5068886, -20.164522 ], [ 57.5078322, -20.1654107 ], [ 57.5079646, -20.1655339 ], [ 57.5083095, -20.1658547 ], [ 57.5078628, -20.1663005 ], [ 57.5073738, -20.1667335 ], [ 57.5069055, -20.1671843 ], [ 57.506685, -20.1673952 ], [ 57.5064532, -20.1676103 ], [ 57.5062296, -20.1678323 ], [ 57.5058583, -20.1681779 ], [ 57.505749, -20.1682833 ], [ 57.5056041, -20.1684306 ], [ 57.5052976, -20.1687185 ], [ 57.5051733, -20.168831 ], [ 57.5050945, -20.1688988 ], [ 57.5048427, -20.1691151 ], [ 57.5045476, -20.1694282 ], [ 57.5044246, -20.1695284 ], [ 57.5043109, -20.1696208 ], [ 57.5040362, -20.1699001 ], [ 57.503507, -20.1703997 ], [ 57.5031894, -20.1706995 ], [ 57.5030333, -20.170862 ], [ 57.5024956, -20.1713849 ], [ 57.5021702, -20.1716899 ], [ 57.5018484, -20.1719905 ], [ 57.5015545, -20.1722783 ], [ 57.5006487, -20.17145 ], [ 57.5002678, -20.1710903 ], [ 57.4998933, -20.1707431 ], [ 57.4994427, -20.1703126 ], [ 57.4992979, -20.1701665 ], [ 57.4987373, -20.1696504 ], [ 57.4984959, -20.1694263 ], [ 57.4982089, -20.1691595 ], [ 57.4979112, -20.1688397 ], [ 57.4975196, -20.1684771 ], [ 57.4972412, -20.1682436 ], [ 57.4970113, -20.168029 ], [ 57.4970097, -20.1679896 ], [ 57.4969989, -20.1679503 ], [ 57.4969682, -20.1679042 ], [ 57.4968358, -20.1677946 ], [ 57.4967972, -20.167774 ], [ 57.4967865, -20.1678216 ], [ 57.496733, -20.1681005 ], [ 57.4967223, -20.1681584 ], [ 57.496707, -20.1682087 ], [ 57.4961845, -20.1689875 ], [ 57.496095, -20.1690922 ], [ 57.4960055, -20.1691968 ], [ 57.4959915, -20.1692222 ], [ 57.4956286, -20.1693307 ], [ 57.4912537, -20.1721852 ], [ 57.4883787, -20.1667747 ], [ 57.4882713, -20.166821 ], [ 57.4878025, -20.1670283 ], [ 57.4877695, -20.1670429 ], [ 57.4874502, -20.1671829 ], [ 57.4873849, -20.1672128 ], [ 57.4872349, -20.167268 ], [ 57.4872164, -20.1672288 ], [ 57.4870174, -20.1671967 ], [ 57.485741, -20.166979 ], [ 57.4852028, -20.1669061 ], [ 57.484399, -20.1667629 ], [ 57.483869, -20.1666853 ], [ 57.4833468, -20.1666077 ], [ 57.4829906, -20.166568 ], [ 57.4830726, -20.1671765 ], [ 57.4832091, -20.1682412 ], [ 57.4832766, -20.1687675 ], [ 57.4833038, -20.1689791 ], [ 57.4821962, -20.1694567 ], [ 57.4818155, -20.16962 ], [ 57.4801282, -20.1703713 ], [ 57.4795944, -20.170607 ], [ 57.4788837, -20.1709135 ], [ 57.4783704, -20.1711378 ], [ 57.4781271, -20.1712467 ], [ 57.4779504, -20.1713591 ], [ 57.4778284, -20.1714676 ], [ 57.4777011, -20.1715978 ], [ 57.4776216, -20.1715305 ], [ 57.4774379, -20.1713876 ], [ 57.477393, -20.1690767 ] ] ] } },
{ "type": "Feature", "properties": { "element": "relation", "id": 18502098, "admin_level": "9", "border_type": null, "boundary": "administrative", "maritime": null, "note": null, "type": "boundary", "ISO3166-1": null, "ISO3166-1:alpha2": null, "ISO3166-1:alpha3": null, "ISO3166-1:numeric": null, "driving_side": null, "flag": null, "name": "Town of Port-Louis, Ward 2, North", "name:ab": null, "name:af": null, "name:als": null, "name:am": null, "name:ami": null, "name:an": null, "name:ang": null, "name:ar": null, "name:ary": null, "name:arz": null, "name:ast": null, "name:avk": null, "name:az": null, "name:azb": null, "name:ba": null, "name:ban": null, "name:bar": null, "name:bcl": null, "name:be": null, "name:be-tarask": null, "name:bg": null, "name:bi": null, "name:bjn": null, "name:bn": null, "name:bo": null, "name:bpy": null, "name:br": null, "name:bs": null, "name:bxr": null, "name:ca": null, "name:cbk": null, "name:cdo": null, "name:ce": null, "name:ceb": null, "name:ckb": null, "name:crh": null, "name:cs": null, "name:cv": null, "name:cy": null, "name:da": null, "name:dag": null, "name:de": null, "name:diq": null, "name:dty": null, "name:dv": null, "name:ee": null, "name:el": null, "name:en": null, "name:eo": null, "name:es": null, "name:et": null, "name:eu": null, "name:ext": null, "name:fa": null, "name:ff": null, "name:fi": null, "name:fo": null, "name:fr": null, "name:frp": null, "name:frr": null, "name:fy": null, "name:ga": null, "name:gag": null, "name:gcr": null, "name:gd": null, "name:gl": null, "name:gn": null, "name:grc": null, "name:gu": null, "name:gv": null, "name:ha": null, "name:hak": null, "name:haw": null, "name:he": null, "name:hi": null, "name:hif": null, "name:hr": null, "name:hsb": null, "name:ht": null, "name:hu": null, "name:hy": null, "name:ia": null, "name:id": null, "name:ie": null, "name:ig": null, "name:ilo": null, "name:io": null, "name:is": null, "name:it": null, "name:ja": null, "name:jam": null, "name:jv": null, "name:ka": null, "name:kg": null, "name:ki": null, "name:kk": null, "name:kn": null, "name:ko": null, "name:ku": null, "name:kw": null, "name:ky": null, "name:la": null, "name:lad": null, "name:lb": null, "name:lfn": null, "name:lg": null, "name:li": null, "name:lij": null, "name:lld": null, "name:lmo": null, "name:ln": null, "name:lt": null, "name:lv": null, "name:mfe": null, "name:mg": null, "name:mhr": null, "name:mi": null, "name:min": null, "name:mk": null, "name:ml": null, "name:mn": null, "name:mr": null, "name:mrj": null, "name:ms": null, "name:mt": null, "name:my": null, "name:mzn": null, "name:na": null, "name:nah": null, "name:nan": null, "name:nds": null, "name:nds-NL": null, "name:ne": null, "name:nl": null, "name:nn": null, "name:no": null, "name:nov": null, "name:nso": null, "name:oc": null, "name:olo": null, "name:om": null, "name:or": null, "name:os": null, "name:pa": null, "name:pam": null, "name:pi": null, "name:pih": null, "name:pl": null, "name:pms": null, "name:pnb": null, "name:ps": null, "name:pt": null, "name:qu": null, "name:ro": null, "name:ru": null, "name:rw": null, "name:sa": null, "name:sah": null, "name:sc": null, "name:scn": null, "name:sco": null, "name:sd": null, "name:se": null, "name:sg": null, "name:sgs": null, "name:sh": null, "name:shn": null, "name:si": null, "name:simple": null, "name:sk": null, "name:sl": null, "name:sm": null, "name:smn": null, "name:sms": null, "name:sn": null, "name:so": null, "name:sq": null, "name:sr": null, "name:ss": null, "name:st": null, "name:stq": null, "name:su": null, "name:sv": null, "name:sw": null, "name:szl": null, "name:szy": null, "name:ta": null, "name:tay": null, "name:te": null, "name:tg": null, "name:th": null, "name:tk": null, "name:tl": null, "name:tr": null, "name:trv": null, "name:ts": null, "name:tt": null, "name:tzl": null, "name:udm": null, "name:ug": null, "name:uk": null, "name:ur": null, "name:uz": null, "name:vec": null, "name:vep": null, "name:vi": null, "name:vo": null, "name:vro": null, "name:war": null, "name:wo": null, "name:wuu": null, "name:xal": null, "name:xmf": null, "name:yi": null, "name:yo": null, "name:yue": null, "name:za": null, "name:zea": null, "name:zh": null, "name:zh-Hans": null, "name:zh-Hant": null, "name:zh-Hant-CN": null, "name:zh-Hant-TW": null, "name:zu": null, "official_name": null, "official_name:ca": null, "official_name:cs": null, "official_name:de": null, "official_name:fr": null, "official_name:sr": null, "official_name:xmf": null, "population": null, "timezone": null, "wikidata": null, "wikipedia": null, "wikipedia:xmf": null, "ISO3166-2": null, "official_name:ar": null, "official_name:fa": null, "official_name:ur": null, "alt_name:en": null, "code": "1112" }, "geometry": { "type": "Polygon", "coordinates": [ [ [ 57.4687476, -20.1798218 ], [ 57.468737, -20.1796979 ], [ 57.4687348, -20.179648 ], [ 57.4687976, -20.1791204 ], [ 57.4690564, -20.1776932 ], [ 57.4690665, -20.1773447 ], [ 57.4690709, -20.1772523 ], [ 57.4691422, -20.175769 ], [ 57.4695334, -20.1757734 ], [ 57.4696353, -20.1757495 ], [ 57.469701, -20.1757105 ], [ 57.4697319, -20.1756337 ], [ 57.4697131, -20.1751717 ], [ 57.4697748, -20.1747638 ], [ 57.4698103, -20.1746565 ], [ 57.4698596, -20.1745639 ], [ 57.469462, -20.1741616 ], [ 57.4697206, -20.173505 ], [ 57.4699485, -20.1730198 ], [ 57.4702594, -20.1723609 ], [ 57.4703178, -20.1720519 ], [ 57.4704806, -20.1716682 ], [ 57.4704993, -20.1716275 ], [ 57.4708414, -20.1709358 ], [ 57.4707102, -20.1707358 ], [ 57.4707765, -20.1706823 ], [ 57.4710285, -20.1703894 ], [ 57.4711507, -20.1703024 ], [ 57.4710259, -20.1702699 ], [ 57.470297, -20.1699715 ], [ 57.4704796, -20.1690547 ], [ 57.4706116, -20.1688951 ], [ 57.4711636, -20.1682646 ], [ 57.4707042, -20.1679272 ], [ 57.4709825, -20.1665301 ], [ 57.4710971, -20.1666253 ], [ 57.4712637, -20.1667403 ], [ 57.4713975, -20.1667827 ], [ 57.4715035, -20.1669061 ], [ 57.4717292, -20.1670403 ], [ 57.4719138, -20.1672158 ], [ 57.4720992, -20.1673524 ], [ 57.4723664, -20.1674646 ], [ 57.4725401, -20.1675695 ], [ 57.4727304, -20.1676469 ], [ 57.4728931, -20.1677037 ], [ 57.4729797, -20.1678071 ], [ 57.4730951, -20.1680017 ], [ 57.4731316, -20.168216 ], [ 57.4731651, -20.1683651 ], [ 57.4731999, -20.1684923 ], [ 57.4731611, -20.1686534 ], [ 57.4731607, -20.1687799 ], [ 57.4730236, -20.1692123 ], [ 57.4729264, -20.1693961 ], [ 57.4728114, -20.1695775 ], [ 57.4727619, -20.1697453 ], [ 57.4726281, -20.1699103 ], [ 57.472519, -20.1700763 ], [ 57.47235, -20.1703831 ], [ 57.4721638, -20.1705752 ], [ 57.4720412, -20.1706915 ], [ 57.4719206, -20.1707899 ], [ 57.4718294, -20.1708942 ], [ 57.4716217, -20.1710107 ], [ 57.4714523, -20.1711476 ], [ 57.4713666, -20.1712982 ], [ 57.4713224, -20.1714493 ], [ 57.4712424, -20.1715413 ], [ 57.4710911, -20.1718396 ], [ 57.4710087, -20.1721866 ], [ 57.4709076, -20.1726318 ], [ 57.4708835, -20.1728285 ], [ 57.4709149, -20.1730502 ], [ 57.4709333, -20.1732055 ], [ 57.4709892, -20.1733123 ], [ 57.4710017, -20.173422 ], [ 57.4710536, -20.1735037 ], [ 57.4710931, -20.1737679 ], [ 57.4711861, -20.1737855 ], [ 57.4712195, -20.1738547 ], [ 57.4713128, -20.1739809 ], [ 57.4714251, -20.1740531 ], [ 57.4715444, -20.1743036 ], [ 57.471644, -20.1747914 ], [ 57.4717082, -20.1752716 ], [ 57.4718453, -20.1751916 ], [ 57.4720268, -20.1750765 ], [ 57.4720578, -20.174944 ], [ 57.4720164, -20.1744613 ], [ 57.4719969, -20.1742398 ], [ 57.4719761, -20.1739539 ], [ 57.471993, -20.1737044 ], [ 57.4720607, -20.1733504 ], [ 57.4721087, -20.1731459 ], [ 57.472178, -20.1729705 ], [ 57.4722797, -20.1728084 ], [ 57.4723993, -20.1724519 ], [ 57.4725272, -20.172214 ], [ 57.4726957, -20.1719282 ], [ 57.4728496, -20.1717916 ], [ 57.4729291, -20.1717583 ], [ 57.4729572, -20.1716978 ], [ 57.4730036, -20.1715962 ], [ 57.4731088, -20.1714549 ], [ 57.4731357, -20.1713905 ], [ 57.4732592, -20.1713073 ], [ 57.4733475, -20.1713284 ], [ 57.473448, -20.1714165 ], [ 57.4735688, -20.1715921 ], [ 57.4736453, -20.1716735 ], [ 57.4738637, -20.1721371 ], [ 57.4742536, -20.1728565 ], [ 57.4746786, -20.1736137 ], [ 57.4747793, -20.173537 ], [ 57.4749103, -20.1734396 ], [ 57.4747566, -20.1729342 ], [ 57.4744898, -20.1719908 ], [ 57.4743775, -20.1713491 ], [ 57.4744244, -20.1713051 ], [ 57.4744982, -20.1713076 ], [ 57.475396, -20.1717343 ], [ 57.475447, -20.1717904 ], [ 57.4754845, -20.1717771 ], [ 57.4754926, -20.1717438 ], [ 57.4755228, -20.1717243 ], [ 57.476137, -20.1715518 ], [ 57.476603, -20.1714215 ], [ 57.476717, -20.1714089 ], [ 57.476709, -20.1713869 ], [ 57.4766895, -20.1713699 ], [ 57.476652, -20.1713466 ], [ 57.4765755, -20.1713498 ], [ 57.4755268, -20.1716387 ], [ 57.4754168, -20.1716412 ], [ 57.4745344, -20.1712069 ], [ 57.4743976, -20.1710558 ], [ 57.4742623, -20.1709293 ], [ 57.4741307, -20.1708569 ], [ 57.4739631, -20.1708304 ], [ 57.4737418, -20.1707399 ], [ 57.4736103, -20.1707298 ], [ 57.4734695, -20.1707286 ], [ 57.4733327, -20.1707273 ], [ 57.4731758, -20.1706958 ], [ 57.4730739, -20.1706769 ], [ 57.4730659, -20.1706089 ], [ 57.4731227, -20.1705371 ], [ 57.473263, -20.170478 ], [ 57.4735172, -20.1704577 ], [ 57.4738121, -20.1704509 ], [ 57.4741709, -20.1704704 ], [ 57.4744427, -20.170431 ], [ 57.4748938, -20.1703572 ], [ 57.4750118, -20.1703232 ], [ 57.4751593, -20.1702854 ], [ 57.4753551, -20.1702137 ], [ 57.4755591, -20.1701628 ], [ 57.475795, -20.1700827 ], [ 57.4760364, -20.1700135 ], [ 57.4763368, -20.1698423 ], [ 57.4765577, -20.1696905 ], [ 57.4767673, -20.1695842 ], [ 57.4769497, -20.169413 ], [ 57.4772541, -20.169262 ], [ 57.4773426, -20.1691839 ], [ 57.477393, -20.1690767 ], [ 57.4774379, -20.1713876 ], [ 57.4776216, -20.1715305 ], [ 57.4777011, -20.1715978 ], [ 57.4778284, -20.1714676 ], [ 57.4779504, -20.1713591 ], [ 57.4781271, -20.1712467 ], [ 57.4783704, -20.1711378 ], [ 57.4788837, -20.1709135 ], [ 57.4795944, -20.170607 ], [ 57.4801282, -20.1703713 ], [ 57.4818155, -20.16962 ], [ 57.4821962, -20.1694567 ], [ 57.4833038, -20.1689791 ], [ 57.4832766, -20.1687675 ], [ 57.4832091, -20.1682412 ], [ 57.4830726, -20.1671765 ], [ 57.4829906, -20.166568 ], [ 57.4833468, -20.1666077 ], [ 57.483869, -20.1666853 ], [ 57.484399, -20.1667629 ], [ 57.4852028, -20.1669061 ], [ 57.485741, -20.166979 ], [ 57.4870174, -20.1671967 ], [ 57.4872164, -20.1672288 ], [ 57.4872349, -20.167268 ], [ 57.4873849, -20.1672128 ], [ 57.4874502, -20.1671829 ], [ 57.4877695, -20.1670429 ], [ 57.4878025, -20.1670283 ], [ 57.4882713, -20.166821 ], [ 57.4883787, -20.1667747 ], [ 57.4912537, -20.1721852 ], [ 57.4952253, -20.1789195 ], [ 57.4932802, -20.1789728 ], [ 57.4908816, -20.1790415 ], [ 57.488987, -20.1792246 ], [ 57.4883203, -20.1793773 ], [ 57.4872064, -20.1794307 ], [ 57.4860762, -20.1797512 ], [ 57.4795957, -20.1827684 ], [ 57.4788661, -20.1829369 ], [ 57.4784819, -20.182926 ], [ 57.4781444, -20.1834183 ], [ 57.4774351, -20.1849071 ], [ 57.4773319, -20.1850669 ], [ 57.4771303, -20.1853887 ], [ 57.4767592, -20.186123 ], [ 57.4766198, -20.1862186 ], [ 57.4760136, -20.1865811 ], [ 57.475758, -20.186738 ], [ 57.4754694, -20.186822 ], [ 57.4750832, -20.1868716 ], [ 57.4746319, -20.1868754 ], [ 57.4735732, -20.1868433 ], [ 57.4736589, -20.1867401 ], [ 57.4739057, -20.1863071 ], [ 57.4740268, -20.1856285 ], [ 57.4702048, -20.1854525 ], [ 57.4698775, -20.1854324 ], [ 57.4696284, -20.1854181 ], [ 57.4689299, -20.1853778 ], [ 57.4688662, -20.1846189 ], [ 57.4688807, -20.1843994 ], [ 57.4688903, -20.1842539 ], [ 57.4689051, -20.1839436 ], [ 57.4689112, -20.1838145 ], [ 57.4689145, -20.1837453 ], [ 57.4689312, -20.1834885 ], [ 57.4689272, -20.1832266 ], [ 57.4688872, -20.1822723 ], [ 57.4688228, -20.1820557 ], [ 57.4687289, -20.1817008 ], [ 57.4686699, -20.1813811 ], [ 57.4686805, -20.1812115 ], [ 57.4687261, -20.1810277 ], [ 57.4688067, -20.180374 ], [ 57.4687476, -20.1798218 ] ] ] } },
{ "type": "Feature", "properties": { "element": "relation", "id": 18502099, "admin_level": "9", "border_type": null, "boundary": "administrative", "maritime": null, "note": null, "type": "boundary", "ISO3166-1": null, "ISO3166-1:alpha2": null, "ISO3166-1:alpha3": null, "ISO3166-1:numeric": null, "driving_side": null, "flag": null, "name": "Town of Port-Louis, Ward 4", "name:ab": null, "name:af": null, "name:als": null, "name:am": null, "name:ami": null, "name:an": null, "name:ang": null, "name:ar": null, "name:ary": null, "name:arz": null, "name:ast": null, "name:avk": null, "name:az": null, "name:azb": null, "name:ba": null, "name:ban": null, "name:bar": null, "name:bcl": null, "name:be": null, "name:be-tarask": null, "name:bg": null, "name:bi": null, "name:bjn": null, "name:bn": null, "name:bo": null, "name:bpy": null, "name:br": null, "name:bs": null, "name:bxr": null, "name:ca": null, "name:cbk": null, "name:cdo": null, "name:ce": null, "name:ceb": null, "name:ckb": null, "name:crh": null, "name:cs": null, "name:cv": null, "name:cy": null, "name:da": null, "name:dag": null, "name:de": null, "name:diq": null, "name:dty": null, "name:dv": null, "name:ee": null, "name:el": null, "name:en": null, "name:eo": null, "name:es": null, "name:et": null, "name:eu": null, "name:ext": null, "name:fa": null, "name:ff": null, "name:fi": null, "name:fo": null, "name:fr": null, "name:frp": null, "name:frr": null, "name:fy": null, "name:ga": null, "name:gag": null, "name:gcr": null, "name:gd": null, "name:gl": null, "name:gn": null, "name:grc": null, "name:gu": null, "name:gv": null, "name:ha": null, "name:hak": null, "name:haw": null, "name:he": null, "name:hi": null, "name:hif": null, "name:hr": null, "name:hsb": null, "name:ht": null, "name:hu": null, "name:hy": null, "name:ia": null, "name:id": null, "name:ie": null, "name:ig": null, "name:ilo": null, "name:io": null, "name:is": null, "name:it": null, "name:ja": null, "name:jam": null, "name:jv": null, "name:ka": null, "name:kg": null, "name:ki": null, "name:kk": null, "name:kn": null, "name:ko": null, "name:ku": null, "name:kw": null, "name:ky": null, "name:la": null, "name:lad": null, "name:lb": null, "name:lfn": null, "name:lg": null, "name:li": null, "name:lij": null, "name:lld": null, "name:lmo": null, "name:ln": null, "name:lt": null, "name:lv": null, "name:mfe": null, "name:mg": null, "name:mhr": null, "name:mi": null, "name:min": null, "name:mk": null, "name:ml": null, "name:mn": null, "name:mr": null, "name:mrj": null, "name:ms": null, "name:mt": null, "name:my": null, "name:mzn": null, "name:na": null, "name:nah": null, "name:nan": null, "name:nds": null, "name:nds-NL": null, "name:ne": null, "name:nl": null, "name:nn": null, "name:no": null, "name:nov": null, "name:nso": null, "name:oc": null, "name:olo": null, "name:om": null, "name:or": null, "name:os": null, "name:pa": null, "name:pam": null, "name:pi": null, "name:pih": null, "name:pl": null, "name:pms": null, "name:pnb": null, "name:ps": null, "name:pt": null, "name:qu": null, "name:ro": null, "name:ru": null, "name:rw": null, "name:sa": null, "name:sah": null, "name:sc": null, "name:scn": null, "name:sco": null, "name:sd": null, "name:se": null, "name:sg": null, "name:sgs": null, "name:sh": null, "name:shn": null, "name:si": null, "name:simple": null, "name:sk": null, "name:sl": null, "name:sm": null, "name:smn": null, "name:sms": null, "name:sn": null, "name:so": null, "name:sq": null, "name:sr": null, "name:ss": null, "name:st": null, "name:stq": null, "name:su": null, "name:sv": null, "name:sw": null, "name:szl": null, "name:szy": null, "name:ta": null, "name:tay": null, "name:te": null, "name:tg": null, "name:th": null, "name:tk": null, "name:tl": null, "name:tr": null, "name:trv": null, "name:ts": null, "name:tt": null, "name:tzl": null, "name:udm": null, "name:ug": null, "name:uk": null, "name:ur": null, "name:uz": null, "name:vec": null, "name:vep": null, "name:vi": null, "name:vo": null, "name:vro": null, "name:war": null, "name:wo": null, "name:wuu": null, "name:xal": null, "name:xmf": null, "name:yi": null, "name:yo": null, "name:yue": null, "name:za": null, "name:zea": null, "name:zh": null, "name:zh-Hans": null, "name:zh-Hant": null, "name:zh-Hant-CN": null, "name:zh-Hant-TW": null, "name:zu": null, "official_name": null, "official_name:ca": null, "official_name:cs": null, "official_name:de": null, "official_name:fr": null, "official_name:sr": null, "official_name:xmf": null, "population": null, "timezone": null, "wikidata": null, "wikipedia": null, "wikipedia:xmf": null, "ISO3166-2": null, "official_name:ar": null, "official_name:fa": null, "official_name:ur": null, "alt_name:en": null, "code": "1114" }, "geometry": { "type": "Polygon", "coordinates": [ [ [ 57.4912537, -20.1721852 ], [ 57.4956286, -20.1693307 ], [ 57.4959915, -20.1692222 ], [ 57.4960055, -20.1691968 ], [ 57.496095, -20.1690922 ], [ 57.4961845, -20.1689875 ], [ 57.496707, -20.1682087 ], [ 57.4967223, -20.1681584 ], [ 57.496733, -20.1681005 ], [ 57.4967865, -20.1678216 ], [ 57.4967972, -20.167774 ], [ 57.4968358, -20.1677946 ], [ 57.4969682, -20.1679042 ], [ 57.4969989, -20.1679503 ], [ 57.4970097, -20.1679896 ], [ 57.4970113, -20.168029 ], [ 57.4972412, -20.1682436 ], [ 57.4975196, -20.1684771 ], [ 57.4979112, -20.1688397 ], [ 57.4982089, -20.1691595 ], [ 57.4984959, -20.1694263 ], [ 57.4987373, -20.1696504 ], [ 57.4992979, -20.1701665 ], [ 57.4994427, -20.1703126 ], [ 57.4998933, -20.1707431 ], [ 57.5002678, -20.1710903 ], [ 57.5006487, -20.17145 ], [ 57.5015545, -20.1722783 ], [ 57.5018484, -20.1719905 ], [ 57.5021702, -20.1716899 ], [ 57.5024956, -20.1713849 ], [ 57.5030333, -20.170862 ], [ 57.5031894, -20.1706995 ], [ 57.503507, -20.1703997 ], [ 57.5040362, -20.1699001 ], [ 57.5043109, -20.1696208 ], [ 57.5044246, -20.1695284 ], [ 57.5045476, -20.1694282 ], [ 57.5048427, -20.1691151 ], [ 57.5050945, -20.1688988 ], [ 57.5051733, -20.168831 ], [ 57.5052976, -20.1687185 ], [ 57.5056041, -20.1684306 ], [ 57.505749, -20.1682833 ], [ 57.5058583, -20.1681779 ], [ 57.5062296, -20.1678323 ], [ 57.5064532, -20.1676103 ], [ 57.506685, -20.1673952 ], [ 57.5069055, -20.1671843 ], [ 57.5073738, -20.1667335 ], [ 57.5078628, -20.1663005 ], [ 57.5083095, -20.1658547 ], [ 57.5079646, -20.1655339 ], [ 57.5078322, -20.1654107 ], [ 57.5068886, -20.164522 ], [ 57.506471, -20.164136 ], [ 57.5060082, -20.1637008 ], [ 57.5055205, -20.1631958 ], [ 57.5059593, -20.1627787 ], [ 57.5060078, -20.1627386 ], [ 57.5064409, -20.162332 ], [ 57.5068792, -20.1619343 ], [ 57.5069349, -20.1618852 ], [ 57.5074405, -20.1614155 ], [ 57.5076402, -20.1612309 ], [ 57.5079177, -20.1609744 ], [ 57.5083754, -20.1605489 ], [ 57.5087767, -20.1601803 ], [ 57.5090138, -20.1599611 ], [ 57.5092554, -20.1597312 ], [ 57.5093536, -20.159647 ], [ 57.5097653, -20.159254 ], [ 57.5098053, -20.1592112 ], [ 57.5099066, -20.1591195 ], [ 57.5101036, -20.1589359 ], [ 57.5106288, -20.1584641 ], [ 57.5111157, -20.158933 ], [ 57.5113477, -20.1591372 ], [ 57.5113634, -20.159155 ], [ 57.5113849, -20.1591738 ], [ 57.5127959, -20.1605361 ], [ 57.5128652, -20.1606097 ], [ 57.5137621, -20.1614774 ], [ 57.5140173, -20.1617272 ], [ 57.5151819, -20.1628424 ], [ 57.5152241, -20.1628823 ], [ 57.5167938, -20.1643667 ], [ 57.5171687, -20.1647244 ], [ 57.5178377, -20.1653747 ], [ 57.5178616, -20.1653998 ], [ 57.5151363, -20.1678845 ], [ 57.5150226, -20.1679785 ], [ 57.5150059, -20.1679923 ], [ 57.5148755, -20.1681001 ], [ 57.5142516, -20.1686635 ], [ 57.513908, -20.168983 ], [ 57.5138249, -20.1690657 ], [ 57.5137019, -20.1691798 ], [ 57.5163674, -20.1716268 ], [ 57.5287404, -20.1980007 ], [ 57.5258361, -20.197947 ], [ 57.5206846, -20.1958651 ], [ 57.5168517, -20.1934476 ], [ 57.515644, -20.1928577 ], [ 57.5136598, -20.1927189 ], [ 57.5122302, -20.1922678 ], [ 57.5107759, -20.1912384 ], [ 57.5072512, -20.1881038 ], [ 57.5059325, -20.1874791 ], [ 57.5053779, -20.1868429 ], [ 57.504848, -20.1858597 ], [ 57.5024201, -20.1825283 ], [ 57.5015328, -20.181707 ], [ 57.5008919, -20.1812906 ], [ 57.4996102, -20.1807238 ], [ 57.4952253, -20.1789195 ], [ 57.4912537, -20.1721852 ] ] ] } },
{ "type": "Feature", "properties": { "element": "relation", "id": 18502100, "admin_level": "9", "border_type": null, "boundary": "administrative", "maritime": null, "note": null, "type": "boundary", "ISO3166-1": null, "ISO3166-1:alpha2": null, "ISO3166-1:alpha3": null, "ISO3166-1:numeric": null, "driving_side": null, "flag": null, "name": "Town of Port-Louis, Ward 5", "name:ab": null, "name:af": null, "name:als": null, "name:am": null, "name:ami": null, "name:an": null, "name:ang": null, "name:ar": null, "name:ary": null, "name:arz": null, "name:ast": null, "name:avk": null, "name:az": null, "name:azb": null, "name:ba": null, "name:ban": null, "name:bar": null, "name:bcl": null, "name:be": null, "name:be-tarask": null, "name:bg": null, "name:bi": null, "name:bjn": null, "name:bn": null, "name:bo": null, "name:bpy": null, "name:br": null, "name:bs": null, "name:bxr": null, "name:ca": null, "name:cbk": null, "name:cdo": null, "name:ce": null, "name:ceb": null, "name:ckb": null, "name:crh": null, "name:cs": null, "name:cv": null, "name:cy": null, "name:da": null, "name:dag": null, "name:de": null, "name:diq": null, "name:dty": null, "name:dv": null, "name:ee": null, "name:el": null, "name:en": null, "name:eo": null, "name:es": null, "name:et": null, "name:eu": null, "name:ext": null, "name:fa": null, "name:ff": null, "name:fi": null, "name:fo": null, "name:fr": null, "name:frp": null, "name:frr": null, "name:fy": null, "name:ga": null, "name:gag": null, "name:gcr": null, "name:gd": null, "name:gl": null, "name:gn": null, "name:grc": null, "name:gu": null, "name:gv": null, "name:ha": null, "name:hak": null, "name:haw": null, "name:he": null, "name:hi": null, "name:hif": null, "name:hr": null, "name:hsb": null, "name:ht": null, "name:hu": null, "name:hy": null, "name:ia": null, "name:id": null, "name:ie": null, "name:ig": null, "name:ilo": null, "name:io": null, "name:is": null, "name:it": null, "name:ja": null, "name:jam": null, "name:jv": null, "name:ka": null, "name:kg": null, "name:ki": null, "name:kk": null, "name:kn": null, "name:ko": null, "name:ku": null, "name:kw": null, "name:ky": null, "name:la": null, "name:lad": null, "name:lb": null, "name:lfn": null, "name:lg": null, "name:li": null, "name:lij": null, "name:lld": null, "name:lmo": null, "name:ln": null, "name:lt": null, "name:lv": null, "name:mfe": null, "name:mg": null, "name:mhr": null, "name:mi": null, "name:min": null, "name:mk": null, "name:ml": null, "name:mn": null, "name:mr": null, "name:mrj": null, "name:ms": null, "name:mt": null, "name:my": null, "name:mzn": null, "name:na": null, "name:nah": null, "name:nan": null, "name:nds": null, "name:nds-NL": null, "name:ne": null, "name:nl": null, "name:nn": null, "name:no": null, "name:nov": null, "name:nso": null, "name:oc": null, "name:olo": null, "name:om": null, "name:or": null, "name:os": null, "name:pa": null, "name:pam": null, "name:pi": null, "name:pih": null, "name:pl": null, "name:pms": null, "name:pnb": null, "name:ps": null, "name:pt": null, "name:qu": null, "name:ro": null, "name:ru": null, "name:rw": null, "name:sa": null, "name:sah": null, "name:sc": null, "name:scn": null, "name:sco": null, "name:sd": null, "name:se": null, "name:sg": null, "name:sgs": null, "name:sh": null, "name:shn": null, "name:si": null, "name:simple": null, "name:sk": null, "name:sl": null, "name:sm": null, "name:smn": null, "name:sms": null, "name:sn": null, "name:so": null, "name:sq": null, "name:sr": null, "name:ss": null, "name:st": null, "name:stq": null, "name:su": null, "name:sv": null, "name:sw": null, "name:szl": null, "name:szy": null, "name:ta": null, "name:tay": null, "name:te": null, "name:tg": null, "name:th": null, "name:tk": null, "name:tl": null, "name:tr": null, "name:trv": null, "name:ts": null, "name:tt": null, "name:tzl": null, "name:udm": null, "name:ug": null, "name:uk": null, "name:ur": null, "name:uz": null, "name:vec": null, "name:vep": null, "name:vi": null, "name:vo": null, "name:vro": null, "name:war": null, "name:wo": null, "name:wuu": null, "name:xal": null, "name:xmf": null, "name:yi": null, "name:yo": null, "name:yue": null, "name:za": null, "name:zea": null, "name:zh": null, "name:zh-Hans": null, "name:zh-Hant": null, "name:zh-Hant-CN": null, "name:zh-Hant-TW": null, "name:zu": null, "official_name": null, "official_name:ca": null, "official_name:cs": null, "official_name:de": null, "official_name:fr": null, "official_name:sr": null, "official_name:xmf": null, "population": null, "timezone": null, "wikidata": null, "wikipedia": null, "wikipedia:xmf": null, "ISO3166-2": null, "official_name:ar": null, "official_name:fa": null, "official_name:ur": null, "alt_name:en": null, "code": "1115" }, "geometry": { "type": "Polygon", "coordinates": [ [ [ 57.5113634, -20.159155 ], [ 57.5116398, -20.1588882 ], [ 57.5116935, -20.1588665 ], [ 57.5119951, -20.1587444 ], [ 57.5123643, -20.1585974 ], [ 57.5127283, -20.1584593 ], [ 57.5130551, -20.1583325 ], [ 57.5134046, -20.1582005 ], [ 57.513498, -20.1581669 ], [ 57.5138926, -20.1579928 ], [ 57.5142287, -20.1578457 ], [ 57.5142934, -20.1578173 ], [ 57.5145357, -20.1577098 ], [ 57.5150507, -20.15745 ], [ 57.5154259, -20.157256 ], [ 57.5159599, -20.1569874 ], [ 57.5160561, -20.1569309 ], [ 57.5161361, -20.1568705 ], [ 57.5162109, -20.156793 ], [ 57.5168528, -20.156201 ], [ 57.5168922, -20.1561703 ], [ 57.517269, -20.1558191 ], [ 57.5173484, -20.1557464 ], [ 57.5174835, -20.1556367 ], [ 57.5177518, -20.1553858 ], [ 57.5178054, -20.1553391 ], [ 57.5181391, -20.1550485 ], [ 57.5183575, -20.1548363 ], [ 57.5189827, -20.1542632 ], [ 57.519059, -20.1541933 ], [ 57.5193319, -20.1539402 ], [ 57.5195801, -20.1537217 ], [ 57.5196118, -20.1536938 ], [ 57.5201453, -20.1540767 ], [ 57.5206977, -20.1543085 ], [ 57.5226288, -20.1554764 ], [ 57.5226817, -20.1583349 ], [ 57.5238769, -20.1610293 ], [ 57.5240964, -20.1624337 ], [ 57.5261129, -20.1663873 ], [ 57.5263162, -20.1675704 ], [ 57.5263324, -20.1700356 ], [ 57.5262918, -20.171791 ], [ 57.5268528, -20.1734472 ], [ 57.5272919, -20.1747828 ], [ 57.5297718, -20.1794918 ], [ 57.5305443, -20.1817966 ], [ 57.5305361, -20.1829184 ], [ 57.5302272, -20.1838342 ], [ 57.529658, -20.1854445 ], [ 57.5295442, -20.1863221 ], [ 57.5296011, -20.1867418 ], [ 57.5300158, -20.1876576 ], [ 57.5299101, -20.1881689 ], [ 57.5289506, -20.1897562 ], [ 57.5296987, -20.1923203 ], [ 57.5296011, -20.1936939 ], [ 57.5294222, -20.1945334 ], [ 57.5295929, -20.1959146 ], [ 57.5293978, -20.1968227 ], [ 57.5291864, -20.1974484 ], [ 57.5287404, -20.1980007 ], [ 57.5163674, -20.1716268 ], [ 57.5137019, -20.1691798 ], [ 57.5138249, -20.1690657 ], [ 57.513908, -20.168983 ], [ 57.5142516, -20.1686635 ], [ 57.5148755, -20.1681001 ], [ 57.5150059, -20.1679923 ], [ 57.5150226, -20.1679785 ], [ 57.5151363, -20.1678845 ], [ 57.5178616, -20.1653998 ], [ 57.5178377, -20.1653747 ], [ 57.5171687, -20.1647244 ], [ 57.5167938, -20.1643667 ], [ 57.5152241, -20.1628823 ], [ 57.5151819, -20.1628424 ], [ 57.5140173, -20.1617272 ], [ 57.5137621, -20.1614774 ], [ 57.5128652, -20.1606097 ], [ 57.5127959, -20.1605361 ], [ 57.5113849, -20.1591738 ], [ 57.5113634, -20.159155 ] ] ] } },
{ "type": "Feature", "properties": { "element": "relation", "id": 18502101, "admin_level": "9", "border_type": null, "boundary": "administrative", "maritime": null, "note": null, "type": "boundary", "ISO3166-1": null, "ISO3166-1:alpha2": null, "ISO3166-1:alpha3": null, "ISO3166-1:numeric": null, "driving_side": null, "flag": null, "name": "Town of Port-Louis, Ward 8", "name:ab": null, "name:af": null, "name:als": null, "name:am": null, "name:ami": null, "name:an": null, "name:ang": null, "name:ar": null, "name:ary": null, "name:arz": null, "name:ast": null, "name:avk": null, "name:az": null, "name:azb": null, "name:ba": null, "name:ban": null, "name:bar": null, "name:bcl": null, "name:be": null, "name:be-tarask": null, "name:bg": null, "name:bi": null, "name:bjn": null, "name:bn": null, "name:bo": null, "name:bpy": null, "name:br": null, "name:bs": null, "name:bxr": null, "name:ca": null, "name:cbk": null, "name:cdo": null, "name:ce": null, "name:ceb": null, "name:ckb": null, "name:crh": null, "name:cs": null, "name:cv": null, "name:cy": null, "name:da": null, "name:dag": null, "name:de": null, "name:diq": null, "name:dty": null, "name:dv": null, "name:ee": null, "name:el": null, "name:en": null, "name:eo": null, "name:es": null, "name:et": null, "name:eu": null, "name:ext": null, "name:fa": null, "name:ff": null, "name:fi": null, "name:fo": null, "name:fr": null, "name:frp": null, "name:frr": null, "name:fy": null, "name:ga": null, "name:gag": null, "name:gcr": null, "name:gd": null, "name:gl": null, "name:gn": null, "name:grc": null, "name:gu": null, "name:gv": null, "name:ha": null, "name:hak": null, "name:haw": null, "name:he": null, "name:hi": null, "name:hif": null, "name:hr": null, "name:hsb": null, "name:ht": null, "name:hu": null, "name:hy": null, "name:ia": null, "name:id": null, "name:ie": null, "name:ig": null, "name:ilo": null, "name:io": null, "name:is": null, "name:it": null, "name:ja": null, "name:jam": null, "name:jv": null, "name:ka": null, "name:kg": null, "name:ki": null, "name:kk": null, "name:kn": null, "name:ko": null, "name:ku": null, "name:kw": null, "name:ky": null, "name:la": null, "name:lad": null, "name:lb": null, "name:lfn": null, "name:lg": null, "name:li": null, "name:lij": null, "name:lld": null, "name:lmo": null, "name:ln": null, "name:lt": null, "name:lv": null, "name:mfe": null, "name:mg": null, "name:mhr": null, "name:mi": null, "name:min": null, "name:mk": null, "name:ml": null, "name:mn": null, "name:mr": null, "name:mrj": null, "name:ms": null, "name:mt": null, "name:my": null, "name:mzn": null, "name:na": null, "name:nah": null, "name:nan": null, "name:nds": null, "name:nds-NL": null, "name:ne": null, "name:nl": null, "name:nn": null, "name:no": null, "name:nov": null, "name:nso": null, "name:oc": null, "name:olo": null, "name:om": null, "name:or": null, "name:os": null, "name:pa": null, "name:pam": null, "name:pi": null, "name:pih": null, "name:pl": null, "name:pms": null, "name:pnb": null, "name:ps": null, "name:pt": null, "name:qu": null, "name:ro": null, "name:ru": null, "name:rw": null, "name:sa": null, "name:sah": null, "name:sc": null, "name:scn": null, "name:sco": null, "name:sd": null, "name:se": null, "name:sg": null, "name:sgs": null, "name:sh": null, "name:shn": null, "name:si": null, "name:simple": null, "name:sk": null, "name:sl": null, "name:sm": null, "name:smn": null, "name:sms": null, "name:sn": null, "name:so": null, "name:sq": null, "name:sr": null, "name:ss": null, "name:st": null, "name:stq": null, "name:su": null, "name:sv": null, "name:sw": null, "name:szl": null, "name:szy": null, "name:ta": null, "name:tay": null, "name:te": null, "name:tg": null, "name:th": null, "name:tk": null, "name:tl": null, "name:tr": null, "name:trv": null, "name:ts": null, "name:tt": null, "name:tzl": null, "name:udm": null, "name:ug": null, "name:uk": null, "name:ur": null, "name:uz": null, "name:vec": null, "name:vep": null, "name:vi": null, "name:vo": null, "name:vro": null, "name:war": null, "name:wo": null, "name:wuu": null, "name:xal": null, "name:xmf": null, "name:yi": null, "name:yo": null, "name:yue": null, "name:za": null, "name:zea": null, "name:zh": null, "name:zh-Hans": null, "name:zh-Hant": null, "name:zh-Hant-CN": null, "name:zh-Hant-TW": null, "name:zu": null, "official_name": null, "official_name:ca": null, "official_name:cs": null, "official_name:de": null, "official_name:fr": null, "official_name:sr": null, "official_name:xmf": null, "population": null, "timezone": null, "wikidata": null, "wikipedia": null, "wikipedia:xmf": null, "ISO3166-2": null, "official_name:ar": null, "official_name:fa": null, "official_name:ur": null, "alt_name:en": null, "code": "1118" }, "geometry": { "type": "Polygon", "coordinates": [ [ [ 57.5196118, -20.1536938 ], [ 57.5196435, -20.1536659 ], [ 57.5198687, -20.1534676 ], [ 57.5199603, -20.1533855 ], [ 57.5203447, -20.1530604 ], [ 57.5204145, -20.1530086 ], [ 57.5206826, -20.1527866 ], [ 57.5217142, -20.1518072 ], [ 57.5221483, -20.1513951 ], [ 57.5222475, -20.1512765 ], [ 57.5222935, -20.1512154 ], [ 57.5224574, -20.1513317 ], [ 57.523119, -20.1517625 ], [ 57.5233986, -20.1519154 ], [ 57.5235197, -20.1520374 ], [ 57.5235921, -20.152215 ], [ 57.5236131, -20.1524912 ], [ 57.5236691, -20.1527696 ], [ 57.5237462, -20.1529274 ], [ 57.5238256, -20.1530458 ], [ 57.523975, -20.15314 ], [ 57.5241641, -20.1531948 ], [ 57.5243369, -20.1531575 ], [ 57.5245517, -20.1529756 ], [ 57.5248973, -20.1525964 ], [ 57.5250725, -20.1523662 ], [ 57.5251588, -20.1521689 ], [ 57.5252032, -20.1520571 ], [ 57.5252826, -20.1520396 ], [ 57.525355, -20.1520791 ], [ 57.5255348, -20.152147 ], [ 57.525843, -20.152318 ], [ 57.5259014, -20.1524013 ], [ 57.5259201, -20.1525679 ], [ 57.5258734, -20.1526687 ], [ 57.5258173, -20.1527805 ], [ 57.5257636, -20.1529186 ], [ 57.5257286, -20.1530414 ], [ 57.5257426, -20.15314 ], [ 57.5257963, -20.1534009 ], [ 57.5258874, -20.1535565 ], [ 57.5259808, -20.1536595 ], [ 57.5262726, -20.1537428 ], [ 57.5266089, -20.1537275 ], [ 57.5270759, -20.1536354 ], [ 57.5273654, -20.1537384 ], [ 57.5276876, -20.1539467 ], [ 57.5279095, -20.1541001 ], [ 57.5280519, -20.1542864 ], [ 57.5281476, -20.1544947 ], [ 57.5282033, -20.1547337 ], [ 57.5283033, -20.1546869 ], [ 57.5284646, -20.1546106 ], [ 57.5286688, -20.1545278 ], [ 57.5288542, -20.1544739 ], [ 57.5290275, -20.1544268 ], [ 57.5293945, -20.1543786 ], [ 57.5300182, -20.1543568 ], [ 57.5313004, -20.1542725 ], [ 57.5336106, -20.1541659 ], [ 57.5339088, -20.1544441 ], [ 57.5354917, -20.1533697 ], [ 57.5364545, -20.1527153 ], [ 57.5364894, -20.1526624 ], [ 57.537068, -20.1523133 ], [ 57.5452754, -20.1464196 ], [ 57.5454685, -20.1466998 ], [ 57.5459985, -20.1471741 ], [ 57.546553, -20.1476138 ], [ 57.5470214, -20.1478336 ], [ 57.5473541, -20.1481113 ], [ 57.5476499, -20.1486204 ], [ 57.5479457, -20.149141 ], [ 57.5488084, -20.15046 ], [ 57.5494739, -20.1517674 ], [ 57.5501024, -20.1526698 ], [ 57.5506693, -20.1535376 ], [ 57.5510514, -20.1540813 ], [ 57.5514581, -20.1544863 ], [ 57.5513595, -20.1547755 ], [ 57.5511376, -20.1552036 ], [ 57.5508788, -20.1557936 ], [ 57.5508049, -20.1562448 ], [ 57.5507433, -20.1567539 ], [ 57.5507063, -20.1572514 ], [ 57.5505707, -20.1578298 ], [ 57.5505461, -20.1581422 ], [ 57.5504598, -20.1585124 ], [ 57.5502873, -20.1590909 ], [ 57.5501517, -20.1595305 ], [ 57.5502257, -20.159947 ], [ 57.5504352, -20.1604792 ], [ 57.5506447, -20.1608725 ], [ 57.5506077, -20.1611618 ], [ 57.5504721, -20.1614047 ], [ 57.5503268, -20.1616709 ], [ 57.5501914, -20.1618858 ], [ 57.5499719, -20.1621006 ], [ 57.5498271, -20.1622452 ], [ 57.5498084, -20.1624644 ], [ 57.5498878, -20.162631 ], [ 57.5500654, -20.162712 ], [ 57.5503982, -20.1629781 ], [ 57.550694, -20.1633714 ], [ 57.5508419, -20.1638689 ], [ 57.5511253, -20.1643201 ], [ 57.5515197, -20.1646671 ], [ 57.5517292, -20.1649679 ], [ 57.551951, -20.1653844 ], [ 57.5522222, -20.1657893 ], [ 57.5523084, -20.1661479 ], [ 57.5525426, -20.1666338 ], [ 57.5526905, -20.1669462 ], [ 57.5529247, -20.1674552 ], [ 57.5532204, -20.1680336 ], [ 57.5533437, -20.1687393 ], [ 57.5534299, -20.1693987 ], [ 57.5535285, -20.1698961 ], [ 57.553849, -20.1701854 ], [ 57.5541324, -20.1704399 ], [ 57.5544898, -20.1707753 ], [ 57.5548103, -20.1710877 ], [ 57.5549828, -20.1715851 ], [ 57.5548349, -20.1719553 ], [ 57.55465, -20.1723371 ], [ 57.5545638, -20.1729386 ], [ 57.5543912, -20.1735864 ], [ 57.5540585, -20.1742458 ], [ 57.5538366, -20.1748821 ], [ 57.5536025, -20.175391 ], [ 57.5532697, -20.1759579 ], [ 57.5531958, -20.1762239 ], [ 57.5534299, -20.1764322 ], [ 57.5536271, -20.1767329 ], [ 57.5538859, -20.1772072 ], [ 57.5540215, -20.1777972 ], [ 57.5541201, -20.178202 ], [ 57.5544282, -20.1788036 ], [ 57.5547363, -20.1792663 ], [ 57.5550074, -20.1795902 ], [ 57.5553032, -20.1799719 ], [ 57.5554511, -20.1803652 ], [ 57.5555902, -20.1808778 ], [ 57.5559318, -20.1812328 ], [ 57.5562029, -20.1815567 ], [ 57.5565603, -20.18195 ], [ 57.5563878, -20.1823201 ], [ 57.5562152, -20.1826556 ], [ 57.5559811, -20.1829795 ], [ 57.5556237, -20.1834422 ], [ 57.5553989, -20.1837868 ], [ 57.5553667, -20.1841342 ], [ 57.5553989, -20.1845219 ], [ 57.5554731, -20.1850789 ], [ 57.5555292, -20.185675 ], [ 57.5556786, -20.1864903 ], [ 57.5558841, -20.1872968 ], [ 57.5559648, -20.1876767 ], [ 57.5559915, -20.188375 ], [ 57.5560662, -20.1887388 ], [ 57.5561176, -20.1891157 ], [ 57.5559471, -20.1908317 ], [ 57.5557464, -20.1915702 ], [ 57.5556818, -20.191647 ], [ 57.5553517, -20.1919516 ], [ 57.5550472, -20.1922805 ], [ 57.5547913, -20.1924249 ], [ 57.5542869, -20.1927142 ], [ 57.5537172, -20.1930035 ], [ 57.5532315, -20.1932489 ], [ 57.5528019, -20.1935119 ], [ 57.5524563, -20.1938012 ], [ 57.552092, -20.1940466 ], [ 57.5515877, -20.194292 ], [ 57.5512328, -20.1944411 ], [ 57.5505416, -20.1945726 ], [ 57.5501773, -20.1946777 ], [ 57.5498131, -20.1947829 ], [ 57.549673, -20.1950459 ], [ 57.5493928, -20.1951599 ], [ 57.5491219, -20.19523 ], [ 57.5488044, -20.1952738 ], [ 57.5481973, -20.1956157 ], [ 57.5475341, -20.195905 ], [ 57.5472166, -20.1960803 ], [ 57.5468523, -20.1961592 ], [ 57.5463683, -20.1961846 ], [ 57.5461487, -20.1962761 ], [ 57.545913, -20.1963753 ], [ 57.5457666, -20.1965127 ], [ 57.5455715, -20.1966043 ], [ 57.5453438, -20.1966272 ], [ 57.5451649, -20.1966959 ], [ 57.5449454, -20.1968179 ], [ 57.5447096, -20.1968943 ], [ 57.5445307, -20.1970316 ], [ 57.5442705, -20.1972148 ], [ 57.5440591, -20.1972758 ], [ 57.5438802, -20.1972758 ], [ 57.5435631, -20.1971995 ], [ 57.5433598, -20.1971308 ], [ 57.5430021, -20.1970087 ], [ 57.5426118, -20.1968714 ], [ 57.5423679, -20.1968485 ], [ 57.5422622, -20.1967569 ], [ 57.5420426, -20.1966043 ], [ 57.5417336, -20.196444 ], [ 57.5414491, -20.1963067 ], [ 57.541132, -20.1961769 ], [ 57.5408067, -20.196154 ], [ 57.5404002, -20.1961006 ], [ 57.5401237, -20.1960625 ], [ 57.5398147, -20.1960243 ], [ 57.5394814, -20.1960014 ], [ 57.5390586, -20.1959327 ], [ 57.538652, -20.1958946 ], [ 57.5381642, -20.1958488 ], [ 57.5378145, -20.1958412 ], [ 57.537408, -20.1958641 ], [ 57.537034, -20.1958641 ], [ 57.5365136, -20.1957954 ], [ 57.5363022, -20.196032 ], [ 57.5360095, -20.1963296 ], [ 57.535733, -20.1965661 ], [ 57.5354728, -20.1968485 ], [ 57.5351557, -20.1970927 ], [ 57.5349281, -20.1971919 ], [ 57.5346028, -20.1971995 ], [ 57.5342207, -20.1971308 ], [ 57.5339279, -20.1970621 ], [ 57.5336027, -20.1970469 ], [ 57.533188, -20.1970621 ], [ 57.5328791, -20.1971156 ], [ 57.5324806, -20.1971308 ], [ 57.532009, -20.1971461 ], [ 57.531635, -20.19723 ], [ 57.5313992, -20.1972911 ], [ 57.5309358, -20.1973445 ], [ 57.5305617, -20.1974284 ], [ 57.5305292, -20.1975963 ], [ 57.5304642, -20.1977871 ], [ 57.530269, -20.1979473 ], [ 57.5300983, -20.198016 ], [ 57.5297974, -20.1979855 ], [ 57.5294803, -20.1979168 ], [ 57.5290982, -20.1979702 ], [ 57.5287404, -20.1980007 ], [ 57.5291864, -20.1974484 ], [ 57.5293978, -20.1968227 ], [ 57.5295929, -20.1959146 ], [ 57.5294222, -20.1945334 ], [ 57.5296011, -20.1936939 ], [ 57.5296987, -20.1923203 ], [ 57.5289506, -20.1897562 ], [ 57.5299101, -20.1881689 ], [ 57.5300158, -20.1876576 ], [ 57.5296011, -20.1867418 ], [ 57.5295442, -20.1863221 ], [ 57.529658, -20.1854445 ], [ 57.5302272, -20.1838342 ], [ 57.5305361, -20.1829184 ], [ 57.5305443, -20.1817966 ], [ 57.5297718, -20.1794918 ], [ 57.5272919, -20.1747828 ], [ 57.5268528, -20.1734472 ], [ 57.5262918, -20.171791 ], [ 57.5263324, -20.1700356 ], [ 57.5263162, -20.1675704 ], [ 57.5261129, -20.1663873 ], [ 57.5240964, -20.1624337 ], [ 57.5238769, -20.1610293 ], [ 57.5226817, -20.1583349 ], [ 57.5226288, -20.1554764 ], [ 57.5206977, -20.1543085 ], [ 57.5201453, -20.1540767 ], [ 57.5196118, -20.1536938 ] ] ] } },
{ "type": "Feature", "properties": { "element": "relation", "id": 18502102, "admin_level": "9", "border_type": null, "boundary": "administrative", "maritime": null, "note": null, "type": "boundary", "ISO3166-1": null, "ISO3166-1:alpha2": null, "ISO3166-1:alpha3": null, "ISO3166-1:numeric": null, "driving_side": null, "flag": null, "name": "Town of Port-Louis, Ward 7", "name:ab": null, "name:af": null, "name:als": null, "name:am": null, "name:ami": null, "name:an": null, "name:ang": null, "name:ar": null, "name:ary": null, "name:arz": null, "name:ast": null, "name:avk": null, "name:az": null, "name:azb": null, "name:ba": null, "name:ban": null, "name:bar": null, "name:bcl": null, "name:be": null, "name:be-tarask": null, "name:bg": null, "name:bi": null, "name:bjn": null, "name:bn": null, "name:bo": null, "name:bpy": null, "name:br": null, "name:bs": null, "name:bxr": null, "name:ca": null, "name:cbk": null, "name:cdo": null, "name:ce": null, "name:ceb": null, "name:ckb": null, "name:crh": null, "name:cs": null, "name:cv": null, "name:cy": null, "name:da": null, "name:dag": null, "name:de": null, "name:diq": null, "name:dty": null, "name:dv": null, "name:ee": null, "name:el": null, "name:en": null, "name:eo": null, "name:es": null, "name:et": null, "name:eu": null, "name:ext": null, "name:fa": null, "name:ff": null, "name:fi": null, "name:fo": null, "name:fr": null, "name:frp": null, "name:frr": null, "name:fy": null, "name:ga": null, "name:gag": null, "name:gcr": null, "name:gd": null, "name:gl": null, "name:gn": null, "name:grc": null, "name:gu": null, "name:gv": null, "name:ha": null, "name:hak": null, "name:haw": null, "name:he": null, "name:hi": null, "name:hif": null, "name:hr": null, "name:hsb": null, "name:ht": null, "name:hu": null, "name:hy": null, "name:ia": null, "name:id": null, "name:ie": null, "name:ig": null, "name:ilo": null, "name:io": null, "name:is": null, "name:it": null, "name:ja": null, "name:jam": null, "name:jv": null, "name:ka": null, "name:kg": null, "name:ki": null, "name:kk": null, "name:kn": null, "name:ko": null, "name:ku": null, "name:kw": null, "name:ky": null, "name:la": null, "name:lad": null, "name:lb": null, "name:lfn": null, "name:lg": null, "name:li": null, "name:lij": null, "name:lld": null, "name:lmo": null, "name:ln": null, "name:lt": null, "name:lv": null, "name:mfe": null, "name:mg": null, "name:mhr": null, "name:mi": null, "name:min": null, "name:mk": null, "name:ml": null, "name:mn": null, "name:mr": null, "name:mrj": null, "name:ms": null, "name:mt": null, "name:my": null, "name:mzn": null, "name:na": null, "name:nah": null, "name:nan": null, "name:nds": null, "name:nds-NL": null, "name:ne": null, "name:nl": null, "name:nn": null, "name:no": null, "name:nov": null, "name:nso": null, "name:oc": null, "name:olo": null, "name:om": null, "name:or": null, "name:os": null, "name:pa": null, "name:pam": null, "name:pi": null, "name:pih": null, "name:pl": null, "name:pms": null, "name:pnb": null, "name:ps": null, "name:pt": null, "name:qu": null, "name:ro": null, "name:ru": null, "name:rw": null, "name:sa": null, "name:sah": null, "name:sc": null, "name:scn": null, "name:sco": null, "name:sd": null, "name:se": null, "name:sg": null, "name:sgs": null, "name:sh": null, "name:shn": null, "name:si": null, "name:simple": null, "name:sk": null, "name:sl": null, "name:sm": null, "name:smn": null, "name:sms": null, "name:sn": null, "name:so": null, "name:sq": null, "name:sr": null, "name:ss": null, "name:st": null, "name:stq": null, "name:su": null, "name:sv": null, "name:sw": null, "name:szl": null, "name:szy": null, "name:ta": null, "name:tay": null, "name:te": null, "name:tg": null, "name:th": null, "name:tk": null, "name:tl": null, "name:tr": null, "name:trv": null, "name:ts": null, "name:tt": null, "name:tzl": null, "name:udm": null, "name:ug": null, "name:uk": null, "name:ur": null, "name:uz": null, "name:vec": null, "name:vep": null, "name:vi": null, "name:vo": null, "name:vro": null, "name:war": null, "name:wo": null, "name:wuu": null, "name:xal": null, "name:xmf": null, "name:yi": null, "name:yo": null, "name:yue": null, "name:za": null, "name:zea": null, "name:zh": null, "name:zh-Hans": null, "name:zh-Hant": null, "name:zh-Hant-CN": null, "name:zh-Hant-TW": null, "name:zu": null, "official_name": null, "official_name:ca": null, "official_name:cs": null, "official_name:de": null, "official_name:fr": null, "official_name:sr": null, "official_name:xmf": null, "population": null, "timezone": null, "wikidata": null, "wikipedia": null, "wikipedia:xmf": null, "ISO3166-2": null, "official_name:ar": null, "official_name:fa": null, "official_name:ur": null, "alt_name:en": null, "code": "1117" }, "geometry": { "type": "Polygon", "coordinates": [ [ [ 57.5145178, -20.147901 ], [ 57.5145945, -20.1472335 ], [ 57.5146213, -20.1465511 ], [ 57.5146196, -20.1458234 ], [ 57.5146236, -20.1447245 ], [ 57.5146376, -20.1443552 ], [ 57.5146518, -20.144025 ], [ 57.5146828, -20.1431671 ], [ 57.5149792, -20.142726 ], [ 57.5149941, -20.1425976 ], [ 57.5149867, -20.1422343 ], [ 57.5149995, -20.1418674 ], [ 57.5150371, -20.1411496 ], [ 57.5153042, -20.1407786 ], [ 57.5153752, -20.1408365 ], [ 57.5155791, -20.1409524 ], [ 57.5156877, -20.1409864 ], [ 57.5157856, -20.1410468 ], [ 57.5158486, -20.1411047 ], [ 57.5159975, -20.141184 ], [ 57.5161289, -20.141359 ], [ 57.5161759, -20.1413993 ], [ 57.516259, -20.1415007 ], [ 57.5163194, -20.1415208 ], [ 57.5163824, -20.1415271 ], [ 57.5165688, -20.1415145 ], [ 57.5168102, -20.1414554 ], [ 57.5170382, -20.1413043 ], [ 57.5171334, -20.1412262 ], [ 57.5174848, -20.1410965 ], [ 57.5176632, -20.1410474 ], [ 57.5178429, -20.1410373 ], [ 57.5179595, -20.1410525 ], [ 57.5180494, -20.1410739 ], [ 57.5183485, -20.1411847 ], [ 57.518618, -20.1412589 ], [ 57.5188876, -20.1413735 ], [ 57.5191451, -20.1414573 ], [ 57.519188, -20.141495 ], [ 57.5193409, -20.1417267 ], [ 57.5194589, -20.1420364 ], [ 57.5194978, -20.1421674 ], [ 57.5195152, -20.1423059 ], [ 57.5195394, -20.1423588 ], [ 57.5197821, -20.1427314 ], [ 57.5200248, -20.1429656 ], [ 57.5200731, -20.1429896 ], [ 57.5201978, -20.143021 ], [ 57.5204164, -20.1430978 ], [ 57.5208148, -20.1431784 ], [ 57.520914, -20.1432489 ], [ 57.5210548, -20.1434013 ], [ 57.5211567, -20.1434642 ], [ 57.5213297, -20.1434453 ], [ 57.5215524, -20.1434063 ], [ 57.5216932, -20.143361 ], [ 57.5217683, -20.1433257 ], [ 57.5219413, -20.1431532 ], [ 57.5219909, -20.1430852 ], [ 57.5220271, -20.1430122 ], [ 57.5220995, -20.1429644 ], [ 57.5222122, -20.1429279 ], [ 57.5224227, -20.1429807 ], [ 57.5226708, -20.1430727 ], [ 57.5230131, -20.1431548 ], [ 57.5233779, -20.1433361 ], [ 57.523732, -20.1437088 ], [ 57.524086, -20.1438072 ], [ 57.5248585, -20.1440009 ], [ 57.5249763, -20.1440938 ], [ 57.5252668, -20.1445508 ], [ 57.5259421, -20.1448269 ], [ 57.5265401, -20.144887 ], [ 57.5268231, -20.1448472 ], [ 57.5274512, -20.144865 ], [ 57.5282448, -20.144711 ], [ 57.5290427, -20.1445448 ], [ 57.5294633, -20.1444835 ], [ 57.5296203, -20.1445315 ], [ 57.5296714, -20.1445466 ], [ 57.5297988, -20.1445604 ], [ 57.5299302, -20.1446158 ], [ 57.5300818, -20.1447493 ], [ 57.5302897, -20.1447656 ], [ 57.5306155, -20.14433 ], [ 57.5307228, -20.1441688 ], [ 57.5310232, -20.1438566 ], [ 57.5313129, -20.1438138 ], [ 57.5316723, -20.1437458 ], [ 57.5318842, -20.1437408 ], [ 57.5320959, -20.1436678 ], [ 57.5322139, -20.1436981 ], [ 57.5323373, -20.1437635 ], [ 57.5325036, -20.1437937 ], [ 57.5327021, -20.1437736 ], [ 57.5328684, -20.1436477 ], [ 57.5330239, -20.1435772 ], [ 57.5427454, -20.1413282 ], [ 57.5429548, -20.1415852 ], [ 57.5435459, -20.14287 ], [ 57.543965, -20.1433907 ], [ 57.5442607, -20.1438882 ], [ 57.5444086, -20.1442469 ], [ 57.5445319, -20.1446866 ], [ 57.5447044, -20.1451609 ], [ 57.5448646, -20.1456816 ], [ 57.5451358, -20.1460287 ], [ 57.5451974, -20.1463064 ], [ 57.5452754, -20.1464196 ], [ 57.537068, -20.1523133 ], [ 57.5364894, -20.1526624 ], [ 57.5364545, -20.1527153 ], [ 57.5354917, -20.1533697 ], [ 57.5339088, -20.1544441 ], [ 57.5336106, -20.1541659 ], [ 57.5313004, -20.1542725 ], [ 57.5300182, -20.1543568 ], [ 57.5293945, -20.1543786 ], [ 57.5290275, -20.1544268 ], [ 57.5288542, -20.1544739 ], [ 57.5286688, -20.1545278 ], [ 57.5284646, -20.1546106 ], [ 57.5283033, -20.1546869 ], [ 57.5282033, -20.1547337 ], [ 57.5281476, -20.1544947 ], [ 57.5280519, -20.1542864 ], [ 57.5279095, -20.1541001 ], [ 57.5276876, -20.1539467 ], [ 57.5273654, -20.1537384 ], [ 57.5270759, -20.1536354 ], [ 57.5266089, -20.1537275 ], [ 57.5262726, -20.1537428 ], [ 57.5259808, -20.1536595 ], [ 57.5258874, -20.1535565 ], [ 57.5257963, -20.1534009 ], [ 57.5257426, -20.15314 ], [ 57.5257286, -20.1530414 ], [ 57.5257636, -20.1529186 ], [ 57.5258173, -20.1527805 ], [ 57.5258734, -20.1526687 ], [ 57.5259201, -20.1525679 ], [ 57.5259014, -20.1524013 ], [ 57.525843, -20.152318 ], [ 57.5255348, -20.152147 ], [ 57.525355, -20.1520791 ], [ 57.5252826, -20.1520396 ], [ 57.5252032, -20.1520571 ], [ 57.5251588, -20.1521689 ], [ 57.5250725, -20.1523662 ], [ 57.5248973, -20.1525964 ], [ 57.5245517, -20.1529756 ], [ 57.5243369, -20.1531575 ], [ 57.5241641, -20.1531948 ], [ 57.523975, -20.15314 ], [ 57.5238256, -20.1530458 ], [ 57.5237462, -20.1529274 ], [ 57.5236691, -20.1527696 ], [ 57.5236131, -20.1524912 ], [ 57.5235921, -20.152215 ], [ 57.5235197, -20.1520374 ], [ 57.5233986, -20.1519154 ], [ 57.523119, -20.1517625 ], [ 57.5224574, -20.1513317 ], [ 57.5222935, -20.1512154 ], [ 57.5222475, -20.1512765 ], [ 57.5221483, -20.1513951 ], [ 57.5217142, -20.1518072 ], [ 57.5206826, -20.1527866 ], [ 57.5204145, -20.1530086 ], [ 57.5203447, -20.1530604 ], [ 57.5199603, -20.1533855 ], [ 57.5198687, -20.1534676 ], [ 57.5196435, -20.1536659 ], [ 57.5196118, -20.1536938 ], [ 57.5195801, -20.1537217 ], [ 57.5193319, -20.1539402 ], [ 57.519059, -20.1541933 ], [ 57.5189944, -20.1541425 ], [ 57.5189261, -20.1540888 ], [ 57.5182899, -20.1536592 ], [ 57.5181118, -20.153539 ], [ 57.5175562, -20.1531909 ], [ 57.5170863, -20.1529557 ], [ 57.5169694, -20.1529142 ], [ 57.5168382, -20.1528978 ], [ 57.5165789, -20.1528814 ], [ 57.5155478, -20.1527246 ], [ 57.5148317, -20.1526099 ], [ 57.5147111, -20.1525906 ], [ 57.5147083, -20.1524952 ], [ 57.5146953, -20.1520477 ], [ 57.5156006, -20.1515129 ], [ 57.5157076, -20.1513872 ], [ 57.5157908, -20.1512068 ], [ 57.5158148, -20.1510999 ], [ 57.5158438, -20.1508678 ], [ 57.5157681, -20.1508555 ], [ 57.5150001, -20.1507857 ], [ 57.514838, -20.1507613 ], [ 57.514734, -20.1494267 ], [ 57.5145147, -20.1483367 ], [ 57.514506, -20.1481274 ], [ 57.5145178, -20.147901 ] ] ] } },
{ "type": "Feature", "properties": { "element": "relation", "id": 18502103, "admin_level": "9", "border_type": null, "boundary": "administrative", "maritime": null, "note": null, "type": "boundary", "ISO3166-1": null, "ISO3166-1:alpha2": null, "ISO3166-1:alpha3": null, "ISO3166-1:numeric": null, "driving_side": null, "flag": null, "name": "Town of Port-Louis, Ward 6", "name:ab": null, "name:af": null, "name:als": null, "name:am": null, "name:ami": null, "name:an": null, "name:ang": null, "name:ar": null, "name:ary": null, "name:arz": null, "name:ast": null, "name:avk": null, "name:az": null, "name:azb": null, "name:ba": null, "name:ban": null, "name:bar": null, "name:bcl": null, "name:be": null, "name:be-tarask": null, "name:bg": null, "name:bi": null, "name:bjn": null, "name:bn": null, "name:bo": null, "name:bpy": null, "name:br": null, "name:bs": null, "name:bxr": null, "name:ca": null, "name:cbk": null, "name:cdo": null, "name:ce": null, "name:ceb": null, "name:ckb": null, "name:crh": null, "name:cs": null, "name:cv": null, "name:cy": null, "name:da": null, "name:dag": null, "name:de": null, "name:diq": null, "name:dty": null, "name:dv": null, "name:ee": null, "name:el": null, "name:en": null, "name:eo": null, "name:es": null, "name:et": null, "name:eu": null, "name:ext": null, "name:fa": null, "name:ff": null, "name:fi": null, "name:fo": null, "name:fr": null, "name:frp": null, "name:frr": null, "name:fy": null, "name:ga": null, "name:gag": null, "name:gcr": null, "name:gd": null, "name:gl": null, "name:gn": null, "name:grc": null, "name:gu": null, "name:gv": null, "name:ha": null, "name:hak": null, "name:haw": null, "name:he": null, "name:hi": null, "name:hif": null, "name:hr": null, "name:hsb": null, "name:ht": null, "name:hu": null, "name:hy": null, "name:ia": null, "name:id": null, "name:ie": null, "name:ig": null, "name:ilo": null, "name:io": null, "name:is": null, "name:it": null, "name:ja": null, "name:jam": null, "name:jv": null, "name:ka": null, "name:kg": null, "name:ki": null, "name:kk": null, "name:kn": null, "name:ko": null, "name:ku": null, "name:kw": null, "name:ky": null, "name:la": null, "name:lad": null, "name:lb": null, "name:lfn": null, "name:lg": null, "name:li": null, "name:lij": null, "name:lld": null, "name:lmo": null, "name:ln": null, "name:lt": null, "name:lv": null, "name:mfe": null, "name:mg": null, "name:mhr": null, "name:mi": null, "name:min": null, "name:mk": null, "name:ml": null, "name:mn": null, "name:mr": null, "name:mrj": null, "name:ms": null, "name:mt": null, "name:my": null, "name:mzn": null, "name:na": null, "name:nah": null, "name:nan": null, "name:nds": null, "name:nds-NL": null, "name:ne": null, "name:nl": null, "name:nn": null, "name:no": null, "name:nov": null, "name:nso": null, "name:oc": null, "name:olo": null, "name:om": null, "name:or": null, "name:os": null, "name:pa": null, "name:pam": null, "name:pi": null, "name:pih": null, "name:pl": null, "name:pms": null, "name:pnb": null, "name:ps": null, "name:pt": null, "name:qu": null, "name:ro": null, "name:ru": null, "name:rw": null, "name:sa": null, "name:sah": null, "name:sc": null, "name:scn": null, "name:sco": null, "name:sd": null, "name:se": null, "name:sg": null, "name:sgs": null, "name:sh": null, "name:shn": null, "name:si": null, "name:simple": null, "name:sk": null, "name:sl": null, "name:sm": null, "name:smn": null, "name:sms": null, "name:sn": null, "name:so": null, "name:sq": null, "name:sr": null, "name:ss": null, "name:st": null, "name:stq": null, "name:su": null, "name:sv": null, "name:sw": null, "name:szl": null, "name:szy": null, "name:ta": null, "name:tay": null, "name:te": null, "name:tg": null, "name:th": null, "name:tk": null, "name:tl": null, "name:tr": null, "name:trv": null, "name:ts": null, "name:tt": null, "name:tzl": null, "name:udm": null, "name:ug": null, "name:uk": null, "name:ur": null, "name:uz": null, "name:vec": null, "name:vep": null, "name:vi": null, "name:vo": null, "name:vro": null, "name:war": null, "name:wo": null, "name:wuu": null, "name:xal": null, "name:xmf": null, "name:yi": null, "name:yo": null, "name:yue": null, "name:za": null, "name:zea": null, "name:zh": null, "name:zh-Hans": null, "name:zh-Hant": null, "name:zh-Hant-CN": null, "name:zh-Hant-TW": null, "name:zu": null, "official_name": null, "official_name:ca": null, "official_name:cs": null, "official_name:de": null, "official_name:fr": null, "official_name:sr": null, "official_name:xmf": null, "population": null, "timezone": null, "wikidata": null, "wikipedia": null, "wikipedia:xmf": null, "ISO3166-2": null, "official_name:ar": null, "official_name:fa": null, "official_name:ur": null, "alt_name:en": null, "code": "1116" }, "geometry": { "type": "Polygon", "coordinates": [ [ [ 57.5025305, -20.159556 ], [ 57.5024966, -20.1595237 ], [ 57.5029743, -20.159123 ], [ 57.5032997, -20.1588578 ], [ 57.504032, -20.1582737 ], [ 57.5041808, -20.1581415 ], [ 57.5043029, -20.1580156 ], [ 57.5044383, -20.1578771 ], [ 57.5045939, -20.1576945 ], [ 57.5047213, -20.1575271 ], [ 57.5045862, -20.1574083 ], [ 57.5048936, -20.1569806 ], [ 57.5049084, -20.1568894 ], [ 57.5042043, -20.156281 ], [ 57.5039765, -20.1565685 ], [ 57.5033162, -20.1568319 ], [ 57.5029134, -20.1568186 ], [ 57.50278, -20.1568591 ], [ 57.502717, -20.1568585 ], [ 57.5027192, -20.1568189 ], [ 57.5026288, -20.1567886 ], [ 57.5025575, -20.1567685 ], [ 57.50254, -20.1568056 ], [ 57.5022725, -20.1568147 ], [ 57.5022732, -20.1568926 ], [ 57.5021195, -20.1568995 ], [ 57.5021168, -20.1568138 ], [ 57.5020037, -20.1568163 ], [ 57.5019685, -20.1567944 ], [ 57.5016328, -20.156733 ], [ 57.5016023, -20.1566737 ], [ 57.5015663, -20.1566879 ], [ 57.5014352, -20.1564668 ], [ 57.5013589, -20.1565101 ], [ 57.5014891, -20.1567319 ], [ 57.5014282, -20.1567798 ], [ 57.5014397, -20.1568499 ], [ 57.5010171, -20.1568941 ], [ 57.5010192, -20.1568258 ], [ 57.5010068, -20.1567774 ], [ 57.5008569, -20.1567823 ], [ 57.5007161, -20.1567433 ], [ 57.5006544, -20.1566848 ], [ 57.5006022, -20.1567105 ], [ 57.5005443, -20.1567215 ], [ 57.5005288, -20.1567679 ], [ 57.5003968, -20.1568552 ], [ 57.5004152, -20.1569675 ], [ 57.5001119, -20.1578575 ], [ 57.5000194, -20.1580337 ], [ 57.4999711, -20.1580495 ], [ 57.499951, -20.1580268 ], [ 57.4998806, -20.1580507 ], [ 57.4998933, -20.1580794 ], [ 57.4994102, -20.1582002 ], [ 57.4990982, -20.1580799 ], [ 57.4990384, -20.1581822 ], [ 57.4984223, -20.1582919 ], [ 57.4972721, -20.1558292 ], [ 57.4969924, -20.1552304 ], [ 57.4970077, -20.1551607 ], [ 57.4981535, -20.1546711 ], [ 57.4983313, -20.1550025 ], [ 57.4984931, -20.155027 ], [ 57.4990337, -20.1541095 ], [ 57.4991051, -20.1541377 ], [ 57.4991502, -20.1540724 ], [ 57.4992138, -20.1540561 ], [ 57.4992553, -20.1540626 ], [ 57.4995505, -20.154206 ], [ 57.4997932, -20.153775 ], [ 57.4988952, -20.1533286 ], [ 57.499094, -20.1530041 ], [ 57.4991423, -20.152994 ], [ 57.4992785, -20.1528719 ], [ 57.4991905, -20.1527227 ], [ 57.4990886, -20.1525962 ], [ 57.4989, -20.1527235 ], [ 57.4987628, -20.1526604 ], [ 57.4987319, -20.152702 ], [ 57.4986532, -20.1527153 ], [ 57.4985804, -20.1527624 ], [ 57.4984403, -20.1529653 ], [ 57.4978352, -20.1532848 ], [ 57.497953, -20.1534827 ], [ 57.4970506, -20.1539632 ], [ 57.4969875, -20.1539985 ], [ 57.4968691, -20.153811 ], [ 57.496707, -20.1538848 ], [ 57.4966452, -20.1539081 ], [ 57.4965285, -20.1540153 ], [ 57.492296, -20.1509991 ], [ 57.492422, -20.1508462 ], [ 57.4923643, -20.1507983 ], [ 57.4923295, -20.1507215 ], [ 57.4923573, -20.1506666 ], [ 57.4923157, -20.150478 ], [ 57.4921557, -20.1503316 ], [ 57.4920537, -20.1502597 ], [ 57.4919584, -20.1501926 ], [ 57.4917158, -20.1499624 ], [ 57.4911913, -20.1495105 ], [ 57.491074, -20.1494213 ], [ 57.4909977, -20.1493633 ], [ 57.4905529, -20.1487539 ], [ 57.490416, -20.1487367 ], [ 57.4903326, -20.148812 ], [ 57.4898518, -20.1488893 ], [ 57.4897382, -20.1489074 ], [ 57.4896138, -20.1489164 ], [ 57.4893963, -20.1489433 ], [ 57.4884404, -20.148213 ], [ 57.4888003, -20.1478137 ], [ 57.4886713, -20.1477274 ], [ 57.4883098, -20.1481359 ], [ 57.4870929, -20.1472544 ], [ 57.4870701, -20.1471725 ], [ 57.4869169, -20.1470919 ], [ 57.4865798, -20.1468814 ], [ 57.4862347, -20.146635 ], [ 57.48591, -20.1462088 ], [ 57.4857194, -20.1459127 ], [ 57.4853083, -20.1456303 ], [ 57.4843177, -20.1449388 ], [ 57.4841675, -20.1447701 ], [ 57.4841005, -20.1445913 ], [ 57.4840495, -20.1443898 ], [ 57.4840352, -20.1441757 ], [ 57.4841005, -20.1438963 ], [ 57.484256, -20.1436495 ], [ 57.4845001, -20.1434581 ], [ 57.4847603, -20.1433221 ], [ 57.4849802, -20.143297 ], [ 57.485227, -20.143297 ], [ 57.4854523, -20.1433649 ], [ 57.4856803, -20.1434531 ], [ 57.4862774, -20.1438148 ], [ 57.4868236, -20.1439507 ], [ 57.4871099, -20.1439819 ], [ 57.4872413, -20.1439617 ], [ 57.4873909, -20.14389 ], [ 57.4874519, -20.1438598 ], [ 57.4875954, -20.143788 ], [ 57.4883795, -20.143318 ], [ 57.4888463, -20.143179 ], [ 57.489106, -20.143195 ], [ 57.4892509, -20.1427093 ], [ 57.4938965, -20.1399426 ], [ 57.4957495, -20.1388962 ], [ 57.4959481, -20.1392172 ], [ 57.4965968, -20.1388195 ], [ 57.4966921, -20.1387755 ], [ 57.496845, -20.1387617 ], [ 57.4969697, -20.1386635 ], [ 57.4970381, -20.1386647 ], [ 57.4970783, -20.1386232 ], [ 57.4970582, -20.1385476 ], [ 57.4970153, -20.1385199 ], [ 57.4970153, -20.1384721 ], [ 57.4970649, -20.1384507 ], [ 57.4971387, -20.1384469 ], [ 57.497191, -20.1385325 ], [ 57.4972446, -20.1385476 ], [ 57.4973598, -20.1385306 ], [ 57.4974377, -20.1384822 ], [ 57.4975037, -20.1384927 ], [ 57.4975263, -20.1386131 ], [ 57.4975858, -20.1387335 ], [ 57.4976563, -20.1388171 ], [ 57.497755, -20.1388697 ], [ 57.4979796, -20.1388851 ], [ 57.4981604, -20.1388295 ], [ 57.4982853, -20.1387088 ], [ 57.4984088, -20.1386152 ], [ 57.4984945, -20.1385917 ], [ 57.4986139, -20.1385896 ], [ 57.4987359, -20.1386031 ], [ 57.4988454, -20.1386457 ], [ 57.4989317, -20.1386937 ], [ 57.4990217, -20.1387305 ], [ 57.4990833, -20.138739 ], [ 57.4991963, -20.138747 ], [ 57.4993663, -20.1388939 ], [ 57.4994387, -20.1389594 ], [ 57.4994427, -20.1390261 ], [ 57.4993998, -20.1390488 ], [ 57.4993055, -20.1390398 ], [ 57.4991892, -20.1390349 ], [ 57.4991265, -20.1391254 ], [ 57.4991333, -20.139361 ], [ 57.4992335, -20.1395398 ], [ 57.4993797, -20.1396897 ], [ 57.4996345, -20.1398269 ], [ 57.4999106, -20.1399078 ], [ 57.5001401, -20.1400762 ], [ 57.5004346, -20.140188 ], [ 57.5006068, -20.1401996 ], [ 57.5009716, -20.1402827 ], [ 57.501654, -20.1406238 ], [ 57.5021501, -20.1407275 ], [ 57.5024996, -20.1407452 ], [ 57.5025943, -20.1407889 ], [ 57.5028732, -20.1408443 ], [ 57.5032434, -20.1408971 ], [ 57.5036672, -20.1409878 ], [ 57.5039166, -20.1410659 ], [ 57.5042365, -20.1411486 ], [ 57.5044598, -20.1410507 ], [ 57.5046086, -20.1410847 ], [ 57.5047629, -20.1410734 ], [ 57.5048514, -20.1411049 ], [ 57.5049868, -20.1411515 ], [ 57.5051874, -20.1411509 ], [ 57.5053516, -20.1411314 ], [ 57.5056104, -20.1411598 ], [ 57.5056557, -20.1411153 ], [ 57.5058827, -20.1410439 ], [ 57.506057, -20.1409923 ], [ 57.5063547, -20.1409067 ], [ 57.5066417, -20.1408488 ], [ 57.5068644, -20.1408198 ], [ 57.5069891, -20.1408122 ], [ 57.5071232, -20.140816 ], [ 57.507197, -20.1408349 ], [ 57.5073659, -20.1408979 ], [ 57.5075363, -20.1409419 ], [ 57.5076503, -20.1409621 ], [ 57.5077347, -20.1409545 ], [ 57.5078326, -20.140923 ], [ 57.5079171, -20.1408739 ], [ 57.5080217, -20.1407808 ], [ 57.5081196, -20.1406926 ], [ 57.5082363, -20.1405365 ], [ 57.5083382, -20.1403338 ], [ 57.5084522, -20.1401588 ], [ 57.5085314, -20.1400165 ], [ 57.5086239, -20.1397836 ], [ 57.5086735, -20.1396639 ], [ 57.508754, -20.1394864 ], [ 57.5088076, -20.139397 ], [ 57.5088492, -20.139324 ], [ 57.5089039, -20.1392333 ], [ 57.5090184, -20.1391348 ], [ 57.5091002, -20.1390958 ], [ 57.5091927, -20.1390719 ], [ 57.5093805, -20.1390807 ], [ 57.5094073, -20.1390908 ], [ 57.5094543, -20.1391273 ], [ 57.5095978, -20.1393061 ], [ 57.5096474, -20.1393464 ], [ 57.5097761, -20.139359 ], [ 57.509862, -20.1393816 ], [ 57.5099129, -20.1394093 ], [ 57.5099518, -20.1394521 ], [ 57.5099746, -20.1394987 ], [ 57.5099733, -20.139578 ], [ 57.5099303, -20.1396536 ], [ 57.5099156, -20.1397065 ], [ 57.5099666, -20.1398097 ], [ 57.5100806, -20.1399432 ], [ 57.5101583, -20.1399734 ], [ 57.5104091, -20.1401132 ], [ 57.5105526, -20.1402189 ], [ 57.5108973, -20.1403625 ], [ 57.5110099, -20.1404254 ], [ 57.511128, -20.140467 ], [ 57.511431, -20.1405211 ], [ 57.5118602, -20.1404859 ], [ 57.5120415, -20.1404947 ], [ 57.5121941, -20.1405022 ], [ 57.5122223, -20.1404985 ], [ 57.5123175, -20.1404355 ], [ 57.5123926, -20.1403499 ], [ 57.512516, -20.1403134 ], [ 57.5126085, -20.1402731 ], [ 57.5126984, -20.1402542 ], [ 57.5129666, -20.1402567 ], [ 57.5130337, -20.1402643 ], [ 57.5132053, -20.1403247 ], [ 57.5133663, -20.1403637 ], [ 57.5134548, -20.1404393 ], [ 57.5136036, -20.1405136 ], [ 57.5136935, -20.1405828 ], [ 57.5137485, -20.140608 ], [ 57.5138343, -20.1406281 ], [ 57.5138866, -20.1406105 ], [ 57.5139094, -20.1405916 ], [ 57.5139228, -20.14054 ], [ 57.5140542, -20.1404808 ], [ 57.5141052, -20.1404191 ], [ 57.5141602, -20.1403826 ], [ 57.514415, -20.1402869 ], [ 57.5144807, -20.1402869 ], [ 57.5145397, -20.1403071 ], [ 57.5146014, -20.1404078 ], [ 57.5146631, -20.1404651 ], [ 57.5147945, -20.1404802 ], [ 57.5149152, -20.1405079 ], [ 57.5150802, -20.1405658 ], [ 57.5151432, -20.1405998 ], [ 57.515213, -20.1406653 ], [ 57.5153042, -20.1407786 ], [ 57.5150371, -20.1411496 ], [ 57.5149995, -20.1418674 ], [ 57.5149867, -20.1422343 ], [ 57.5149941, -20.1425976 ], [ 57.5149792, -20.142726 ], [ 57.5146828, -20.1431671 ], [ 57.5146518, -20.144025 ], [ 57.5146376, -20.1443552 ], [ 57.5146236, -20.1447245 ], [ 57.5146196, -20.1458234 ], [ 57.5146213, -20.1465511 ], [ 57.5145945, -20.1472335 ], [ 57.5145178, -20.147901 ], [ 57.514506, -20.1481274 ], [ 57.5145147, -20.1483367 ], [ 57.514734, -20.1494267 ], [ 57.514838, -20.1507613 ], [ 57.5150001, -20.1507857 ], [ 57.5157681, -20.1508555 ], [ 57.5158438, -20.1508678 ], [ 57.5158148, -20.1510999 ], [ 57.5157908, -20.1512068 ], [ 57.5157076, -20.1513872 ], [ 57.5156006, -20.1515129 ], [ 57.5146953, -20.1520477 ], [ 57.5147083, -20.1524952 ], [ 57.5147111, -20.1525906 ], [ 57.5148317, -20.1526099 ], [ 57.5155478, -20.1527246 ], [ 57.5165789, -20.1528814 ], [ 57.5168382, -20.1528978 ], [ 57.5169694, -20.1529142 ], [ 57.5170863, -20.1529557 ], [ 57.5175562, -20.1531909 ], [ 57.5181118, -20.153539 ], [ 57.5182899, -20.1536592 ], [ 57.5189261, -20.1540888 ], [ 57.5189944, -20.1541425 ], [ 57.519059, -20.1541933 ], [ 57.5189827, -20.1542632 ], [ 57.5183575, -20.1548363 ], [ 57.5181391, -20.1550485 ], [ 57.5178054, -20.1553391 ], [ 57.5177518, -20.1553858 ], [ 57.5174835, -20.1556367 ], [ 57.5173484, -20.1557464 ], [ 57.517269, -20.1558191 ], [ 57.5168922, -20.1561703 ], [ 57.5168528, -20.156201 ], [ 57.5162109, -20.156793 ], [ 57.5161361, -20.1568705 ], [ 57.5160561, -20.1569309 ], [ 57.5159599, -20.1569874 ], [ 57.5154259, -20.157256 ], [ 57.5150507, -20.15745 ], [ 57.5145357, -20.1577098 ], [ 57.5142934, -20.1578173 ], [ 57.5142287, -20.1578457 ], [ 57.5138926, -20.1579928 ], [ 57.513498, -20.1581669 ], [ 57.5134046, -20.1582005 ], [ 57.5130551, -20.1583325 ], [ 57.5127283, -20.1584593 ], [ 57.5123643, -20.1585974 ], [ 57.5119951, -20.1587444 ], [ 57.5116935, -20.1588665 ], [ 57.5116398, -20.1588882 ], [ 57.5113634, -20.159155 ], [ 57.5113477, -20.1591372 ], [ 57.5111157, -20.158933 ], [ 57.5106288, -20.1584641 ], [ 57.5101036, -20.1589359 ], [ 57.5099066, -20.1591195 ], [ 57.5098053, -20.1592112 ], [ 57.5097653, -20.159254 ], [ 57.5093536, -20.159647 ], [ 57.5092554, -20.1597312 ], [ 57.5090138, -20.1599611 ], [ 57.5087767, -20.1601803 ], [ 57.5083754, -20.1605489 ], [ 57.5079177, -20.1609744 ], [ 57.5076402, -20.1612309 ], [ 57.5074405, -20.1614155 ], [ 57.5069349, -20.1618852 ], [ 57.5068792, -20.1619343 ], [ 57.5064409, -20.162332 ], [ 57.5060078, -20.1627386 ], [ 57.5059593, -20.1627787 ], [ 57.5054788, -20.1623332 ], [ 57.5048082, -20.1617174 ], [ 57.5041153, -20.1610374 ], [ 57.5037289, -20.1606362 ], [ 57.5030145, -20.1599772 ], [ 57.5025305, -20.159556 ] ] ] } },
{ "type": "Feature", "properties": { "element": "relation", "id": 18504783, "admin_level": "9", "border_type": null, "boundary": "administrative", "maritime": null, "note": null, "type": "boundary", "ISO3166-1": null, "ISO3166-1:alpha2": null, "ISO3166-1:alpha3": null, "ISO3166-1:numeric": null, "driving_side": null, "flag": null, "name": "Town of Port-Louis, Ward 2, West", "name:ab": null, "name:af": null, "name:als": null, "name:am": null, "name:ami": null, "name:an": null, "name:ang": null, "name:ar": null, "name:ary": null, "name:arz": null, "name:ast": null, "name:avk": null, "name:az": null, "name:azb": null, "name:ba": null, "name:ban": null, "name:bar": null, "name:bcl": null, "name:be": null, "name:be-tarask": null, "name:bg": null, "name:bi": null, "name:bjn": null, "name:bn": null, "name:bo": null, "name:bpy": null, "name:br": null, "name:bs": null, "name:bxr": null, "name:ca": null, "name:cbk": null, "name:cdo": null, "name:ce": null, "name:ceb": null, "name:ckb": null, "name:crh": null, "name:cs": null, "name:cv": null, "name:cy": null, "name:da": null, "name:dag": null, "name:de": null, "name:diq": null, "name:dty": null, "name:dv": null, "name:ee": null, "name:el": null, "name:en": null, "name:eo": null, "name:es": null, "name:et": null, "name:eu": null, "name:ext": null, "name:fa": null, "name:ff": null, "name:fi": null, "name:fo": null, "name:fr": null, "name:frp": null, "name:frr": null, "name:fy": null, "name:ga": null, "name:gag": null, "name:gcr": null, "name:gd": null, "name:gl": null, "name:gn": null, "name:grc": null, "name:gu": null, "name:gv": null, "name:ha": null, "name:hak": null, "name:haw": null, "name:he": null, "name:hi": null, "name:hif": null, "name:hr": null, "name:hsb": null, "name:ht": null, "name:hu": null, "name:hy": null, "name:ia": null, "name:id": null, "name:ie": null, "name:ig": null, "name:ilo": null, "name:io": null, "name:is": null, "name:it": null, "name:ja": null, "name:jam": null, "name:jv": null, "name:ka": null, "name:kg": null, "name:ki": null, "name:kk": null, "name:kn": null, "name:ko": null, "name:ku": null, "name:kw": null, "name:ky": null, "name:la": null, "name:lad": null, "name:lb": null, "name:lfn": null, "name:lg": null, "name:li": null, "name:lij": null, "name:lld": null, "name:lmo": null, "name:ln": null, "name:lt": null, "name:lv": null, "name:mfe": null, "name:mg": null, "name:mhr": null, "name:mi": null, "name:min": null, "name:mk": null, "name:ml": null, "name:mn": null, "name:mr": null, "name:mrj": null, "name:ms": null, "name:mt": null, "name:my": null, "name:mzn": null, "name:na": null, "name:nah": null, "name:nan": null, "name:nds": null, "name:nds-NL": null, "name:ne": null, "name:nl": null, "name:nn": null, "name:no": null, "name:nov": null, "name:nso": null, "name:oc": null, "name:olo": null, "name:om": null, "name:or": null, "name:os": null, "name:pa": null, "name:pam": null, "name:pi": null, "name:pih": null, "name:pl": null, "name:pms": null, "name:pnb": null, "name:ps": null, "name:pt": null, "name:qu": null, "name:ro": null, "name:ru": null, "name:rw": null, "name:sa": null, "name:sah": null, "name:sc": null, "name:scn": null, "name:sco": null, "name:sd": null, "name:se": null, "name:sg": null, "name:sgs": null, "name:sh": null, "name:shn": null, "name:si": null, "name:simple": null, "name:sk": null, "name:sl": null, "name:sm": null, "name:smn": null, "name:sms": null, "name:sn": null, "name:so": null, "name:sq": null, "name:sr": null, "name:ss": null, "name:st": null, "name:stq": null, "name:su": null, "name:sv": null, "name:sw": null, "name:szl": null, "name:szy": null, "name:ta": null, "name:tay": null, "name:te": null, "name:tg": null, "name:th": null, "name:tk": null, "name:tl": null, "name:tr": null, "name:trv": null, "name:ts": null, "name:tt": null, "name:tzl": null, "name:udm": null, "name:ug": null, "name:uk": null, "name:ur": null, "name:uz": null, "name:vec": null, "name:vep": null, "name:vi": null, "name:vo": null, "name:vro": null, "name:war": null, "name:wo": null, "name:wuu": null, "name:xal": null, "name:xmf": null, "name:yi": null, "name:yo": null, "name:yue": null, "name:za": null, "name:zea": null, "name:zh": null, "name:zh-Hans": null, "name:zh-Hant": null, "name:zh-Hant-CN": null, "name:zh-Hant-TW": null, "name:zu": null, "official_name": null, "official_name:ca": null, "official_name:cs": null, "official_name:de": null, "official_name:fr": null, "official_name:sr": null, "official_name:xmf": null, "population": null, "timezone": null, "wikidata": null, "wikipedia": null, "wikipedia:xmf": null, "ISO3166-2": null, "official_name:ar": null, "official_name:fa": null, "official_name:ur": null, "alt_name:en": null, "code": "1925" }, "geometry": { "type": "MultiPolygon", "coordinates": [ [ [ [ 57.469061, -20.1749703 ], [ 57.4690807, -20.1745559 ], [ 57.4691108, -20.1739234 ], [ 57.4691391, -20.1732753 ], [ 57.4691588, -20.1724434 ], [ 57.4692008, -20.1717124 ], [ 57.4691914, -20.1716238 ], [ 57.4693732, -20.1711995 ], [ 57.4696165, -20.1707293 ], [ 57.4692282, -20.1705383 ], [ 57.4695687, -20.1701308 ], [ 57.4698609, -20.169793 ], [ 57.4702565, -20.1693188 ], [ 57.4704796, -20.1690547 ], [ 57.470297, -20.1699715 ], [ 57.4698011, -20.1724609 ], [ 57.4691422, -20.175769 ], [ 57.4690424, -20.175769 ], [ 57.469061, -20.1749703 ] ] ], [ [ [ 57.4682546, -20.164645 ], [ 57.4686902, -20.1650587 ], [ 57.4690968, -20.1652878 ], [ 57.4692181, -20.1654875 ], [ 57.4694248, -20.1656384 ], [ 57.469493, -20.1656498 ], [ 57.4695842, -20.1658003 ], [ 57.4696434, -20.1658536 ], [ 57.4697225, -20.1658599 ], [ 57.4697922, -20.1659606 ], [ 57.4699599, -20.16604 ], [ 57.4700381, -20.1660493 ], [ 57.4700913, -20.1661256 ], [ 57.470216, -20.1662112 ], [ 57.4704266, -20.1662754 ], [ 57.4705497, -20.1662807 ], [ 57.4706385, -20.1663622 ], [ 57.4707712, -20.1664126 ], [ 57.4709259, -20.1664361 ], [ 57.4709825, -20.1665301 ], [ 57.4707042, -20.1679272 ], [ 57.4705995, -20.1678352 ], [ 57.4704308, -20.1677087 ], [ 57.4694373, -20.166955 ], [ 57.4680074, -20.1657637 ], [ 57.4676824, -20.1655133 ], [ 57.4682546, -20.164645 ] ] ] ] } },
{ "type": "Feature", "properties": { "element": "relation", "id": 18504785, "admin_level": "9", "border_type": null, "boundary": "administrative", "maritime": null, "note": null, "type": "boundary", "ISO3166-1": null, "ISO3166-1:alpha2": null, "ISO3166-1:alpha3": null, "ISO3166-1:numeric": null, "driving_side": null, "flag": null, "name": "Town of Port-Louis, Ward 1, West", "name:ab": null, "name:af": null, "name:als": null, "name:am": null, "name:ami": null, "name:an": null, "name:ang": null, "name:ar": null, "name:ary": null, "name:arz": null, "name:ast": null, "name:avk": null, "name:az": null, "name:azb": null, "name:ba": null, "name:ban": null, "name:bar": null, "name:bcl": null, "name:be": null, "name:be-tarask": null, "name:bg": null, "name:bi": null, "name:bjn": null, "name:bn": null, "name:bo": null, "name:bpy": null, "name:br": null, "name:bs": null, "name:bxr": null, "name:ca": null, "name:cbk": null, "name:cdo": null, "name:ce": null, "name:ceb": null, "name:ckb": null, "name:crh": null, "name:cs": null, "name:cv": null, "name:cy": null, "name:da": null, "name:dag": null, "name:de": null, "name:diq": null, "name:dty": null, "name:dv": null, "name:ee": null, "name:el": null, "name:en": null, "name:eo": null, "name:es": null, "name:et": null, "name:eu": null, "name:ext": null, "name:fa": null, "name:ff": null, "name:fi": null, "name:fo": null, "name:fr": null, "name:frp": null, "name:frr": null, "name:fy": null, "name:ga": null, "name:gag": null, "name:gcr": null, "name:gd": null, "name:gl": null, "name:gn": null, "name:grc": null, "name:gu": null, "name:gv": null, "name:ha": null, "name:hak": null, "name:haw": null, "name:he": null, "name:hi": null, "name:hif": null, "name:hr": null, "name:hsb": null, "name:ht": null, "name:hu": null, "name:hy": null, "name:ia": null, "name:id": null, "name:ie": null, "name:ig": null, "name:ilo": null, "name:io": null, "name:is": null, "name:it": null, "name:ja": null, "name:jam": null, "name:jv": null, "name:ka": null, "name:kg": null, "name:ki": null, "name:kk": null, "name:kn": null, "name:ko": null, "name:ku": null, "name:kw": null, "name:ky": null, "name:la": null, "name:lad": null, "name:lb": null, "name:lfn": null, "name:lg": null, "name:li": null, "name:lij": null, "name:lld": null, "name:lmo": null, "name:ln": null, "name:lt": null, "name:lv": null, "name:mfe": null, "name:mg": null, "name:mhr": null, "name:mi": null, "name:min": null, "name:mk": null, "name:ml": null, "name:mn": null, "name:mr": null, "name:mrj": null, "name:ms": null, "name:mt": null, "name:my": null, "name:mzn": null, "name:na": null, "name:nah": null, "name:nan": null, "name:nds": null, "name:nds-NL": null, "name:ne": null, "name:nl": null, "name:nn": null, "name:no": null, "name:nov": null, "name:nso": null, "name:oc": null, "name:olo": null, "name:om": null, "name:or": null, "name:os": null, "name:pa": null, "name:pam": null, "name:pi": null, "name:pih": null, "name:pl": null, "name:pms": null, "name:pnb": null, "name:ps": null, "name:pt": null, "name:qu": null, "name:ro": null, "name:ru": null, "name:rw": null, "name:sa": null, "name:sah": null, "name:sc": null, "name:scn": null, "name:sco": null, "name:sd": null, "name:se": null, "name:sg": null, "name:sgs": null, "name:sh": null, "name:shn": null, "name:si": null, "name:simple": null, "name:sk": null, "name:sl": null, "name:sm": null, "name:smn": null, "name:sms": null, "name:sn": null, "name:so": null, "name:sq": null, "name:sr": null, "name:ss": null, "name:st": null, "name:stq": null, "name:su": null, "name:sv": null, "name:sw": null, "name:szl": null, "name:szy": null, "name:ta": null, "name:tay": null, "name:te": null, "name:tg": null, "name:th": null, "name:tk": null, "name:tl": null, "name:tr": null, "name:trv": null, "name:ts": null, "name:tt": null, "name:tzl": null, "name:udm": null, "name:ug": null, "name:uk": null, "name:ur": null, "name:uz": null, "name:vec": null, "name:vep": null, "name:vi": null, "name:vo": null, "name:vro": null, "name:war": null, "name:wo": null, "name:wuu": null, "name:xal": null, "name:xmf": null, "name:yi": null, "name:yo": null, "name:yue": null, "name:za": null, "name:zea": null, "name:zh": null, "name:zh-Hans": null, "name:zh-Hant": null, "name:zh-Hant-CN": null, "name:zh-Hant-TW": null, "name:zu": null, "official_name": null, "official_name:ca": null, "official_name:cs": null, "official_name:de": null, "official_name:fr": null, "official_name:sr": null, "official_name:xmf": null, "population": null, "timezone": null, "wikidata": null, "wikipedia": null, "wikipedia:xmf": null, "ISO3166-2": null, "official_name:ar": null, "official_name:fa": null, "official_name:ur": null, "alt_name:en": null, "code": "1924" }, "geometry": { "type": "Polygon", "coordinates": [ [ [ 57.4112168, -20.1914247 ], [ 57.4112713, -20.1911036 ], [ 57.4114206, -20.1909967 ], [ 57.4115628, -20.1910068 ], [ 57.4118882, -20.1910979 ], [ 57.4120818, -20.1907928 ], [ 57.4123071, -20.1905839 ], [ 57.4124989, -20.1905084 ], [ 57.4125447, -20.1904002 ], [ 57.4125196, -20.1903495 ], [ 57.4124935, -20.1902969 ], [ 57.4124465, -20.1901857 ], [ 57.4124323, -20.1901522 ], [ 57.4125377, -20.1900778 ], [ 57.4126089, -20.1900275 ], [ 57.4126126, -20.1899428 ], [ 57.4128315, -20.1900426 ], [ 57.4129495, -20.1899998 ], [ 57.4131051, -20.1900275 ], [ 57.4133335, -20.1899508 ], [ 57.4134377, -20.1899847 ], [ 57.4134806, -20.1899042 ], [ 57.4134457, -20.1898387 ], [ 57.413502, -20.1897834 ], [ 57.413502, -20.1896801 ], [ 57.4134299, -20.1895342 ], [ 57.4136925, -20.1894158 ], [ 57.4138668, -20.1892018 ], [ 57.414076, -20.189149 ], [ 57.4144328, -20.1890785 ], [ 57.4148753, -20.18894 ], [ 57.4151811, -20.1885473 ], [ 57.4163435, -20.1879889 ], [ 57.4167314, -20.1878676 ], [ 57.4170479, -20.1878349 ], [ 57.4175522, -20.1878324 ], [ 57.4181128, -20.1877694 ], [ 57.4183354, -20.1876184 ], [ 57.4185296, -20.1875701 ], [ 57.4185768, -20.1876486 ], [ 57.4190918, -20.187495 ], [ 57.4195343, -20.1872584 ], [ 57.4200118, -20.1869412 ], [ 57.42045, -20.1866965 ], [ 57.4207842, -20.1865787 ], [ 57.4208888, -20.1864226 ], [ 57.4210605, -20.1863269 ], [ 57.4211195, -20.1862086 ], [ 57.4213394, -20.186045 ], [ 57.4215326, -20.1859694 ], [ 57.4217905, -20.1857679 ], [ 57.4217552, -20.185622 ], [ 57.4217901, -20.1855138 ], [ 57.4219537, -20.1852495 ], [ 57.4220636, -20.1851286 ], [ 57.4222031, -20.1851211 ], [ 57.4222648, -20.1849524 ], [ 57.4222594, -20.1848064 ], [ 57.4221988, -20.1847354 ], [ 57.4222782, -20.1846503 ], [ 57.4224552, -20.1845748 ], [ 57.4225599, -20.1844363 ], [ 57.4226779, -20.1842651 ], [ 57.4228469, -20.1842425 ], [ 57.4229193, -20.1842274 ], [ 57.4230062, -20.1841766 ], [ 57.4232626, -20.1842576 ], [ 57.4232975, -20.1841997 ], [ 57.4234879, -20.1841594 ], [ 57.4236868, -20.1842248 ], [ 57.4240029, -20.183958 ], [ 57.4241334, -20.1836695 ], [ 57.4241853, -20.1833991 ], [ 57.4242255, -20.1832027 ], [ 57.4243301, -20.1830844 ], [ 57.4244133, -20.182742 ], [ 57.4242872, -20.1826212 ], [ 57.4243822, -20.1823941 ], [ 57.4244186, -20.1821278 ], [ 57.4244025, -20.1819188 ], [ 57.4244294, -20.1817048 ], [ 57.4245205, -20.1814908 ], [ 57.4244696, -20.1813171 ], [ 57.4244803, -20.1810654 ], [ 57.4244412, -20.1809768 ], [ 57.425065, -20.1809067 ], [ 57.4252072, -20.1808312 ], [ 57.4253172, -20.1807154 ], [ 57.4252957, -20.180514 ], [ 57.4253896, -20.1803479 ], [ 57.42558, -20.180446 ], [ 57.4257705, -20.1805744 ], [ 57.4258617, -20.1805342 ], [ 57.4259716, -20.1803479 ], [ 57.4262034, -20.1802592 ], [ 57.4263337, -20.1801288 ], [ 57.4264196, -20.1800281 ], [ 57.4264056, -20.179889 ], [ 57.4262667, -20.1796983 ], [ 57.4262432, -20.1794223 ], [ 57.4262918, -20.1791413 ], [ 57.4265407, -20.1790552 ], [ 57.4268175, -20.1792123 ], [ 57.4269748, -20.1793811 ], [ 57.4271008, -20.179434 ], [ 57.4272736, -20.1794058 ], [ 57.4274012, -20.1792779 ], [ 57.4276775, -20.1792426 ], [ 57.4281318, -20.1787538 ], [ 57.4284473, -20.178573 ], [ 57.4286931, -20.1781285 ], [ 57.4287209, -20.1779511 ], [ 57.4288121, -20.1777875 ], [ 57.4289462, -20.1774451 ], [ 57.4292117, -20.1771153 ], [ 57.4294665, -20.1768988 ], [ 57.4295872, -20.1766168 ], [ 57.4299788, -20.1761989 ], [ 57.4300835, -20.1758741 ], [ 57.4302095, -20.1757835 ], [ 57.430298, -20.1756576 ], [ 57.4304482, -20.175353 ], [ 57.4306521, -20.1751817 ], [ 57.4311671, -20.1747311 ], [ 57.4315249, -20.1743479 ], [ 57.4315962, -20.1742477 ], [ 57.4317411, -20.1743761 ], [ 57.4320683, -20.1744139 ], [ 57.4324518, -20.1744542 ], [ 57.432653, -20.1744038 ], [ 57.4327737, -20.1744693 ], [ 57.4330853, -20.1744548 ], [ 57.4332511, -20.1745095 ], [ 57.433392, -20.1745498 ], [ 57.433545, -20.1746771 ], [ 57.433683, -20.1747084 ], [ 57.4338479, -20.1747802 ], [ 57.4341354, -20.1748583 ], [ 57.4342468, -20.1748403 ], [ 57.4343725, -20.1747891 ], [ 57.4347735, -20.1747343 ], [ 57.4348669, -20.1747243 ], [ 57.4350171, -20.1746814 ], [ 57.4351223, -20.1745962 ], [ 57.4352399, -20.1745611 ], [ 57.4353297, -20.1744749 ], [ 57.4354734, -20.174463 ], [ 57.4355364, -20.174507 ], [ 57.4356412, -20.1746556 ], [ 57.4357872, -20.1747009 ], [ 57.4362364, -20.1746165 ], [ 57.4366736, -20.1745335 ], [ 57.4369391, -20.1744817 ], [ 57.4372065, -20.1743095 ], [ 57.4373858, -20.1742729 ], [ 57.4375494, -20.1742213 ], [ 57.4377334, -20.1741196 ], [ 57.4379115, -20.1738713 ], [ 57.4379637, -20.1737466 ], [ 57.4380839, -20.1736987 ], [ 57.4381757, -20.1737266 ], [ 57.4382548, -20.1737857 ], [ 57.4383192, -20.1738801 ], [ 57.4384452, -20.1739053 ], [ 57.4386679, -20.1739078 ], [ 57.4387979, -20.1739317 ], [ 57.4388744, -20.1739796 ], [ 57.4390206, -20.1741029 ], [ 57.4392187, -20.1741418 ], [ 57.439392, -20.1740655 ], [ 57.4396943, -20.1739015 ], [ 57.4398169, -20.1738381 ], [ 57.4400014, -20.1737933 ], [ 57.4402401, -20.1737465 ], [ 57.4404791, -20.1736494 ], [ 57.4406795, -20.1735025 ], [ 57.4409115, -20.1733639 ], [ 57.4411127, -20.173184 ], [ 57.4412401, -20.1730304 ], [ 57.4413726, -20.1729761 ], [ 57.4415633, -20.1728592 ], [ 57.4419349, -20.1726152 ], [ 57.4420756, -20.1724891 ], [ 57.4422365, -20.172367 ], [ 57.4424712, -20.1723041 ], [ 57.4428856, -20.1722248 ], [ 57.4432992, -20.172098 ], [ 57.4436983, -20.1719969 ], [ 57.4440081, -20.1719126 ], [ 57.4442817, -20.1717439 ], [ 57.4445542, -20.1716171 ], [ 57.4449159, -20.1714801 ], [ 57.4451534, -20.1712781 ], [ 57.4453667, -20.1711119 ], [ 57.445541, -20.1710566 ], [ 57.4457538, -20.1709519 ], [ 57.4459782, -20.1709168 ], [ 57.4460949, -20.1709647 ], [ 57.4463162, -20.1708967 ], [ 57.4464212, -20.1708238 ], [ 57.4466112, -20.1707733 ], [ 57.446925, -20.1706374 ], [ 57.4473073, -20.1703923 ], [ 57.4475712, -20.1702768 ], [ 57.447936, -20.1702503 ], [ 57.4484365, -20.170193 ], [ 57.4489149, -20.1701207 ], [ 57.4490882, -20.1700318 ], [ 57.449252, -20.1700234 ], [ 57.4495831, -20.1699047 ], [ 57.4499801, -20.1698342 ], [ 57.4501933, -20.1697612 ], [ 57.4506348, -20.1694984 ], [ 57.4509162, -20.1693004 ], [ 57.4516135, -20.1689593 ], [ 57.4519638, -20.1687696 ], [ 57.4521822, -20.1686395 ], [ 57.4523967, -20.1685439 ], [ 57.4529226, -20.16831 ], [ 57.4532685, -20.1681838 ], [ 57.4536601, -20.1679988 ], [ 57.4541685, -20.1677574 ], [ 57.4546498, -20.1675468 ], [ 57.4551609, -20.167381 ], [ 57.4556811, -20.1671918 ], [ 57.4560727, -20.1671037 ], [ 57.4567339, -20.1669048 ], [ 57.4574632, -20.1667042 ], [ 57.4578792, -20.1666127 ], [ 57.4582694, -20.1665435 ], [ 57.458638, -20.1664655 ], [ 57.4591653, -20.1663597 ], [ 57.4594791, -20.1663282 ], [ 57.4597988, -20.1662342 ], [ 57.4602154, -20.1661356 ], [ 57.4604863, -20.1660488 ], [ 57.4609176, -20.1659602 ], [ 57.4612239, -20.1658587 ], [ 57.4614841, -20.1657252 ], [ 57.4615678, -20.165607 ], [ 57.4616007, -20.1654961 ], [ 57.4616474, -20.1653989 ], [ 57.4617469, -20.1653815 ], [ 57.4618421, -20.1653362 ], [ 57.4619195, -20.1652194 ], [ 57.4620232, -20.1651461 ], [ 57.4621493, -20.1651046 ], [ 57.4622552, -20.1649762 ], [ 57.4624108, -20.1649435 ], [ 57.4625248, -20.1648478 ], [ 57.4626519, -20.1647426 ], [ 57.4628426, -20.1646224 ], [ 57.4630076, -20.1644827 ], [ 57.4631298, -20.1644662 ], [ 57.463367, -20.1644386 ], [ 57.463589, -20.1644566 ], [ 57.463662, -20.1643883 ], [ 57.4638377, -20.164416 ], [ 57.4641053, -20.1643705 ], [ 57.4643956, -20.1644537 ], [ 57.4647577, -20.1644537 ], [ 57.4652897, -20.1644017 ], [ 57.4656683, -20.1643581 ], [ 57.466009, -20.1642775 ], [ 57.4660024, -20.1642262 ], [ 57.4660423, -20.1642162 ], [ 57.466129, -20.1641861 ], [ 57.4665615, -20.1641592 ], [ 57.4670275, -20.1641668 ], [ 57.4673675, -20.1641843 ], [ 57.4674523, -20.1641719 ], [ 57.4675351, -20.1641931 ], [ 57.4676386, -20.1641941 ], [ 57.4677483, -20.1641968 ], [ 57.4677428, -20.1643339 ], [ 57.4678559, -20.1643987 ], [ 57.4682546, -20.164645 ], [ 57.4676824, -20.1655133 ], [ 57.4680074, -20.1657637 ], [ 57.4694373, -20.166955 ], [ 57.4704308, -20.1677087 ], [ 57.4705995, -20.1678352 ], [ 57.4707042, -20.1679272 ], [ 57.4711636, -20.1682646 ], [ 57.4706116, -20.1688951 ], [ 57.4704796, -20.1690547 ], [ 57.4702565, -20.1693188 ], [ 57.4698609, -20.169793 ], [ 57.4695687, -20.1701308 ], [ 57.4692282, -20.1705383 ], [ 57.4696165, -20.1707293 ], [ 57.4693732, -20.1711995 ], [ 57.4691914, -20.1716238 ], [ 57.4692008, -20.1717124 ], [ 57.4691588, -20.1724434 ], [ 57.4691391, -20.1732753 ], [ 57.4691108, -20.1739234 ], [ 57.4690807, -20.1745559 ], [ 57.469061, -20.1749703 ], [ 57.4690424, -20.175769 ], [ 57.4691422, -20.175769 ], [ 57.4690709, -20.1772523 ], [ 57.4690665, -20.1773447 ], [ 57.4690564, -20.1776932 ], [ 57.4687976, -20.1791204 ], [ 57.4687348, -20.179648 ], [ 57.468737, -20.1796979 ], [ 57.4687476, -20.1798218 ], [ 57.4688067, -20.180374 ], [ 57.4687261, -20.1810277 ], [ 57.4686805, -20.1812115 ], [ 57.4686699, -20.1813811 ], [ 57.4687289, -20.1817008 ], [ 57.4688228, -20.1820557 ], [ 57.4688872, -20.1822723 ], [ 57.4689272, -20.1832266 ], [ 57.4689312, -20.1834885 ], [ 57.4689145, -20.1837453 ], [ 57.4689112, -20.1838145 ], [ 57.4689051, -20.1839436 ], [ 57.4688903, -20.1842539 ], [ 57.4688807, -20.1843994 ], [ 57.4688662, -20.1846189 ], [ 57.4689299, -20.1853778 ], [ 57.4696284, -20.1854181 ], [ 57.4698775, -20.1854324 ], [ 57.4702048, -20.1854525 ], [ 57.470194, -20.1856224 ], [ 57.4701159, -20.186459 ], [ 57.4695321, -20.1864011 ], [ 57.469433, -20.1863745 ], [ 57.4690031, -20.1863335 ], [ 57.4676528, -20.1870655 ], [ 57.4660248, -20.1884274 ], [ 57.4658876, -20.1885604 ], [ 57.465663, -20.1887781 ], [ 57.4657377, -20.1885581 ], [ 57.4659186, -20.18767 ], [ 57.4632947, -20.1873363 ], [ 57.4633186, -20.187065 ], [ 57.4633302, -20.186903 ], [ 57.463427, -20.185981 ], [ 57.4636112, -20.1836621 ], [ 57.463764, -20.1836495 ], [ 57.4637545, -20.1835463 ], [ 57.4637391, -20.1834682 ], [ 57.4637129, -20.1834161 ], [ 57.4636959, -20.183367 ], [ 57.463696, -20.1833103 ], [ 57.4637123, -20.1832226 ], [ 57.46371, -20.1831349 ], [ 57.4637123, -20.1830517 ], [ 57.4637077, -20.1829618 ], [ 57.4636867, -20.18285 ], [ 57.4636353, -20.1827098 ], [ 57.4636727, -20.1826177 ], [ 57.4637053, -20.1825585 ], [ 57.4637357, -20.1824183 ], [ 57.4637661, -20.1822539 ], [ 57.4637661, -20.1820939 ], [ 57.4637941, -20.1820019 ], [ 57.4639132, -20.1819536 ], [ 57.4640509, -20.1818769 ], [ 57.4642004, -20.1817761 ], [ 57.4643381, -20.1816819 ], [ 57.4644829, -20.1815767 ], [ 57.464693, -20.1814233 ], [ 57.4649736, -20.1812871 ], [ 57.4649602, -20.1809219 ], [ 57.4651909, -20.1808337 ], [ 57.4653733, -20.1807557 ], [ 57.4655583, -20.1806046 ], [ 57.465679, -20.1805241 ], [ 57.4658105, -20.1804083 ], [ 57.4659526, -20.1800256 ], [ 57.4662048, -20.1798544 ], [ 57.4665213, -20.1794566 ], [ 57.466583, -20.1793937 ], [ 57.4666607, -20.1793383 ], [ 57.4667648, -20.1792949 ], [ 57.4667226, -20.1785933 ], [ 57.4646656, -20.178171 ], [ 57.4642248, -20.1780838 ], [ 57.4627446, -20.1778861 ], [ 57.4616665, -20.1778202 ], [ 57.4606633, -20.1778353 ], [ 57.4604112, -20.1778303 ], [ 57.4585605, -20.1778605 ], [ 57.458201, -20.1778756 ], [ 57.4572837, -20.1779511 ], [ 57.4566346, -20.1780619 ], [ 57.4558246, -20.1782784 ], [ 57.4552138, -20.1784551 ], [ 57.4547948, -20.1785881 ], [ 57.4543326, -20.1787342 ], [ 57.4540076, -20.1788224 ], [ 57.453775, -20.1788788 ], [ 57.4535235, -20.1789249 ], [ 57.4490459, -20.1785053 ], [ 57.4490133, -20.178513 ], [ 57.4489656, -20.1785092 ], [ 57.4486168, -20.1784739 ], [ 57.4469429, -20.1783296 ], [ 57.4452415, -20.1782143 ], [ 57.444593, -20.1781643 ], [ 57.4439464, -20.1781124 ], [ 57.4434564, -20.178079 ], [ 57.4434009, -20.1780846 ], [ 57.4433594, -20.1781081 ], [ 57.443337, -20.1781344 ], [ 57.4433217, -20.1781773 ], [ 57.4433089, -20.1784495 ], [ 57.4433004, -20.1784906 ], [ 57.4432681, -20.1785257 ], [ 57.443225, -20.1785397 ], [ 57.4422962, -20.1784089 ], [ 57.4421657, -20.1783966 ], [ 57.4406933, -20.1782842 ], [ 57.4401497, -20.1782488 ], [ 57.4393701, -20.1781985 ], [ 57.4393896, -20.1782871 ], [ 57.4393861, -20.1783949 ], [ 57.439303, -20.1787844 ], [ 57.4391308, -20.1797258 ], [ 57.4389009, -20.181009 ], [ 57.4386478, -20.1825865 ], [ 57.4385921, -20.1831219 ], [ 57.4384827, -20.1835025 ], [ 57.4383338, -20.1843342 ], [ 57.4335899, -20.1854726 ], [ 57.4115923, -20.1913248 ], [ 57.4112168, -20.1914247 ] ] ] } },
{ "type": "Feature", "properties": { "element": "relation", "id": 18504810, "admin_level": "9", "border_type": null, "boundary": "administrative", "maritime": null, "note": null, "type": "boundary", "ISO3166-1": null, "ISO3166-1:alpha2": null, "ISO3166-1:alpha3": null, "ISO3166-1:numeric": null, "driving_side": null, "flag": null, "name": "Town of Beau-Bassin / Rose Hill, Ward 6", "name:ab": null, "name:af": null, "name:als": null, "name:am": null, "name:ami": null, "name:an": null, "name:ang": null, "name:ar": null, "name:ary": null, "name:arz": null, "name:ast": null, "name:avk": null, "name:az": null, "name:azb": null, "name:ba": null, "name:ban": null, "name:bar": null, "name:bcl": null, "name:be": null, "name:be-tarask": null, "name:bg": null, "name:bi": null, "name:bjn": null, "name:bn": null, "name:bo": null, "name:bpy": null, "name:br": null, "name:bs": null, "name:bxr": null, "name:ca": null, "name:cbk": null, "name:cdo": null, "name:ce": null, "name:ceb": null, "name:ckb": null, "name:crh": null, "name:cs": null, "name:cv": null, "name:cy": null, "name:da": null, "name:dag": null, "name:de": null, "name:diq": null, "name:dty": null, "name:dv": null, "name:ee": null, "name:el": null, "name:en": null, "name:eo": null, "name:es": null, "name:et": null, "name:eu": null, "name:ext": null, "name:fa": null, "name:ff": null, "name:fi": null, "name:fo": null, "name:fr": null, "name:frp": null, "name:frr": null, "name:fy": null, "name:ga": null, "name:gag": null, "name:gcr": null, "name:gd": null, "name:gl": null, "name:gn": null, "name:grc": null, "name:gu": null, "name:gv": null, "name:ha": null, "name:hak": null, "name:haw": null, "name:he": null, "name:hi": null, "name:hif": null, "name:hr": null, "name:hsb": null, "name:ht": null, "name:hu": null, "name:hy": null, "name:ia": null, "name:id": null, "name:ie": null, "name:ig": null, "name:ilo": null, "name:io": null, "name:is": null, "name:it": null, "name:ja": null, "name:jam": null, "name:jv": null, "name:ka": null, "name:kg": null, "name:ki": null, "name:kk": null, "name:kn": null, "name:ko": null, "name:ku": null, "name:kw": null, "name:ky": null, "name:la": null, "name:lad": null, "name:lb": null, "name:lfn": null, "name:lg": null, "name:li": null, "name:lij": null, "name:lld": null, "name:lmo": null, "name:ln": null, "name:lt": null, "name:lv": null, "name:mfe": null, "name:mg": null, "name:mhr": null, "name:mi": null, "name:min": null, "name:mk": null, "name:ml": null, "name:mn": null, "name:mr": null, "name:mrj": null, "name:ms": null, "name:mt": null, "name:my": null, "name:mzn": null, "name:na": null, "name:nah": null, "name:nan": null, "name:nds": null, "name:nds-NL": null, "name:ne": null, "name:nl": null, "name:nn": null, "name:no": null, "name:nov": null, "name:nso": null, "name:oc": null, "name:olo": null, "name:om": null, "name:or": null, "name:os": null, "name:pa": null, "name:pam": null, "name:pi": null, "name:pih": null, "name:pl": null, "name:pms": null, "name:pnb": null, "name:ps": null, "name:pt": null, "name:qu": null, "name:ro": null, "name:ru": null, "name:rw": null, "name:sa": null, "name:sah": null, "name:sc": null, "name:scn": null, "name:sco": null, "name:sd": null, "name:se": null, "name:sg": null, "name:sgs": null, "name:sh": null, "name:shn": null, "name:si": null, "name:simple": null, "name:sk": null, "name:sl": null, "name:sm": null, "name:smn": null, "name:sms": null, "name:sn": null, "name:so": null, "name:sq": null, "name:sr": null, "name:ss": null, "name:st": null, "name:stq": null, "name:su": null, "name:sv": null, "name:sw": null, "name:szl": null, "name:szy": null, "name:ta": null, "name:tay": null, "name:te": null, "name:tg": null, "name:th": null, "name:tk": null, "name:tl": null, "name:tr": null, "name:trv": null, "name:ts": null, "name:tt": null, "name:tzl": null, "name:udm": null, "name:ug": null, "name:uk": null, "name:ur": null, "name:uz": null, "name:vec": null, "name:vep": null, "name:vi": null, "name:vo": null, "name:vro": null, "name:war": null, "name:wo": null, "name:wuu": null, "name:xal": null, "name:xmf": null, "name:yi": null, "name:yo": null, "name:yue": null, "name:za": null, "name:zea": null, "name:zh": null, "name:zh-Hans": null, "name:zh-Hant": null, "name:zh-Hant-CN": null, "name:zh-Hant-TW": null, "name:zu": null, "official_name": null, "official_name:ca": null, "official_name:cs": null, "official_name:de": null, "official_name:fr": null, "official_name:sr": null, "official_name:xmf": null, "population": null, "timezone": null, "wikidata": null, "wikipedia": null, "wikipedia:xmf": null, "ISO3166-2": null, "official_name:ar": null, "official_name:fa": null, "official_name:ur": null, "alt_name:en": null, "code": "1716" }, "geometry": { "type": "Polygon", "coordinates": [ [ [ 57.4484522, -20.220902 ], [ 57.4490196, -20.2075472 ], [ 57.4492507, -20.2067752 ], [ 57.4492723, -20.2065899 ], [ 57.4494326, -20.2062111 ], [ 57.4502058, -20.2038065 ], [ 57.4505422, -20.2030894 ], [ 57.4507384, -20.202671 ], [ 57.4512844, -20.201915 ], [ 57.451926, -20.2013329 ], [ 57.4519947, -20.2012705 ], [ 57.4529258, -20.2007035 ], [ 57.4534189, -20.2004785 ], [ 57.4546444, -20.2002188 ], [ 57.4546815, -20.2003772 ], [ 57.4555994, -20.200144 ], [ 57.456069, -20.1999914 ], [ 57.4568843, -20.1997445 ], [ 57.4576359, -20.1992299 ], [ 57.4580097, -20.1989753 ], [ 57.4581953, -20.1988472 ], [ 57.4583844, -20.1986858 ], [ 57.4587099, -20.1983773 ], [ 57.459038, -20.1980308 ], [ 57.4593274, -20.1976789 ], [ 57.4595531, -20.1973505 ], [ 57.4597796, -20.1969513 ], [ 57.4603766, -20.1957807 ], [ 57.4604937, -20.1955651 ], [ 57.4607922, -20.1950121 ], [ 57.4612068, -20.194299 ], [ 57.4614008, -20.1940203 ], [ 57.4614337, -20.1939726 ], [ 57.4616302, -20.1936878 ], [ 57.4620808, -20.1930716 ], [ 57.4623034, -20.1928011 ], [ 57.4626003, -20.1924773 ], [ 57.4628652, -20.1922007 ], [ 57.463944, -20.1905328 ], [ 57.4648313, -20.1895843 ], [ 57.465663, -20.1887781 ], [ 57.4658876, -20.1885604 ], [ 57.4660248, -20.1884274 ], [ 57.4676528, -20.1870655 ], [ 57.4690031, -20.1863335 ], [ 57.469433, -20.1863745 ], [ 57.4695321, -20.1864011 ], [ 57.4701159, -20.186459 ], [ 57.4735732, -20.1868433 ], [ 57.473498, -20.1869339 ], [ 57.4733451, -20.1869918 ], [ 57.472924, -20.1870573 ], [ 57.4725378, -20.1870875 ], [ 57.4717197, -20.1873367 ], [ 57.4715185, -20.1874374 ], [ 57.4712879, -20.1874777 ], [ 57.4711001, -20.1875884 ], [ 57.4710679, -20.1876312 ], [ 57.4709231, -20.188107 ], [ 57.4708211, -20.1883588 ], [ 57.4708138, -20.1884717 ], [ 57.4709597, -20.1894142 ], [ 57.4710643, -20.1895988 ], [ 57.4711475, -20.1897405 ], [ 57.4712861, -20.1899053 ], [ 57.4714248, -20.190047 ], [ 57.4716035, -20.1902494 ], [ 57.4717914, -20.1904316 ], [ 57.4719855, -20.1905936 ], [ 57.4721426, -20.1906774 ], [ 57.4723552, -20.1908191 ], [ 57.4725524, -20.1910476 ], [ 57.4729595, -20.1915087 ], [ 57.4740344, -20.1920336 ], [ 57.47417, -20.192236 ], [ 57.4743117, -20.1924385 ], [ 57.4744101, -20.1926606 ], [ 57.4744442, -20.1927103 ], [ 57.4744503, -20.192852 ], [ 57.4744134, -20.1930052 ], [ 57.4743425, -20.1932221 ], [ 57.4742593, -20.1933696 ], [ 57.4742008, -20.1935286 ], [ 57.4741422, -20.193705 ], [ 57.4740925, -20.1942154 ], [ 57.4734842, -20.1953286 ], [ 57.4734451, -20.1955066 ], [ 57.47315, -20.1957281 ], [ 57.4729971, -20.1959521 ], [ 57.4728469, -20.1963071 ], [ 57.4727852, -20.1966142 ], [ 57.4726136, -20.1971403 ], [ 57.4724862, -20.1973398 ], [ 57.4723145, -20.197448 ], [ 57.4717861, -20.1978659 ], [ 57.4716493, -20.1980345 ], [ 57.4716037, -20.1981352 ], [ 57.4715984, -20.198246 ], [ 57.4716359, -20.1985657 ], [ 57.4716548, -20.1986138 ], [ 57.4716641, -20.1989212 ], [ 57.4716722, -20.1991539 ], [ 57.4717332, -20.1993638 ], [ 57.4718999, -20.1995011 ], [ 57.47203, -20.1996957 ], [ 57.4720991, -20.199814 ], [ 57.4720422, -20.199959 ], [ 57.4719934, -20.2000811 ], [ 57.4719771, -20.2003024 ], [ 57.4720503, -20.2006877 ], [ 57.4720991, -20.2008709 ], [ 57.4721479, -20.2010273 ], [ 57.4722455, -20.2011761 ], [ 57.4724243, -20.2012639 ], [ 57.4725788, -20.2014241 ], [ 57.4727008, -20.2016034 ], [ 57.4728797, -20.2018476 ], [ 57.4729854, -20.2020193 ], [ 57.473087, -20.2022597 ], [ 57.47327, -20.2026527 ], [ 57.4733553, -20.2028549 ], [ 57.4734448, -20.2030571 ], [ 57.4735098, -20.2033509 ], [ 57.473522, -20.203492 ], [ 57.4735464, -20.2036752 ], [ 57.4735952, -20.2038316 ], [ 57.4735993, -20.203988 ], [ 57.4735667, -20.204091 ], [ 57.4735464, -20.2042398 ], [ 57.473522, -20.204423 ], [ 57.4735098, -20.2045756 ], [ 57.4735179, -20.2047358 ], [ 57.4735952, -20.2048846 ], [ 57.4736887, -20.2050945 ], [ 57.4736806, -20.2053272 ], [ 57.4736196, -20.2056553 ], [ 57.4737489, -20.2060744 ], [ 57.4737738, -20.2063267 ], [ 57.4738053, -20.2065874 ], [ 57.4737042, -20.2067271 ], [ 57.4736222, -20.2067906 ], [ 57.4733535, -20.2069078 ], [ 57.4730024, -20.2069344 ], [ 57.4728515, -20.2070239 ], [ 57.4726741, -20.2071992 ], [ 57.4725713, -20.2073833 ], [ 57.47252, -20.2075717 ], [ 57.4725293, -20.2077996 ], [ 57.4725293, -20.2080144 ], [ 57.4728297, -20.2085241 ], [ 57.4730577, -20.2086108 ], [ 57.4734151, -20.2087033 ], [ 57.4735476, -20.2087554 ], [ 57.4746563, -20.2092242 ], [ 57.4747242, -20.2097236 ], [ 57.474883, -20.210118 ], [ 57.4748083, -20.2103502 ], [ 57.4747335, -20.2105825 ], [ 57.4746868, -20.2108236 ], [ 57.4748026, -20.211546 ], [ 57.4748474, -20.2118664 ], [ 57.47501, -20.2120992 ], [ 57.4751889, -20.2123395 ], [ 57.475531, -20.2127151 ], [ 57.4755934, -20.214442 ], [ 57.4755895, -20.2150519 ], [ 57.4755865, -20.2155201 ], [ 57.4742569, -20.215489 ], [ 57.4732589, -20.2154847 ], [ 57.4727835, -20.2154891 ], [ 57.4722614, -20.2154939 ], [ 57.4712794, -20.2154998 ], [ 57.4703516, -20.2155846 ], [ 57.4694765, -20.215593 ], [ 57.4694473, -20.2157607 ], [ 57.4694171, -20.2159114 ], [ 57.4694104, -20.2159525 ], [ 57.4693652, -20.2162313 ], [ 57.4691533, -20.217586 ], [ 57.4691164, -20.2179001 ], [ 57.4691121, -20.2179368 ], [ 57.4689629, -20.2187275 ], [ 57.4689144, -20.2191078 ], [ 57.4687067, -20.2204056 ], [ 57.4685584, -20.2214003 ], [ 57.4662421, -20.2213086 ], [ 57.4643408, -20.2212737 ], [ 57.4641058, -20.2212694 ], [ 57.4635799, -20.2212583 ], [ 57.4630866, -20.2212478 ], [ 57.4622627, -20.2212304 ], [ 57.4622018, -20.2212289 ], [ 57.4611718, -20.2212073 ], [ 57.4602646, -20.2211718 ], [ 57.4597996, -20.2211553 ], [ 57.4594536, -20.221143 ], [ 57.4594212, -20.2211419 ], [ 57.4590205, -20.2211364 ], [ 57.4586605, -20.221131 ], [ 57.4586139, -20.2211333 ], [ 57.4585907, -20.2211306 ], [ 57.4583327, -20.2211249 ], [ 57.4581726, -20.2211214 ], [ 57.4577544, -20.2211123 ], [ 57.4573295, -20.2211029 ], [ 57.456972, -20.221099 ], [ 57.4560564, -20.2210818 ], [ 57.4551478, -20.2210263 ], [ 57.4531052, -20.2210225 ], [ 57.4529304, -20.2210377 ], [ 57.4525845, -20.2210463 ], [ 57.4523807, -20.2210614 ], [ 57.4516618, -20.220991 ], [ 57.450664, -20.2209708 ], [ 57.4504495, -20.2209658 ], [ 57.4500389, -20.2209533 ], [ 57.4486739, -20.2209003 ], [ 57.4484522, -20.220902 ] ] ] } },
{ "type": "Feature", "properties": { "element": "relation", "id": 18509857, "admin_level": "9", "border_type": null, "boundary": "administrative", "maritime": null, "note": null, "type": "boundary", "ISO3166-1": null, "ISO3166-1:alpha2": null, "ISO3166-1:alpha3": null, "ISO3166-1:numeric": null, "driving_side": null, "flag": null, "name": "Town of Port-Louis, Ward 2, South", "name:ab": null, "name:af": null, "name:als": null, "name:am": null, "name:ami": null, "name:an": null, "name:ang": null, "name:ar": null, "name:ary": null, "name:arz": null, "name:ast": null, "name:avk": null, "name:az": null, "name:azb": null, "name:ba": null, "name:ban": null, "name:bar": null, "name:bcl": null, "name:be": null, "name:be-tarask": null, "name:bg": null, "name:bi": null, "name:bjn": null, "name:bn": null, "name:bo": null, "name:bpy": null, "name:br": null, "name:bs": null, "name:bxr": null, "name:ca": null, "name:cbk": null, "name:cdo": null, "name:ce": null, "name:ceb": null, "name:ckb": null, "name:crh": null, "name:cs": null, "name:cv": null, "name:cy": null, "name:da": null, "name:dag": null, "name:de": null, "name:diq": null, "name:dty": null, "name:dv": null, "name:ee": null, "name:el": null, "name:en": null, "name:eo": null, "name:es": null, "name:et": null, "name:eu": null, "name:ext": null, "name:fa": null, "name:ff": null, "name:fi": null, "name:fo": null, "name:fr": null, "name:frp": null, "name:frr": null, "name:fy": null, "name:ga": null, "name:gag": null, "name:gcr": null, "name:gd": null, "name:gl": null, "name:gn": null, "name:grc": null, "name:gu": null, "name:gv": null, "name:ha": null, "name:hak": null, "name:haw": null, "name:he": null, "name:hi": null, "name:hif": null, "name:hr": null, "name:hsb": null, "name:ht": null, "name:hu": null, "name:hy": null, "name:ia": null, "name:id": null, "name:ie": null, "name:ig": null, "name:ilo": null, "name:io": null, "name:is": null, "name:it": null, "name:ja": null, "name:jam": null, "name:jv": null, "name:ka": null, "name:kg": null, "name:ki": null, "name:kk": null, "name:kn": null, "name:ko": null, "name:ku": null, "name:kw": null, "name:ky": null, "name:la": null, "name:lad": null, "name:lb": null, "name:lfn": null, "name:lg": null, "name:li": null, "name:lij": null, "name:lld": null, "name:lmo": null, "name:ln": null, "name:lt": null, "name:lv": null, "name:mfe": null, "name:mg": null, "name:mhr": null, "name:mi": null, "name:min": null, "name:mk": null, "name:ml": null, "name:mn": null, "name:mr": null, "name:mrj": null, "name:ms": null, "name:mt": null, "name:my": null, "name:mzn": null, "name:na": null, "name:nah": null, "name:nan": null, "name:nds": null, "name:nds-NL": null, "name:ne": null, "name:nl": null, "name:nn": null, "name:no": null, "name:nov": null, "name:nso": null, "name:oc": null, "name:olo": null, "name:om": null, "name:or": null, "name:os": null, "name:pa": null, "name:pam": null, "name:pi": null, "name:pih": null, "name:pl": null, "name:pms": null, "name:pnb": null, "name:ps": null, "name:pt": null, "name:qu": null, "name:ro": null, "name:ru": null, "name:rw": null, "name:sa": null, "name:sah": null, "name:sc": null, "name:scn": null, "name:sco": null, "name:sd": null, "name:se": null, "name:sg": null, "name:sgs": null, "name:sh": null, "name:shn": null, "name:si": null, "name:simple": null, "name:sk": null, "name:sl": null, "name:sm": null, "name:smn": null, "name:sms": null, "name:sn": null, "name:so": null, "name:sq": null, "name:sr": null, "name:ss": null, "name:st": null, "name:stq": null, "name:su": null, "name:sv": null, "name:sw": null, "name:szl": null, "name:szy": null, "name:ta": null, "name:tay": null, "name:te": null, "name:tg": null, "name:th": null, "name:tk": null, "name:tl": null, "name:tr": null, "name:trv": null, "name:ts": null, "name:tt": null, "name:tzl": null, "name:udm": null, "name:ug": null, "name:uk": null, "name:ur": null, "name:uz": null, "name:vec": null, "name:vep": null, "name:vi": null, "name:vo": null, "name:vro": null, "name:war": null, "name:wo": null, "name:wuu": null, "name:xal": null, "name:xmf": null, "name:yi": null, "name:yo": null, "name:yue": null, "name:za": null, "name:zea": null, "name:zh": null, "name:zh-Hans": null, "name:zh-Hant": null, "name:zh-Hant-CN": null, "name:zh-Hant-TW": null, "name:zu": null, "official_name": null, "official_name:ca": null, "official_name:cs": null, "official_name:de": null, "official_name:fr": null, "official_name:sr": null, "official_name:xmf": null, "population": null, "timezone": null, "wikidata": null, "wikipedia": null, "wikipedia:xmf": null, "ISO3166-2": null, "official_name:ar": null, "official_name:fa": null, "official_name:ur": null, "alt_name:en": null, "code": "1112" }, "geometry": { "type": "Polygon", "coordinates": [ [ [ 57.4708138, -20.1884717 ], [ 57.4708211, -20.1883588 ], [ 57.4709231, -20.188107 ], [ 57.4710679, -20.1876312 ], [ 57.4711001, -20.1875884 ], [ 57.4712879, -20.1874777 ], [ 57.4715185, -20.1874374 ], [ 57.4717197, -20.1873367 ], [ 57.4725378, -20.1870875 ], [ 57.472924, -20.1870573 ], [ 57.4733451, -20.1869918 ], [ 57.473498, -20.1869339 ], [ 57.4735732, -20.1868433 ], [ 57.4746319, -20.1868754 ], [ 57.4750832, -20.1868716 ], [ 57.4754694, -20.186822 ], [ 57.475758, -20.186738 ], [ 57.4760136, -20.1865811 ], [ 57.4766198, -20.1862186 ], [ 57.4767592, -20.186123 ], [ 57.4771303, -20.1853887 ], [ 57.4773319, -20.1850669 ], [ 57.4774351, -20.1849071 ], [ 57.4781444, -20.1834183 ], [ 57.4784819, -20.182926 ], [ 57.4788661, -20.1829369 ], [ 57.4795957, -20.1827684 ], [ 57.4860762, -20.1797512 ], [ 57.4872064, -20.1794307 ], [ 57.4883203, -20.1793773 ], [ 57.488987, -20.1792246 ], [ 57.4908816, -20.1790415 ], [ 57.4932802, -20.1789728 ], [ 57.4952253, -20.1789195 ], [ 57.4996102, -20.1807238 ], [ 57.5008919, -20.1812906 ], [ 57.5015328, -20.181707 ], [ 57.5024201, -20.1825283 ], [ 57.504848, -20.1858597 ], [ 57.5053779, -20.1868429 ], [ 57.5059325, -20.1874791 ], [ 57.5072512, -20.1881038 ], [ 57.5107759, -20.1912384 ], [ 57.5122302, -20.1922678 ], [ 57.5136598, -20.1927189 ], [ 57.515644, -20.1928577 ], [ 57.5168517, -20.1934476 ], [ 57.5206846, -20.1958651 ], [ 57.5258361, -20.197947 ], [ 57.5287404, -20.1980007 ], [ 57.5287026, -20.198532 ], [ 57.5286823, -20.1988449 ], [ 57.5286498, -20.199112 ], [ 57.5285644, -20.1993562 ], [ 57.5284465, -20.1995393 ], [ 57.5282635, -20.1997301 ], [ 57.5268337, -20.2003472 ], [ 57.5264475, -20.2004579 ], [ 57.5261629, -20.2005571 ], [ 57.5258377, -20.2006639 ], [ 57.5256181, -20.2007936 ], [ 57.5252604, -20.2009463 ], [ 57.5247888, -20.2010912 ], [ 57.5241952, -20.2012973 ], [ 57.5239273, -20.2013944 ], [ 57.5235934, -20.2015106 ], [ 57.5233996, -20.2016223 ], [ 57.5232875, -20.2017305 ], [ 57.5231802, -20.2020124 ], [ 57.5231427, -20.2023145 ], [ 57.5231534, -20.2026115 ], [ 57.5232017, -20.2028733 ], [ 57.5232768, -20.2030948 ], [ 57.5230354, -20.2035781 ], [ 57.5226921, -20.2038348 ], [ 57.5223112, -20.2041369 ], [ 57.5219089, -20.2044037 ], [ 57.5216836, -20.2045396 ], [ 57.5213939, -20.2046957 ], [ 57.5208628, -20.2049575 ], [ 57.5203907, -20.2052646 ], [ 57.519865, -20.2055666 ], [ 57.5194198, -20.2059392 ], [ 57.5190335, -20.2062211 ], [ 57.5187385, -20.2064476 ], [ 57.518363, -20.2067195 ], [ 57.518025, -20.2068957 ], [ 57.5175422, -20.2071575 ], [ 57.5168341, -20.2073588 ], [ 57.5164586, -20.2075401 ], [ 57.5160241, -20.2078975 ], [ 57.5156593, -20.2084966 ], [ 57.5155091, -20.208562 ], [ 57.5152248, -20.2087684 ], [ 57.5151092, -20.2089375 ], [ 57.5150424, -20.2090352 ], [ 57.5148761, -20.2093121 ], [ 57.5146562, -20.2095739 ], [ 57.5144389, -20.2099154 ], [ 57.5142485, -20.2100924 ], [ 57.5140339, -20.2101931 ], [ 57.5136745, -20.2102384 ], [ 57.5131541, -20.2102887 ], [ 57.5128269, -20.2103089 ], [ 57.5122905, -20.2103038 ], [ 57.5119686, -20.2103189 ], [ 57.5115448, -20.210324 ], [ 57.51118, -20.2103391 ], [ 57.5106275, -20.210324 ], [ 57.5102949, -20.2102837 ], [ 57.5100267, -20.2102938 ], [ 57.5096083, -20.2103743 ], [ 57.5092328, -20.2105505 ], [ 57.5089699, -20.210626 ], [ 57.5087017, -20.2107015 ], [ 57.5083852, -20.210772 ], [ 57.5079882, -20.210767 ], [ 57.5076556, -20.2108324 ], [ 57.5073981, -20.2108626 ], [ 57.5070119, -20.2108123 ], [ 57.5067437, -20.2108022 ], [ 57.5063252, -20.2108073 ], [ 57.5059766, -20.2108324 ], [ 57.5055528, -20.2108979 ], [ 57.5052845, -20.2110237 ], [ 57.50507, -20.2111898 ], [ 57.5047803, -20.2112956 ], [ 57.5044799, -20.2114113 ], [ 57.5041473, -20.2115624 ], [ 57.5038469, -20.2116026 ], [ 57.5035572, -20.211658 ], [ 57.5032568, -20.211809 ], [ 57.5029778, -20.2119651 ], [ 57.5028062, -20.2120607 ], [ 57.5025272, -20.212101 ], [ 57.5022268, -20.2120658 ], [ 57.5017816, -20.2119802 ], [ 57.5014436, -20.2119047 ], [ 57.5010413, -20.2118946 ], [ 57.5007516, -20.2119097 ], [ 57.5002259, -20.2119248 ], [ 57.4997592, -20.2119651 ], [ 57.4991959, -20.2119953 ], [ 57.4988043, -20.2120305 ], [ 57.4985629, -20.2120205 ], [ 57.4983001, -20.21195 ], [ 57.4980587, -20.2118543 ], [ 57.4977958, -20.2115976 ], [ 57.4975383, -20.2113811 ], [ 57.4972165, -20.2111949 ], [ 57.4968624, -20.211069 ], [ 57.4963206, -20.2109683 ], [ 57.4958539, -20.2109281 ], [ 57.4952692, -20.2108626 ], [ 57.494497, -20.210714 ], [ 57.4941607, -20.2107315 ], [ 57.4938712, -20.2107315 ], [ 57.4936003, -20.2108236 ], [ 57.4934089, -20.2109463 ], [ 57.4930586, -20.2110865 ], [ 57.4925589, -20.211218 ], [ 57.492232, -20.2113494 ], [ 57.4919471, -20.2115028 ], [ 57.4915595, -20.2116431 ], [ 57.4912093, -20.2117833 ], [ 57.4909571, -20.2119542 ], [ 57.4906769, -20.2120682 ], [ 57.4902986, -20.2122785 ], [ 57.4899857, -20.2125239 ], [ 57.4897289, -20.212651 ], [ 57.4892292, -20.2127474 ], [ 57.4888622, -20.2129857 ], [ 57.4884784, -20.2130779 ], [ 57.4881148, -20.2130924 ], [ 57.4877235, -20.2131994 ], [ 57.4873538, -20.2133468 ], [ 57.48683, -20.2135984 ], [ 57.4864233, -20.2138065 ], [ 57.4862045, -20.2138991 ], [ 57.4859273, -20.2140292 ], [ 57.4855853, -20.2141679 ], [ 57.4851447, -20.2142749 ], [ 57.4844884, -20.2143588 ], [ 57.484245, -20.2143877 ], [ 57.4839893, -20.2144079 ], [ 57.4836904, -20.2144715 ], [ 57.4834347, -20.214564 ], [ 57.4830126, -20.2147896 ], [ 57.4819228, -20.2153766 ], [ 57.4818366, -20.2154667 ], [ 57.4817152, -20.2153856 ], [ 57.4815564, -20.2152585 ], [ 57.4812015, -20.2149671 ], [ 57.4806131, -20.2145157 ], [ 57.4801367, -20.2141498 ], [ 57.479791, -20.2138656 ], [ 57.4794982, -20.2136138 ], [ 57.4789918, -20.2131704 ], [ 57.4786375, -20.2128813 ], [ 57.478468, -20.2127396 ], [ 57.4783386, -20.2126225 ], [ 57.478237, -20.2124953 ], [ 57.478146, -20.2123527 ], [ 57.4780548, -20.2121765 ], [ 57.4779743, -20.2119878 ], [ 57.4778724, -20.2117285 ], [ 57.477808, -20.2115221 ], [ 57.4777585, -20.2113451 ], [ 57.4777212, -20.2110843 ], [ 57.4776943, -20.2108247 ], [ 57.4776873, -20.2106231 ], [ 57.4776838, -20.2103941 ], [ 57.477692, -20.2102012 ], [ 57.4777235, -20.2099865 ], [ 57.4777585, -20.20982 ], [ 57.4778052, -20.2096491 ], [ 57.4778613, -20.2094935 ], [ 57.4779395, -20.209316 ], [ 57.4780119, -20.2091484 ], [ 57.4781076, -20.2089785 ], [ 57.4781777, -20.2088591 ], [ 57.4782325, -20.2087736 ], [ 57.4783049, -20.2086685 ], [ 57.4783773, -20.2085753 ], [ 57.4784497, -20.2084899 ], [ 57.4785419, -20.2083902 ], [ 57.478661, -20.2082718 ], [ 57.4787801, -20.2081634 ], [ 57.4788966, -20.2080589 ], [ 57.4790023, -20.2079731 ], [ 57.4791303, -20.2078758 ], [ 57.4795125, -20.2076106 ], [ 57.4801769, -20.2071479 ], [ 57.4801052, -20.2070659 ], [ 57.4797759, -20.2064228 ], [ 57.4795552, -20.2054188 ], [ 57.4737738, -20.2063267 ], [ 57.4737489, -20.2060744 ], [ 57.4736196, -20.2056553 ], [ 57.4736806, -20.2053272 ], [ 57.4736887, -20.2050945 ], [ 57.4735952, -20.2048846 ], [ 57.4735179, -20.2047358 ], [ 57.4735098, -20.2045756 ], [ 57.473522, -20.204423 ], [ 57.4735464, -20.2042398 ], [ 57.4735667, -20.204091 ], [ 57.4735993, -20.203988 ], [ 57.4735952, -20.2038316 ], [ 57.4735464, -20.2036752 ], [ 57.473522, -20.203492 ], [ 57.4735098, -20.2033509 ], [ 57.4734448, -20.2030571 ], [ 57.4733553, -20.2028549 ], [ 57.47327, -20.2026527 ], [ 57.473087, -20.2022597 ], [ 57.4729854, -20.2020193 ], [ 57.4728797, -20.2018476 ], [ 57.4727008, -20.2016034 ], [ 57.4725788, -20.2014241 ], [ 57.4724243, -20.2012639 ], [ 57.4722455, -20.2011761 ], [ 57.4721479, -20.2010273 ], [ 57.4720991, -20.2008709 ], [ 57.4720503, -20.2006877 ], [ 57.4719771, -20.2003024 ], [ 57.4719934, -20.2000811 ], [ 57.4720422, -20.199959 ], [ 57.4720991, -20.199814 ], [ 57.47203, -20.1996957 ], [ 57.4718999, -20.1995011 ], [ 57.4717332, -20.1993638 ], [ 57.4716722, -20.1991539 ], [ 57.4716641, -20.1989212 ], [ 57.4716548, -20.1986138 ], [ 57.4716359, -20.1985657 ], [ 57.4715984, -20.198246 ], [ 57.4716037, -20.1981352 ], [ 57.4716493, -20.1980345 ], [ 57.4717861, -20.1978659 ], [ 57.4723145, -20.197448 ], [ 57.4724862, -20.1973398 ], [ 57.4726136, -20.1971403 ], [ 57.4727852, -20.1966142 ], [ 57.4728469, -20.1963071 ], [ 57.4729971, -20.1959521 ], [ 57.47315, -20.1957281 ], [ 57.4734451, -20.1955066 ], [ 57.4734842, -20.1953286 ], [ 57.4740925, -20.1942154 ], [ 57.4741422, -20.193705 ], [ 57.4742008, -20.1935286 ], [ 57.4742593, -20.1933696 ], [ 57.4743425, -20.1932221 ], [ 57.4744134, -20.1930052 ], [ 57.4744503, -20.192852 ], [ 57.4744442, -20.1927103 ], [ 57.4744101, -20.1926606 ], [ 57.4743117, -20.1924385 ], [ 57.47417, -20.192236 ], [ 57.4740344, -20.1920336 ], [ 57.4729595, -20.1915087 ], [ 57.4725524, -20.1910476 ], [ 57.4723552, -20.1908191 ], [ 57.4721426, -20.1906774 ], [ 57.4719855, -20.1905936 ], [ 57.4717914, -20.1904316 ], [ 57.4716035, -20.1902494 ], [ 57.4714248, -20.190047 ], [ 57.4712861, -20.1899053 ], [ 57.4711475, -20.1897405 ], [ 57.4710643, -20.1895988 ], [ 57.4709597, -20.1894142 ], [ 57.4708138, -20.1884717 ] ] ] } },
{ "type": "Feature", "properties": { "element": "way", "id": 53379440, "admin_level": "2", "border_type": "territorial", "boundary": "administrative", "maritime": "yes", "note": "robot-generated-12nm-border", "type": null, "ISO3166-1": null, "ISO3166-1:alpha2": null, "ISO3166-1:alpha3": null, "ISO3166-1:numeric": null, "driving_side": null, "flag": null, "name": null, "name:ab": null, "name:af": null, "name:als": null, "name:am": null, "name:ami": null, "name:an": null, "name:ang": null, "name:ar": null, "name:ary": null, "name:arz": null, "name:ast": null, "name:avk": null, "name:az": null, "name:azb": null, "name:ba": null, "name:ban": null, "name:bar": null, "name:bcl": null, "name:be": null, "name:be-tarask": null, "name:bg": null, "name:bi": null, "name:bjn": null, "name:bn": null, "name:bo": null, "name:bpy": null, "name:br": null, "name:bs": null, "name:bxr": null, "name:ca": null, "name:cbk": null, "name:cdo": null, "name:ce": null, "name:ceb": null, "name:ckb": null, "name:crh": null, "name:cs": null, "name:cv": null, "name:cy": null, "name:da": null, "name:dag": null, "name:de": null, "name:diq": null, "name:dty": null, "name:dv": null, "name:ee": null, "name:el": null, "name:en": null, "name:eo": null, "name:es": null, "name:et": null, "name:eu": null, "name:ext": null, "name:fa": null, "name:ff": null, "name:fi": null, "name:fo": null, "name:fr": null, "name:frp": null, "name:frr": null, "name:fy": null, "name:ga": null, "name:gag": null, "name:gcr": null, "name:gd": null, "name:gl": null, "name:gn": null, "name:grc": null, "name:gu": null, "name:gv": null, "name:ha": null, "name:hak": null, "name:haw": null, "name:he": null, "name:hi": null, "name:hif": null, "name:hr": null, "name:hsb": null, "name:ht": null, "name:hu": null, "name:hy": null, "name:ia": null, "name:id": null, "name:ie": null, "name:ig": null, "name:ilo": null, "name:io": null, "name:is": null, "name:it": null, "name:ja": null, "name:jam": null, "name:jv": null, "name:ka": null, "name:kg": null, "name:ki": null, "name:kk": null, "name:kn": null, "name:ko": null, "name:ku": null, "name:kw": null, "name:ky": null, "name:la": null, "name:lad": null, "name:lb": null, "name:lfn": null, "name:lg": null, "name:li": null, "name:lij": null, "name:lld": null, "name:lmo": null, "name:ln": null, "name:lt": null, "name:lv": null, "name:mfe": null, "name:mg": null, "name:mhr": null, "name:mi": null, "name:min": null, "name:mk": null, "name:ml": null, "name:mn": null, "name:mr": null, "name:mrj": null, "name:ms": null, "name:mt": null, "name:my": null, "name:mzn": null, "name:na": null, "name:nah": null, "name:nan": null, "name:nds": null, "name:nds-NL": null, "name:ne": null, "name:nl": null, "name:nn": null, "name:no": null, "name:nov": null, "name:nso": null, "name:oc": null, "name:olo": null, "name:om": null, "name:or": null, "name:os": null, "name:pa": null, "name:pam": null, "name:pi": null, "name:pih": null, "name:pl": null, "name:pms": null, "name:pnb": null, "name:ps": null, "name:pt": null, "name:qu": null, "name:ro": null, "name:ru": null, "name:rw": null, "name:sa": null, "name:sah": null, "name:sc": null, "name:scn": null, "name:sco": null, "name:sd": null, "name:se": null, "name:sg": null, "name:sgs": null, "name:sh": null, "name:shn": null, "name:si": null, "name:simple": null, "name:sk": null, "name:sl": null, "name:sm": null, "name:smn": null, "name:sms": null, "name:sn": null, "name:so": null, "name:sq": null, "name:sr": null, "name:ss": null, "name:st": null, "name:stq": null, "name:su": null, "name:sv": null, "name:sw": null, "name:szl": null, "name:szy": null, "name:ta": null, "name:tay": null, "name:te": null, "name:tg": null, "name:th": null, "name:tk": null, "name:tl": null, "name:tr": null, "name:trv": null, "name:ts": null, "name:tt": null, "name:tzl": null, "name:udm": null, "name:ug": null, "name:uk": null, "name:ur": null, "name:uz": null, "name:vec": null, "name:vep": null, "name:vi": null, "name:vo": null, "name:vro": null, "name:war": null, "name:wo": null, "name:wuu": null, "name:xal": null, "name:xmf": null, "name:yi": null, "name:yo": null, "name:yue": null, "name:za": null, "name:zea": null, "name:zh": null, "name:zh-Hans": null, "name:zh-Hant": null, "name:zh-Hant-CN": null, "name:zh-Hant-TW": null, "name:zu": null, "official_name": null, "official_name:ca": null, "official_name:cs": null, "official_name:de": null, "official_name:fr": null, "official_name:sr": null, "official_name:xmf": null, "population": null, "timezone": null, "wikidata": null, "wikipedia": null, "wikipedia:xmf": null, "ISO3166-2": null, "official_name:ar": null, "official_name:fa": null, "official_name:ur": null, "alt_name:en": null, "code": null }, "geometry": { "type": "Polygon", "coordinates": [ [ [ 57.1452474, -20.292386 ], [ 57.1452183, -20.2896721 ], [ 57.1454893, -20.2814256 ], [ 57.1461191, -20.2731965 ], [ 57.1471067, -20.2649988 ], [ 57.1484502, -20.2568463 ], [ 57.1501474, -20.2487528 ], [ 57.1521954, -20.2407319 ], [ 57.1549018, -20.2310128 ], [ 57.1570951, -20.2237008 ], [ 57.1595799, -20.2164725 ], [ 57.1623525, -20.209338 ], [ 57.1654089, -20.2023076 ], [ 57.1687447, -20.1953914 ], [ 57.1723551, -20.1885993 ], [ 57.1765873, -20.1813622 ], [ 57.1815582, -20.1707011 ], [ 57.1848705, -20.1612092 ], [ 57.1877854, -20.1534006 ], [ 57.1910385, -20.1457121 ], [ 57.1946242, -20.1381567 ], [ 57.1985364, -20.1307474 ], [ 57.2027683, -20.1234965 ], [ 57.2073128, -20.1164166 ], [ 57.2134707, -20.107739 ], [ 57.2165119, -20.1021041 ], [ 57.2207499, -20.0949829 ], [ 57.2252908, -20.0880304 ], [ 57.2301268, -20.081258 ], [ 57.2352501, -20.074677 ], [ 57.2406522, -20.0682982 ], [ 57.246324, -20.0621322 ], [ 57.2522561, -20.0561891 ], [ 57.2584388, -20.0504788 ], [ 57.2906017, -20.0219494 ], [ 57.2967204, -20.0167275 ], [ 57.3030484, -20.0117338 ], [ 57.3089486, -20.0074333 ], [ 57.3120874, -19.9997627 ], [ 57.315423, -19.9925073 ], [ 57.3292981, -19.9639008 ], [ 57.3543179, -19.9135943 ], [ 57.3583768, -19.9058658 ], [ 57.3627827, -19.8983093 ], [ 57.3675274, -19.8909387 ], [ 57.3726021, -19.8837676 ], [ 57.3779974, -19.8768094 ], [ 57.4888072, -19.7399968 ], [ 57.4940811, -19.7337401 ], [ 57.4996138, -19.7276874 ], [ 57.5053965, -19.7218481 ], [ 57.51142, -19.7162316 ], [ 57.5176747, -19.7108467 ], [ 57.5241508, -19.705702 ], [ 57.5308378, -19.7008057 ], [ 57.5377253, -19.6961655 ], [ 57.5448022, -19.6917887 ], [ 57.5520573, -19.6876824 ], [ 57.5594791, -19.683853 ], [ 57.5670559, -19.6803066 ], [ 57.5747756, -19.6770487 ], [ 57.582626, -19.6740847 ], [ 57.5905946, -19.6714191 ], [ 57.7373829, -19.6253349 ], [ 57.7452784, -19.6230129 ], [ 57.7532633, -19.6209842 ], [ 57.7613255, -19.6192519 ], [ 57.7694527, -19.6178185 ], [ 57.7776326, -19.6166863 ], [ 57.7858528, -19.615857 ], [ 57.7941008, -19.6153318 ], [ 57.8023641, -19.6151115 ], [ 57.8142068, -19.6151742 ], [ 57.8226544, -19.6155841 ], [ 57.831078, -19.6163129 ], [ 57.8394643, -19.6173592 ], [ 57.8478, -19.6187216 ], [ 57.8560718, -19.6203978 ], [ 57.8642666, -19.6223852 ], [ 57.8723714, -19.6246806 ], [ 57.8803732, -19.6272804 ], [ 57.8882594, -19.6301804 ], [ 57.8960175, -19.633376 ], [ 57.9036351, -19.6368622 ], [ 57.9111001, -19.6406334 ], [ 57.9184006, -19.6446837 ], [ 57.925525, -19.6490065 ], [ 57.932462, -19.653595 ], [ 57.9392005, -19.658442 ], [ 57.9457298, -19.6635397 ], [ 57.9520396, -19.66888 ], [ 57.9581197, -19.6744544 ], [ 57.9647661, -19.6810867 ], [ 57.9704034, -19.6871529 ], [ 57.9757788, -19.693429 ], [ 57.9808835, -19.6999047 ], [ 57.9857093, -19.7065696 ], [ 57.9902484, -19.7134129 ], [ 57.9944933, -19.7204236 ], [ 57.9984372, -19.7275903 ], [ 58.0020737, -19.7349014 ], [ 58.0053968, -19.7423451 ], [ 58.0084011, -19.7499094 ], [ 58.0110816, -19.757582 ], [ 58.0134341, -19.7653505 ], [ 58.0154547, -19.7732022 ], [ 58.0171399, -19.7811246 ], [ 58.0184872, -19.7891048 ], [ 58.0194941, -19.7971298 ], [ 58.0201591, -19.8051867 ], [ 58.0204193, -19.8115275 ], [ 58.0368038, -20.2625613 ], [ 58.0369265, -20.2705473 ], [ 58.0367124, -20.2785316 ], [ 58.0361174, -20.2909441 ], [ 58.0372726, -20.3071999 ], [ 58.0376682, -20.3150878 ], [ 58.0377347, -20.3229843 ], [ 58.0374719, -20.3308771 ], [ 58.0370654, -20.3383776 ], [ 58.0363945, -20.3470599 ], [ 58.0353249, -20.3557066 ], [ 58.0338588, -20.3643015 ], [ 58.0319987, -20.3728282 ], [ 58.0293735, -20.3836646 ], [ 58.0274719, -20.3908928 ], [ 58.0252871, -20.3980496 ], [ 58.022822, -20.405125 ], [ 58.02008, -20.4121092 ], [ 58.0170648, -20.4189928 ], [ 58.0137806, -20.425766 ], [ 58.0102318, -20.4324197 ], [ 58.0012185, -20.4484326 ], [ 57.993729, -20.4610793 ], [ 57.9894974, -20.4679042 ], [ 57.9849837, -20.4745667 ], [ 57.9801947, -20.4810565 ], [ 57.9751378, -20.4873634 ], [ 57.969821, -20.4934777 ], [ 57.9642524, -20.4993898 ], [ 57.9584406, -20.5050905 ], [ 57.9550663, -20.5082723 ], [ 57.9401774, -20.528544 ], [ 57.9369452, -20.5331548 ], [ 57.9323005, -20.5395108 ], [ 57.9273996, -20.5456939 ], [ 57.9222496, -20.5516948 ], [ 57.9168582, -20.5575047 ], [ 57.9112332, -20.563115 ], [ 57.9053831, -20.5685173 ], [ 57.8831309, -20.5882855 ], [ 57.8766557, -20.5938048 ], [ 57.8699454, -20.5990694 ], [ 57.8630113, -20.6040706 ], [ 57.8558649, -20.6087997 ], [ 57.8295367, -20.6246084 ], [ 57.8222924, -20.6287654 ], [ 57.8177684, -20.631134 ], [ 57.8149075, -20.6332534 ], [ 57.808396, -20.6377127 ], [ 57.8007927, -20.6424933 ], [ 57.7929424, -20.64703 ], [ 57.7848908, -20.6512429 ], [ 57.7766531, -20.6551243 ], [ 57.7700345, -20.6580758 ], [ 57.758212, -20.6643699 ], [ 57.7512358, -20.6679237 ], [ 57.7441238, -20.6712307 ], [ 57.7368857, -20.6742861 ], [ 57.7295317, -20.6770859 ], [ 57.7220718, -20.6796259 ], [ 57.7145165, -20.6819029 ], [ 57.7015402, -20.6855637 ], [ 57.66852, -20.699 ], [ 57.6601618, -20.7022039 ], [ 57.6516667, -20.705072 ], [ 57.64305, -20.7075989 ], [ 57.6343271, -20.7097802 ], [ 57.6255138, -20.711612 ], [ 57.6166258, -20.713091 ], [ 57.6059843, -20.7146434 ], [ 57.6025154, -20.715315 ], [ 57.5946139, -20.7176418 ], [ 57.5867634, -20.7197986 ], [ 57.5788307, -20.7216703 ], [ 57.5708274, -20.7232543 ], [ 57.5627653, -20.7245481 ], [ 57.5546562, -20.72555 ], [ 57.5465123, -20.7262583 ], [ 57.5420585, -20.726484 ], [ 57.5391997, -20.7268934 ], [ 57.5309341, -20.7277682 ], [ 57.5226386, -20.7283389 ], [ 57.5143256, -20.7286045 ], [ 57.5060079, -20.7285648 ], [ 57.4976983, -20.7282197 ], [ 57.4894093, -20.7275697 ], [ 57.4811536, -20.7266159 ], [ 57.4729439, -20.7253597 ], [ 57.4564832, -20.7225289 ], [ 57.3951138, -20.716856 ], [ 57.3752551, -20.7147422 ], [ 57.3666573, -20.7136593 ], [ 57.3581136, -20.712248 ], [ 57.3496381, -20.7105107 ], [ 57.3412448, -20.7084503 ], [ 57.3329478, -20.7060701 ], [ 57.3247607, -20.7033742 ], [ 57.3166972, -20.700367 ], [ 57.3042957, -20.6953412 ], [ 57.2978343, -20.6924175 ], [ 57.2914813, -20.6892908 ], [ 57.2810738, -20.6839565 ], [ 57.276768, -20.6830339 ], [ 57.2681298, -20.68082 ], [ 57.2447978, -20.6743398 ], [ 57.2368918, -20.671985 ], [ 57.2290892, -20.6693423 ], [ 57.2214021, -20.6664159 ], [ 57.2138419, -20.6632101 ], [ 57.2064201, -20.6597298 ], [ 57.1991481, -20.6559804 ], [ 57.1920368, -20.6519674 ], [ 57.1850969, -20.6476969 ], [ 57.1783391, -20.6431755 ], [ 57.1717735, -20.63841 ], [ 57.1654101, -20.6334076 ], [ 57.1592584, -20.6281759 ], [ 57.1533279, -20.6227228 ], [ 57.1476274, -20.6170566 ], [ 57.1421656, -20.611186 ], [ 57.1369507, -20.6051197 ], [ 57.1319906, -20.5988669 ], [ 57.1272928, -20.5924373 ], [ 57.1228643, -20.5858404 ], [ 57.1187119, -20.5790862 ], [ 57.1148418, -20.5721851 ], [ 57.1112598, -20.5651475 ], [ 57.1079713, -20.557984 ], [ 57.1049812, -20.5507054 ], [ 57.102294, -20.5433228 ], [ 57.0991383, -20.5340693 ], [ 57.096766, -20.5266198 ], [ 57.0947021, -20.5190894 ], [ 57.0929496, -20.5114893 ], [ 57.091511, -20.5038309 ], [ 57.0903885, -20.4961257 ], [ 57.0895837, -20.4883853 ], [ 57.0890978, -20.4806213 ], [ 57.0889314, -20.4728455 ], [ 57.0890848, -20.4650693 ], [ 57.0894586, -20.4557921 ], [ 57.0899797, -20.4474462 ], [ 57.0908689, -20.4391281 ], [ 57.0921247, -20.430852 ], [ 57.0937449, -20.4226324 ], [ 57.0957265, -20.4144835 ], [ 57.1009732, -20.3947952 ], [ 57.103457, -20.3862717 ], [ 57.106336, -20.3778594 ], [ 57.1096047, -20.3695748 ], [ 57.1220872, -20.3399852 ], [ 57.1276282, -20.327297 ], [ 57.130128, -20.3218056 ], [ 57.1327998, -20.3163868 ], [ 57.1379203, -20.3063923 ], [ 57.1452474, -20.292386 ] ] ] } },
{ "type": "Feature", "properties": { "element": "way", "id": 259889942, "admin_level": "4", "border_type": null, "boundary": "administrative", "maritime": null, "note": null, "type": null, "ISO3166-1": null, "ISO3166-1:alpha2": null, "ISO3166-1:alpha3": null, "ISO3166-1:numeric": null, "driving_side": null, "flag": null, "name": null, "name:ab": null, "name:af": null, "name:als": null, "name:am": null, "name:ami": null, "name:an": null, "name:ang": null, "name:ar": null, "name:ary": null, "name:arz": null, "name:ast": null, "name:avk": null, "name:az": null, "name:azb": null, "name:ba": null, "name:ban": null, "name:bar": null, "name:bcl": null, "name:be": null, "name:be-tarask": null, "name:bg": null, "name:bi": null, "name:bjn": null, "name:bn": null, "name:bo": null, "name:bpy": null, "name:br": null, "name:bs": null, "name:bxr": null, "name:ca": null, "name:cbk": null, "name:cdo": null, "name:ce": null, "name:ceb": null, "name:ckb": null, "name:crh": null, "name:cs": null, "name:cv": null, "name:cy": null, "name:da": null, "name:dag": null, "name:de": null, "name:diq": null, "name:dty": null, "name:dv": null, "name:ee": null, "name:el": null, "name:en": null, "name:eo": null, "name:es": null, "name:et": null, "name:eu": null, "name:ext": null, "name:fa": null, "name:ff": null, "name:fi": null, "name:fo": null, "name:fr": null, "name:frp": null, "name:frr": null, "name:fy": null, "name:ga": null, "name:gag": null, "name:gcr": null, "name:gd": null, "name:gl": null, "name:gn": null, "name:grc": null, "name:gu": null, "name:gv": null, "name:ha": null, "name:hak": null, "name:haw": null, "name:he": null, "name:hi": null, "name:hif": null, "name:hr": null, "name:hsb": null, "name:ht": null, "name:hu": null, "name:hy": null, "name:ia": null, "name:id": null, "name:ie": null, "name:ig": null, "name:ilo": null, "name:io": null, "name:is": null, "name:it": null, "name:ja": null, "name:jam": null, "name:jv": null, "name:ka": null, "name:kg": null, "name:ki": null, "name:kk": null, "name:kn": null, "name:ko": null, "name:ku": null, "name:kw": null, "name:ky": null, "name:la": null, "name:lad": null, "name:lb": null, "name:lfn": null, "name:lg": null, "name:li": null, "name:lij": null, "name:lld": null, "name:lmo": null, "name:ln": null, "name:lt": null, "name:lv": null, "name:mfe": null, "name:mg": null, "name:mhr": null, "name:mi": null, "name:min": null, "name:mk": null, "name:ml": null, "name:mn": null, "name:mr": null, "name:mrj": null, "name:ms": null, "name:mt": null, "name:my": null, "name:mzn": null, "name:na": null, "name:nah": null, "name:nan": null, "name:nds": null, "name:nds-NL": null, "name:ne": null, "name:nl": null, "name:nn": null, "name:no": null, "name:nov": null, "name:nso": null, "name:oc": null, "name:olo": null, "name:om": null, "name:or": null, "name:os": null, "name:pa": null, "name:pam": null, "name:pi": null, "name:pih": null, "name:pl": null, "name:pms": null, "name:pnb": null, "name:ps": null, "name:pt": null, "name:qu": null, "name:ro": null, "name:ru": null, "name:rw": null, "name:sa": null, "name:sah": null, "name:sc": null, "name:scn": null, "name:sco": null, "name:sd": null, "name:se": null, "name:sg": null, "name:sgs": null, "name:sh": null, "name:shn": null, "name:si": null, "name:simple": null, "name:sk": null, "name:sl": null, "name:sm": null, "name:smn": null, "name:sms": null, "name:sn": null, "name:so": null, "name:sq": null, "name:sr": null, "name:ss": null, "name:st": null, "name:stq": null, "name:su": null, "name:sv": null, "name:sw": null, "name:szl": null, "name:szy": null, "name:ta": null, "name:tay": null, "name:te": null, "name:tg": null, "name:th": null, "name:tk": null, "name:tl": null, "name:tr": null, "name:trv": null, "name:ts": null, "name:tt": null, "name:tzl": null, "name:udm": null, "name:ug": null, "name:uk": null, "name:ur": null, "name:uz": null, "name:vec": null, "name:vep": null, "name:vi": null, "name:vo": null, "name:vro": null, "name:war": null, "name:wo": null, "name:wuu": null, "name:xal": null, "name:xmf": null, "name:yi": null, "name:yo": null, "name:yue": null, "name:za": null, "name:zea": null, "name:zh": null, "name:zh-Hans": null, "name:zh-Hant": null, "name:zh-Hant-CN": null, "name:zh-Hant-TW": null, "name:zu": null, "official_name": null, "official_name:ca": null, "official_name:cs": null, "official_name:de": null, "official_name:fr": null, "official_name:sr": null, "official_name:xmf": null, "population": null, "timezone": null, "wikidata": null, "wikipedia": null, "wikipedia:xmf": null, "ISO3166-2": null, "official_name:ar": null, "official_name:fa": null, "official_name:ur": null, "alt_name:en": null, "code": null }, "geometry": { "type": "LineString", "coordinates": [ [ 57.5556818, -20.191647 ], [ 57.5558132, -20.1920437 ], [ 57.5558559, -20.1924291 ], [ 57.5561954, -20.192948 ], [ 57.5563356, -20.1931865 ], [ 57.556671, -20.1933238 ], [ 57.5569617, -20.1935986 ], [ 57.557045, -20.1937302 ], [ 57.5574991, -20.1941094 ], [ 57.5578491, -20.1943385 ], [ 57.5583333, -20.1945261 ], [ 57.5591956, -20.1948181 ], [ 57.5595577, -20.1949578 ], [ 57.5597414, -20.1951403 ], [ 57.5602055, -20.1955028 ], [ 57.5604576, -20.1957567 ], [ 57.5611243, -20.1962175 ], [ 57.5613601, -20.1963695 ], [ 57.5618839, -20.1966087 ], [ 57.5625139, -20.1969541 ], [ 57.5628342, -20.1970671 ], [ 57.5630394, -20.1972016 ], [ 57.5635528, -20.1972844 ], [ 57.5642806, -20.1973177 ], [ 57.5646221, -20.1973073 ], [ 57.5649615, -20.1972805 ], [ 57.5654214, -20.1972935 ], [ 57.5667968, -20.1976058 ], [ 57.5669636, -20.1976789 ], [ 57.56729, -20.1977689 ], [ 57.567662, -20.1977251 ], [ 57.5677311, -20.1976583 ], [ 57.5684747, -20.1975456 ] ] } },
{ "type": "Feature", "properties": { "element": "way", "id": 1131550210, "admin_level": "4", "border_type": null, "boundary": "administrative", "maritime": null, "note": null, "type": null, "ISO3166-1": null, "ISO3166-1:alpha2": null, "ISO3166-1:alpha3": null, "ISO3166-1:numeric": null, "driving_side": null, "flag": null, "name": null, "name:ab": null, "name:af": null, "name:als": null, "name:am": null, "name:ami": null, "name:an": null, "name:ang": null, "name:ar": null, "name:ary": null, "name:arz": null, "name:ast": null, "name:avk": null, "name:az": null, "name:azb": null, "name:ba": null, "name:ban": null, "name:bar": null, "name:bcl": null, "name:be": null, "name:be-tarask": null, "name:bg": null, "name:bi": null, "name:bjn": null, "name:bn": null, "name:bo": null, "name:bpy": null, "name:br": null, "name:bs": null, "name:bxr": null, "name:ca": null, "name:cbk": null, "name:cdo": null, "name:ce": null, "name:ceb": null, "name:ckb": null, "name:crh": null, "name:cs": null, "name:cv": null, "name:cy": null, "name:da": null, "name:dag": null, "name:de": null, "name:diq": null, "name:dty": null, "name:dv": null, "name:ee": null, "name:el": null, "name:en": null, "name:eo": null, "name:es": null, "name:et": null, "name:eu": null, "name:ext": null, "name:fa": null, "name:ff": null, "name:fi": null, "name:fo": null, "name:fr": null, "name:frp": null, "name:frr": null, "name:fy": null, "name:ga": null, "name:gag": null, "name:gcr": null, "name:gd": null, "name:gl": null, "name:gn": null, "name:grc": null, "name:gu": null, "name:gv": null, "name:ha": null, "name:hak": null, "name:haw": null, "name:he": null, "name:hi": null, "name:hif": null, "name:hr": null, "name:hsb": null, "name:ht": null, "name:hu": null, "name:hy": null, "name:ia": null, "name:id": null, "name:ie": null, "name:ig": null, "name:ilo": null, "name:io": null, "name:is": null, "name:it": null, "name:ja": null, "name:jam": null, "name:jv": null, "name:ka": null, "name:kg": null, "name:ki": null, "name:kk": null, "name:kn": null, "name:ko": null, "name:ku": null, "name:kw": null, "name:ky": null, "name:la": null, "name:lad": null, "name:lb": null, "name:lfn": null, "name:lg": null, "name:li": null, "name:lij": null, "name:lld": null, "name:lmo": null, "name:ln": null, "name:lt": null, "name:lv": null, "name:mfe": null, "name:mg": null, "name:mhr": null, "name:mi": null, "name:min": null, "name:mk": null, "name:ml": null, "name:mn": null, "name:mr": null, "name:mrj": null, "name:ms": null, "name:mt": null, "name:my": null, "name:mzn": null, "name:na": null, "name:nah": null, "name:nan": null, "name:nds": null, "name:nds-NL": null, "name:ne": null, "name:nl": null, "name:nn": null, "name:no": null, "name:nov": null, "name:nso": null, "name:oc": null, "name:olo": null, "name:om": null, "name:or": null, "name:os": null, "name:pa": null, "name:pam": null, "name:pi": null, "name:pih": null, "name:pl": null, "name:pms": null, "name:pnb": null, "name:ps": null, "name:pt": null, "name:qu": null, "name:ro": null, "name:ru": null, "name:rw": null, "name:sa": null, "name:sah": null, "name:sc": null, "name:scn": null, "name:sco": null, "name:sd": null, "name:se": null, "name:sg": null, "name:sgs": null, "name:sh": null, "name:shn": null, "name:si": null, "name:simple": null, "name:sk": null, "name:sl": null, "name:sm": null, "name:smn": null, "name:sms": null, "name:sn": null, "name:so": null, "name:sq": null, "name:sr": null, "name:ss": null, "name:st": null, "name:stq": null, "name:su": null, "name:sv": null, "name:sw": null, "name:szl": null, "name:szy": null, "name:ta": null, "name:tay": null, "name:te": null, "name:tg": null, "name:th": null, "name:tk": null, "name:tl": null, "name:tr": null, "name:trv": null, "name:ts": null, "name:tt": null, "name:tzl": null, "name:udm": null, "name:ug": null, "name:uk": null, "name:ur": null, "name:uz": null, "name:vec": null, "name:vep": null, "name:vi": null, "name:vo": null, "name:vro": null, "name:war": null, "name:wo": null, "name:wuu": null, "name:xal": null, "name:xmf": null, "name:yi": null, "name:yo": null, "name:yue": null, "name:za": null, "name:zea": null, "name:zh": null, "name:zh-Hans": null, "name:zh-Hant": null, "name:zh-Hant-CN": null, "name:zh-Hant-TW": null, "name:zu": null, "official_name": null, "official_name:ca": null, "official_name:cs": null, "official_name:de": null, "official_name:fr": null, "official_name:sr": null, "official_name:xmf": null, "population": null, "timezone": null, "wikidata": null, "wikipedia": null, "wikipedia:xmf": null, "ISO3166-2": null, "official_name:ar": null, "official_name:fa": null, "official_name:ur": null, "alt_name:en": null, "code": null }, "geometry": { "type": "LineString", "coordinates": [ [ 57.5287404, -20.1980007 ], [ 57.5290982, -20.1979702 ], [ 57.5294803, -20.1979168 ], [ 57.5297974, -20.1979855 ], [ 57.5300983, -20.198016 ], [ 57.530269, -20.1979473 ], [ 57.5304642, -20.1977871 ], [ 57.5305292, -20.1975963 ], [ 57.5305617, -20.1974284 ], [ 57.5309358, -20.1973445 ], [ 57.5313992, -20.1972911 ], [ 57.531635, -20.19723 ], [ 57.532009, -20.1971461 ], [ 57.5324806, -20.1971308 ], [ 57.5328791, -20.1971156 ], [ 57.533188, -20.1970621 ], [ 57.5336027, -20.1970469 ], [ 57.5339279, -20.1970621 ], [ 57.5342207, -20.1971308 ], [ 57.5346028, -20.1971995 ], [ 57.5349281, -20.1971919 ], [ 57.5351557, -20.1970927 ], [ 57.5354728, -20.1968485 ], [ 57.535733, -20.1965661 ], [ 57.5360095, -20.1963296 ], [ 57.5363022, -20.196032 ], [ 57.5365136, -20.1957954 ], [ 57.537034, -20.1958641 ], [ 57.537408, -20.1958641 ], [ 57.5378145, -20.1958412 ], [ 57.5381642, -20.1958488 ], [ 57.538652, -20.1958946 ], [ 57.5390586, -20.1959327 ], [ 57.5394814, -20.1960014 ], [ 57.5398147, -20.1960243 ], [ 57.5401237, -20.1960625 ], [ 57.5404002, -20.1961006 ], [ 57.5408067, -20.196154 ], [ 57.541132, -20.1961769 ], [ 57.5414491, -20.1963067 ], [ 57.5417336, -20.196444 ], [ 57.5420426, -20.1966043 ], [ 57.5422622, -20.1967569 ], [ 57.5423679, -20.1968485 ], [ 57.5426118, -20.1968714 ], [ 57.5430021, -20.1970087 ], [ 57.5433598, -20.1971308 ], [ 57.5435631, -20.1971995 ], [ 57.5438802, -20.1972758 ], [ 57.5440591, -20.1972758 ], [ 57.5442705, -20.1972148 ], [ 57.5445307, -20.1970316 ], [ 57.5447096, -20.1968943 ], [ 57.5449454, -20.1968179 ], [ 57.5451649, -20.1966959 ], [ 57.5453438, -20.1966272 ], [ 57.5455715, -20.1966043 ], [ 57.5457666, -20.1965127 ], [ 57.545913, -20.1963753 ], [ 57.5461487, -20.1962761 ], [ 57.5463683, -20.1961846 ], [ 57.5468523, -20.1961592 ], [ 57.5472166, -20.1960803 ], [ 57.5475341, -20.195905 ], [ 57.5481973, -20.1956157 ], [ 57.5488044, -20.1952738 ], [ 57.5491219, -20.19523 ], [ 57.5493928, -20.1951599 ], [ 57.549673, -20.1950459 ], [ 57.5498131, -20.1947829 ], [ 57.5501773, -20.1946777 ], [ 57.5505416, -20.1945726 ], [ 57.5512328, -20.1944411 ], [ 57.5515877, -20.194292 ], [ 57.552092, -20.1940466 ], [ 57.5524563, -20.1938012 ], [ 57.5528019, -20.1935119 ], [ 57.5532315, -20.1932489 ], [ 57.5537172, -20.1930035 ], [ 57.5542869, -20.1927142 ], [ 57.5547913, -20.1924249 ], [ 57.5550472, -20.1922805 ] ] } },
{ "type": "Feature", "properties": { "element": "way", "id": 1131550212, "admin_level": "4", "border_type": null, "boundary": "administrative", "maritime": null, "note": null, "type": null, "ISO3166-1": null, "ISO3166-1:alpha2": null, "ISO3166-1:alpha3": null, "ISO3166-1:numeric": null, "driving_side": null, "flag": null, "name": null, "name:ab": null, "name:af": null, "name:als": null, "name:am": null, "name:ami": null, "name:an": null, "name:ang": null, "name:ar": null, "name:ary": null, "name:arz": null, "name:ast": null, "name:avk": null, "name:az": null, "name:azb": null, "name:ba": null, "name:ban": null, "name:bar": null, "name:bcl": null, "name:be": null, "name:be-tarask": null, "name:bg": null, "name:bi": null, "name:bjn": null, "name:bn": null, "name:bo": null, "name:bpy": null, "name:br": null, "name:bs": null, "name:bxr": null, "name:ca": null, "name:cbk": null, "name:cdo": null, "name:ce": null, "name:ceb": null, "name:ckb": null, "name:crh": null, "name:cs": null, "name:cv": null, "name:cy": null, "name:da": null, "name:dag": null, "name:de": null, "name:diq": null, "name:dty": null, "name:dv": null, "name:ee": null, "name:el": null, "name:en": null, "name:eo": null, "name:es": null, "name:et": null, "name:eu": null, "name:ext": null, "name:fa": null, "name:ff": null, "name:fi": null, "name:fo": null, "name:fr": null, "name:frp": null, "name:frr": null, "name:fy": null, "name:ga": null, "name:gag": null, "name:gcr": null, "name:gd": null, "name:gl": null, "name:gn": null, "name:grc": null, "name:gu": null, "name:gv": null, "name:ha": null, "name:hak": null, "name:haw": null, "name:he": null, "name:hi": null, "name:hif": null, "name:hr": null, "name:hsb": null, "name:ht": null, "name:hu": null, "name:hy": null, "name:ia": null, "name:id": null, "name:ie": null, "name:ig": null, "name:ilo": null, "name:io": null, "name:is": null, "name:it": null, "name:ja": null, "name:jam": null, "name:jv": null, "name:ka": null, "name:kg": null, "name:ki": null, "name:kk": null, "name:kn": null, "name:ko": null, "name:ku": null, "name:kw": null, "name:ky": null, "name:la": null, "name:lad": null, "name:lb": null, "name:lfn": null, "name:lg": null, "name:li": null, "name:lij": null, "name:lld": null, "name:lmo": null, "name:ln": null, "name:lt": null, "name:lv": null, "name:mfe": null, "name:mg": null, "name:mhr": null, "name:mi": null, "name:min": null, "name:mk": null, "name:ml": null, "name:mn": null, "name:mr": null, "name:mrj": null, "name:ms": null, "name:mt": null, "name:my": null, "name:mzn": null, "name:na": null, "name:nah": null, "name:nan": null, "name:nds": null, "name:nds-NL": null, "name:ne": null, "name:nl": null, "name:nn": null, "name:no": null, "name:nov": null, "name:nso": null, "name:oc": null, "name:olo": null, "name:om": null, "name:or": null, "name:os": null, "name:pa": null, "name:pam": null, "name:pi": null, "name:pih": null, "name:pl": null, "name:pms": null, "name:pnb": null, "name:ps": null, "name:pt": null, "name:qu": null, "name:ro": null, "name:ru": null, "name:rw": null, "name:sa": null, "name:sah": null, "name:sc": null, "name:scn": null, "name:sco": null, "name:sd": null, "name:se": null, "name:sg": null, "name:sgs": null, "name:sh": null, "name:shn": null, "name:si": null, "name:simple": null, "name:sk": null, "name:sl": null, "name:sm": null, "name:smn": null, "name:sms": null, "name:sn": null, "name:so": null, "name:sq": null, "name:sr": null, "name:ss": null, "name:st": null, "name:stq": null, "name:su": null, "name:sv": null, "name:sw": null, "name:szl": null, "name:szy": null, "name:ta": null, "name:tay": null, "name:te": null, "name:tg": null, "name:th": null, "name:tk": null, "name:tl": null, "name:tr": null, "name:trv": null, "name:ts": null, "name:tt": null, "name:tzl": null, "name:udm": null, "name:ug": null, "name:uk": null, "name:ur": null, "name:uz": null, "name:vec": null, "name:vep": null, "name:vi": null, "name:vo": null, "name:vro": null, "name:war": null, "name:wo": null, "name:wuu": null, "name:xal": null, "name:xmf": null, "name:yi": null, "name:yo": null, "name:yue": null, "name:za": null, "name:zea": null, "name:zh": null, "name:zh-Hans": null, "name:zh-Hant": null, "name:zh-Hant-CN": null, "name:zh-Hant-TW": null, "name:zu": null, "official_name": null, "official_name:ca": null, "official_name:cs": null, "official_name:de": null, "official_name:fr": null, "official_name:sr": null, "official_name:xmf": null, "population": null, "timezone": null, "wikidata": null, "wikipedia": null, "wikipedia:xmf": null, "ISO3166-2": null, "official_name:ar": null, "official_name:fa": null, "official_name:ur": null, "alt_name:en": null, "code": null }, "geometry": { "type": "LineString", "coordinates": [ [ 57.5556818, -20.191647 ], [ 57.5557464, -20.1915702 ], [ 57.5559471, -20.1908317 ], [ 57.5561176, -20.1891157 ], [ 57.5560662, -20.1887388 ], [ 57.5559915, -20.188375 ], [ 57.5559648, -20.1876767 ], [ 57.5558841, -20.1872968 ], [ 57.5556786, -20.1864903 ], [ 57.5555292, -20.185675 ], [ 57.5554731, -20.1850789 ], [ 57.5553989, -20.1845219 ], [ 57.5553667, -20.1841342 ], [ 57.5553989, -20.1837868 ], [ 57.5556237, -20.1834422 ], [ 57.5559811, -20.1829795 ], [ 57.5562152, -20.1826556 ], [ 57.5563878, -20.1823201 ], [ 57.5565603, -20.18195 ], [ 57.5562029, -20.1815567 ], [ 57.5559318, -20.1812328 ], [ 57.5555902, -20.1808778 ], [ 57.5554511, -20.1803652 ], [ 57.5553032, -20.1799719 ], [ 57.5550074, -20.1795902 ], [ 57.5547363, -20.1792663 ], [ 57.5544282, -20.1788036 ], [ 57.5541201, -20.178202 ], [ 57.5540215, -20.1777972 ], [ 57.5538859, -20.1772072 ], [ 57.5536271, -20.1767329 ], [ 57.5534299, -20.1764322 ], [ 57.5531958, -20.1762239 ], [ 57.5532697, -20.1759579 ], [ 57.5536025, -20.175391 ], [ 57.5538366, -20.1748821 ], [ 57.5540585, -20.1742458 ], [ 57.5543912, -20.1735864 ], [ 57.5545638, -20.1729386 ], [ 57.55465, -20.1723371 ], [ 57.5548349, -20.1719553 ], [ 57.5549828, -20.1715851 ], [ 57.5548103, -20.1710877 ] ] } },
{ "type": "Feature", "properties": { "element": "way", "id": 1134470972, "admin_level": "8", "border_type": null, "boundary": "administrative", "maritime": null, "note": null, "type": null, "ISO3166-1": null, "ISO3166-1:alpha2": null, "ISO3166-1:alpha3": null, "ISO3166-1:numeric": null, "driving_side": null, "flag": null, "name": null, "name:ab": null, "name:af": null, "name:als": null, "name:am": null, "name:ami": null, "name:an": null, "name:ang": null, "name:ar": null, "name:ary": null, "name:arz": null, "name:ast": null, "name:avk": null, "name:az": null, "name:azb": null, "name:ba": null, "name:ban": null, "name:bar": null, "name:bcl": null, "name:be": null, "name:be-tarask": null, "name:bg": null, "name:bi": null, "name:bjn": null, "name:bn": null, "name:bo": null, "name:bpy": null, "name:br": null, "name:bs": null, "name:bxr": null, "name:ca": null, "name:cbk": null, "name:cdo": null, "name:ce": null, "name:ceb": null, "name:ckb": null, "name:crh": null, "name:cs": null, "name:cv": null, "name:cy": null, "name:da": null, "name:dag": null, "name:de": null, "name:diq": null, "name:dty": null, "name:dv": null, "name:ee": null, "name:el": null, "name:en": null, "name:eo": null, "name:es": null, "name:et": null, "name:eu": null, "name:ext": null, "name:fa": null, "name:ff": null, "name:fi": null, "name:fo": null, "name:fr": null, "name:frp": null, "name:frr": null, "name:fy": null, "name:ga": null, "name:gag": null, "name:gcr": null, "name:gd": null, "name:gl": null, "name:gn": null, "name:grc": null, "name:gu": null, "name:gv": null, "name:ha": null, "name:hak": null, "name:haw": null, "name:he": null, "name:hi": null, "name:hif": null, "name:hr": null, "name:hsb": null, "name:ht": null, "name:hu": null, "name:hy": null, "name:ia": null, "name:id": null, "name:ie": null, "name:ig": null, "name:ilo": null, "name:io": null, "name:is": null, "name:it": null, "name:ja": null, "name:jam": null, "name:jv": null, "name:ka": null, "name:kg": null, "name:ki": null, "name:kk": null, "name:kn": null, "name:ko": null, "name:ku": null, "name:kw": null, "name:ky": null, "name:la": null, "name:lad": null, "name:lb": null, "name:lfn": null, "name:lg": null, "name:li": null, "name:lij": null, "name:lld": null, "name:lmo": null, "name:ln": null, "name:lt": null, "name:lv": null, "name:mfe": null, "name:mg": null, "name:mhr": null, "name:mi": null, "name:min": null, "name:mk": null, "name:ml": null, "name:mn": null, "name:mr": null, "name:mrj": null, "name:ms": null, "name:mt": null, "name:my": null, "name:mzn": null, "name:na": null, "name:nah": null, "name:nan": null, "name:nds": null, "name:nds-NL": null, "name:ne": null, "name:nl": null, "name:nn": null, "name:no": null, "name:nov": null, "name:nso": null, "name:oc": null, "name:olo": null, "name:om": null, "name:or": null, "name:os": null, "name:pa": null, "name:pam": null, "name:pi": null, "name:pih": null, "name:pl": null, "name:pms": null, "name:pnb": null, "name:ps": null, "name:pt": null, "name:qu": null, "name:ro": null, "name:ru": null, "name:rw": null, "name:sa": null, "name:sah": null, "name:sc": null, "name:scn": null, "name:sco": null, "name:sd": null, "name:se": null, "name:sg": null, "name:sgs": null, "name:sh": null, "name:shn": null, "name:si": null, "name:simple": null, "name:sk": null, "name:sl": null, "name:sm": null, "name:smn": null, "name:sms": null, "name:sn": null, "name:so": null, "name:sq": null, "name:sr": null, "name:ss": null, "name:st": null, "name:stq": null, "name:su": null, "name:sv": null, "name:sw": null, "name:szl": null, "name:szy": null, "name:ta": null, "name:tay": null, "name:te": null, "name:tg": null, "name:th": null, "name:tk": null, "name:tl": null, "name:tr": null, "name:trv": null, "name:ts": null, "name:tt": null, "name:tzl": null, "name:udm": null, "name:ug": null, "name:uk": null, "name:ur": null, "name:uz": null, "name:vec": null, "name:vep": null, "name:vi": null, "name:vo": null, "name:vro": null, "name:war": null, "name:wo": null, "name:wuu": null, "name:xal": null, "name:xmf": null, "name:yi": null, "name:yo": null, "name:yue": null, "name:za": null, "name:zea": null, "name:zh": null, "name:zh-Hans": null, "name:zh-Hant": null, "name:zh-Hant-CN": null, "name:zh-Hant-TW": null, "name:zu": null, "official_name": null, "official_name:ca": null, "official_name:cs": null, "official_name:de": null, "official_name:fr": null, "official_name:sr": null, "official_name:xmf": null, "population": null, "timezone": null, "wikidata": null, "wikipedia": null, "wikipedia:xmf": null, "ISO3166-2": null, "official_name:ar": null, "official_name:fa": null, "official_name:ur": null, "alt_name:en": null, "code": null }, "geometry": { "type": "LineString", "coordinates": [ [ 57.5337133, -20.2067547 ], [ 57.5287404, -20.1980007 ] ] } },
{ "type": "Feature", "properties": { "element": "way", "id": 1134787725, "admin_level": "4", "border_type": null, "boundary": "administrative", "maritime": null, "note": null, "type": null, "ISO3166-1": null, "ISO3166-1:alpha2": null, "ISO3166-1:alpha3": null, "ISO3166-1:numeric": null, "driving_side": null, "flag": null, "name": null, "name:ab": null, "name:af": null, "name:als": null, "name:am": null, "name:ami": null, "name:an": null, "name:ang": null, "name:ar": null, "name:ary": null, "name:arz": null, "name:ast": null, "name:avk": null, "name:az": null, "name:azb": null, "name:ba": null, "name:ban": null, "name:bar": null, "name:bcl": null, "name:be": null, "name:be-tarask": null, "name:bg": null, "name:bi": null, "name:bjn": null, "name:bn": null, "name:bo": null, "name:bpy": null, "name:br": null, "name:bs": null, "name:bxr": null, "name:ca": null, "name:cbk": null, "name:cdo": null, "name:ce": null, "name:ceb": null, "name:ckb": null, "name:crh": null, "name:cs": null, "name:cv": null, "name:cy": null, "name:da": null, "name:dag": null, "name:de": null, "name:diq": null, "name:dty": null, "name:dv": null, "name:ee": null, "name:el": null, "name:en": null, "name:eo": null, "name:es": null, "name:et": null, "name:eu": null, "name:ext": null, "name:fa": null, "name:ff": null, "name:fi": null, "name:fo": null, "name:fr": null, "name:frp": null, "name:frr": null, "name:fy": null, "name:ga": null, "name:gag": null, "name:gcr": null, "name:gd": null, "name:gl": null, "name:gn": null, "name:grc": null, "name:gu": null, "name:gv": null, "name:ha": null, "name:hak": null, "name:haw": null, "name:he": null, "name:hi": null, "name:hif": null, "name:hr": null, "name:hsb": null, "name:ht": null, "name:hu": null, "name:hy": null, "name:ia": null, "name:id": null, "name:ie": null, "name:ig": null, "name:ilo": null, "name:io": null, "name:is": null, "name:it": null, "name:ja": null, "name:jam": null, "name:jv": null, "name:ka": null, "name:kg": null, "name:ki": null, "name:kk": null, "name:kn": null, "name:ko": null, "name:ku": null, "name:kw": null, "name:ky": null, "name:la": null, "name:lad": null, "name:lb": null, "name:lfn": null, "name:lg": null, "name:li": null, "name:lij": null, "name:lld": null, "name:lmo": null, "name:ln": null, "name:lt": null, "name:lv": null, "name:mfe": null, "name:mg": null, "name:mhr": null, "name:mi": null, "name:min": null, "name:mk": null, "name:ml": null, "name:mn": null, "name:mr": null, "name:mrj": null, "name:ms": null, "name:mt": null, "name:my": null, "name:mzn": null, "name:na": null, "name:nah": null, "name:nan": null, "name:nds": null, "name:nds-NL": null, "name:ne": null, "name:nl": null, "name:nn": null, "name:no": null, "name:nov": null, "name:nso": null, "name:oc": null, "name:olo": null, "name:om": null, "name:or": null, "name:os": null, "name:pa": null, "name:pam": null, "name:pi": null, "name:pih": null, "name:pl": null, "name:pms": null, "name:pnb": null, "name:ps": null, "name:pt": null, "name:qu": null, "name:ro": null, "name:ru": null, "name:rw": null, "name:sa": null, "name:sah": null, "name:sc": null, "name:scn": null, "name:sco": null, "name:sd": null, "name:se": null, "name:sg": null, "name:sgs": null, "name:sh": null, "name:shn": null, "name:si": null, "name:simple": null, "name:sk": null, "name:sl": null, "name:sm": null, "name:smn": null, "name:sms": null, "name:sn": null, "name:so": null, "name:sq": null, "name:sr": null, "name:ss": null, "name:st": null, "name:stq": null, "name:su": null, "name:sv": null, "name:sw": null, "name:szl": null, "name:szy": null, "name:ta": null, "name:tay": null, "name:te": null, "name:tg": null, "name:th": null, "name:tk": null, "name:tl": null, "name:tr": null, "name:trv": null, "name:ts": null, "name:tt": null, "name:tzl": null, "name:udm": null, "name:ug": null, "name:uk": null, "name:ur": null, "name:uz": null, "name:vec": null, "name:vep": null, "name:vi": null, "name:vo": null, "name:vro": null, "name:war": null, "name:wo": null, "name:wuu": null, "name:xal": null, "name:xmf": null, "name:yi": null, "name:yo": null, "name:yue": null, "name:za": null, "name:zea": null, "name:zh": null, "name:zh-Hans": null, "name:zh-Hant": null, "name:zh-Hant-CN": null, "name:zh-Hant-TW": null, "name:zu": null, "official_name": null, "official_name:ca": null, "official_name:cs": null, "official_name:de": null, "official_name:fr": null, "official_name:sr": null, "official_name:xmf": null, "population": null, "timezone": null, "wikidata": null, "wikipedia": null, "wikipedia:xmf": null, "ISO3166-2": null, "official_name:ar": null, "official_name:fa": null, "official_name:ur": null, "alt_name:en": null, "code": null }, "geometry": { "type": "LineString", "coordinates": [ [ 57.5550472, -20.1922805 ], [ 57.5553517, -20.1919516 ], [ 57.5556818, -20.191647 ] ] } },
{ "type": "Feature", "properties": { "element": "way", "id": 1347260998, "admin_level": "4", "border_type": null, "boundary": "administrative", "maritime": null, "note": null, "type": null, "ISO3166-1": null, "ISO3166-1:alpha2": null, "ISO3166-1:alpha3": null, "ISO3166-1:numeric": null, "driving_side": null, "flag": null, "name": null, "name:ab": null, "name:af": null, "name:als": null, "name:am": null, "name:ami": null, "name:an": null, "name:ang": null, "name:ar": null, "name:ary": null, "name:arz": null, "name:ast": null, "name:avk": null, "name:az": null, "name:azb": null, "name:ba": null, "name:ban": null, "name:bar": null, "name:bcl": null, "name:be": null, "name:be-tarask": null, "name:bg": null, "name:bi": null, "name:bjn": null, "name:bn": null, "name:bo": null, "name:bpy": null, "name:br": null, "name:bs": null, "name:bxr": null, "name:ca": null, "name:cbk": null, "name:cdo": null, "name:ce": null, "name:ceb": null, "name:ckb": null, "name:crh": null, "name:cs": null, "name:cv": null, "name:cy": null, "name:da": null, "name:dag": null, "name:de": null, "name:diq": null, "name:dty": null, "name:dv": null, "name:ee": null, "name:el": null, "name:en": null, "name:eo": null, "name:es": null, "name:et": null, "name:eu": null, "name:ext": null, "name:fa": null, "name:ff": null, "name:fi": null, "name:fo": null, "name:fr": null, "name:frp": null, "name:frr": null, "name:fy": null, "name:ga": null, "name:gag": null, "name:gcr": null, "name:gd": null, "name:gl": null, "name:gn": null, "name:grc": null, "name:gu": null, "name:gv": null, "name:ha": null, "name:hak": null, "name:haw": null, "name:he": null, "name:hi": null, "name:hif": null, "name:hr": null, "name:hsb": null, "name:ht": null, "name:hu": null, "name:hy": null, "name:ia": null, "name:id": null, "name:ie": null, "name:ig": null, "name:ilo": null, "name:io": null, "name:is": null, "name:it": null, "name:ja": null, "name:jam": null, "name:jv": null, "name:ka": null, "name:kg": null, "name:ki": null, "name:kk": null, "name:kn": null, "name:ko": null, "name:ku": null, "name:kw": null, "name:ky": null, "name:la": null, "name:lad": null, "name:lb": null, "name:lfn": null, "name:lg": null, "name:li": null, "name:lij": null, "name:lld": null, "name:lmo": null, "name:ln": null, "name:lt": null, "name:lv": null, "name:mfe": null, "name:mg": null, "name:mhr": null, "name:mi": null, "name:min": null, "name:mk": null, "name:ml": null, "name:mn": null, "name:mr": null, "name:mrj": null, "name:ms": null, "name:mt": null, "name:my": null, "name:mzn": null, "name:na": null, "name:nah": null, "name:nan": null, "name:nds": null, "name:nds-NL": null, "name:ne": null, "name:nl": null, "name:nn": null, "name:no": null, "name:nov": null, "name:nso": null, "name:oc": null, "name:olo": null, "name:om": null, "name:or": null, "name:os": null, "name:pa": null, "name:pam": null, "name:pi": null, "name:pih": null, "name:pl": null, "name:pms": null, "name:pnb": null, "name:ps": null, "name:pt": null, "name:qu": null, "name:ro": null, "name:ru": null, "name:rw": null, "name:sa": null, "name:sah": null, "name:sc": null, "name:scn": null, "name:sco": null, "name:sd": null, "name:se": null, "name:sg": null, "name:sgs": null, "name:sh": null, "name:shn": null, "name:si": null, "name:simple": null, "name:sk": null, "name:sl": null, "name:sm": null, "name:smn": null, "name:sms": null, "name:sn": null, "name:so": null, "name:sq": null, "name:sr": null, "name:ss": null, "name:st": null, "name:stq": null, "name:su": null, "name:sv": null, "name:sw": null, "name:szl": null, "name:szy": null, "name:ta": null, "name:tay": null, "name:te": null, "name:tg": null, "name:th": null, "name:tk": null, "name:tl": null, "name:tr": null, "name:trv": null, "name:ts": null, "name:tt": null, "name:tzl": null, "name:udm": null, "name:ug": null, "name:uk": null, "name:ur": null, "name:uz": null, "name:vec": null, "name:vep": null, "name:vi": null, "name:vo": null, "name:vro": null, "name:war": null, "name:wo": null, "name:wuu": null, "name:xal": null, "name:xmf": null, "name:yi": null, "name:yo": null, "name:yue": null, "name:za": null, "name:zea": null, "name:zh": null, "name:zh-Hans": null, "name:zh-Hant": null, "name:zh-Hant-CN": null, "name:zh-Hant-TW": null, "name:zu": null, "official_name": null, "official_name:ca": null, "official_name:cs": null, "official_name:de": null, "official_name:fr": null, "official_name:sr": null, "official_name:xmf": null, "population": null, "timezone": null, "wikidata": null, "wikipedia": null, "wikipedia:xmf": null, "ISO3166-2": null, "official_name:ar": null, "official_name:fa": null, "official_name:ur": null, "alt_name:en": null, "code": null }, "geometry": { "type": "LineString", "coordinates": [ [ 57.5427454, -20.1413282 ], [ 57.5330239, -20.1435772 ], [ 57.5328684, -20.1436477 ], [ 57.5327021, -20.1437736 ], [ 57.5325036, -20.1437937 ], [ 57.5323373, -20.1437635 ], [ 57.5322139, -20.1436981 ], [ 57.5320959, -20.1436678 ], [ 57.5318842, -20.1437408 ] ] } },
{ "type": "Feature", "properties": { "element": "way", "id": 1347263418, "admin_level": "4", "border_type": null, "boundary": "administrative", "maritime": null, "note": null, "type": null, "ISO3166-1": null, "ISO3166-1:alpha2": null, "ISO3166-1:alpha3": null, "ISO3166-1:numeric": null, "driving_side": null, "flag": null, "name": null, "name:ab": null, "name:af": null, "name:als": null, "name:am": null, "name:ami": null, "name:an": null, "name:ang": null, "name:ar": null, "name:ary": null, "name:arz": null, "name:ast": null, "name:avk": null, "name:az": null, "name:azb": null, "name:ba": null, "name:ban": null, "name:bar": null, "name:bcl": null, "name:be": null, "name:be-tarask": null, "name:bg": null, "name:bi": null, "name:bjn": null, "name:bn": null, "name:bo": null, "name:bpy": null, "name:br": null, "name:bs": null, "name:bxr": null, "name:ca": null, "name:cbk": null, "name:cdo": null, "name:ce": null, "name:ceb": null, "name:ckb": null, "name:crh": null, "name:cs": null, "name:cv": null, "name:cy": null, "name:da": null, "name:dag": null, "name:de": null, "name:diq": null, "name:dty": null, "name:dv": null, "name:ee": null, "name:el": null, "name:en": null, "name:eo": null, "name:es": null, "name:et": null, "name:eu": null, "name:ext": null, "name:fa": null, "name:ff": null, "name:fi": null, "name:fo": null, "name:fr": null, "name:frp": null, "name:frr": null, "name:fy": null, "name:ga": null, "name:gag": null, "name:gcr": null, "name:gd": null, "name:gl": null, "name:gn": null, "name:grc": null, "name:gu": null, "name:gv": null, "name:ha": null, "name:hak": null, "name:haw": null, "name:he": null, "name:hi": null, "name:hif": null, "name:hr": null, "name:hsb": null, "name:ht": null, "name:hu": null, "name:hy": null, "name:ia": null, "name:id": null, "name:ie": null, "name:ig": null, "name:ilo": null, "name:io": null, "name:is": null, "name:it": null, "name:ja": null, "name:jam": null, "name:jv": null, "name:ka": null, "name:kg": null, "name:ki": null, "name:kk": null, "name:kn": null, "name:ko": null, "name:ku": null, "name:kw": null, "name:ky": null, "name:la": null, "name:lad": null, "name:lb": null, "name:lfn": null, "name:lg": null, "name:li": null, "name:lij": null, "name:lld": null, "name:lmo": null, "name:ln": null, "name:lt": null, "name:lv": null, "name:mfe": null, "name:mg": null, "name:mhr": null, "name:mi": null, "name:min": null, "name:mk": null, "name:ml": null, "name:mn": null, "name:mr": null, "name:mrj": null, "name:ms": null, "name:mt": null, "name:my": null, "name:mzn": null, "name:na": null, "name:nah": null, "name:nan": null, "name:nds": null, "name:nds-NL": null, "name:ne": null, "name:nl": null, "name:nn": null, "name:no": null, "name:nov": null, "name:nso": null, "name:oc": null, "name:olo": null, "name:om": null, "name:or": null, "name:os": null, "name:pa": null, "name:pam": null, "name:pi": null, "name:pih": null, "name:pl": null, "name:pms": null, "name:pnb": null, "name:ps": null, "name:pt": null, "name:qu": null, "name:ro": null, "name:ru": null, "name:rw": null, "name:sa": null, "name:sah": null, "name:sc": null, "name:scn": null, "name:sco": null, "name:sd": null, "name:se": null, "name:sg": null, "name:sgs": null, "name:sh": null, "name:shn": null, "name:si": null, "name:simple": null, "name:sk": null, "name:sl": null, "name:sm": null, "name:smn": null, "name:sms": null, "name:sn": null, "name:so": null, "name:sq": null, "name:sr": null, "name:ss": null, "name:st": null, "name:stq": null, "name:su": null, "name:sv": null, "name:sw": null, "name:szl": null, "name:szy": null, "name:ta": null, "name:tay": null, "name:te": null, "name:tg": null, "name:th": null, "name:tk": null, "name:tl": null, "name:tr": null, "name:trv": null, "name:ts": null, "name:tt": null, "name:tzl": null, "name:udm": null, "name:ug": null, "name:uk": null, "name:ur": null, "name:uz": null, "name:vec": null, "name:vep": null, "name:vi": null, "name:vo": null, "name:vro": null, "name:war": null, "name:wo": null, "name:wuu": null, "name:xal": null, "name:xmf": null, "name:yi": null, "name:yo": null, "name:yue": null, "name:za": null, "name:zea": null, "name:zh": null, "name:zh-Hans": null, "name:zh-Hant": null, "name:zh-Hant-CN": null, "name:zh-Hant-TW": null, "name:zu": null, "official_name": null, "official_name:ca": null, "official_name:cs": null, "official_name:de": null, "official_name:fr": null, "official_name:sr": null, "official_name:xmf": null, "population": null, "timezone": null, "wikidata": null, "wikipedia": null, "wikipedia:xmf": null, "ISO3166-2": null, "official_name:ar": null, "official_name:fa": null, "official_name:ur": null, "alt_name:en": null, "code": null }, "geometry": { "type": "LineString", "coordinates": [ [ 57.5498878, -20.162631 ], [ 57.5498084, -20.1624644 ], [ 57.5498271, -20.1622452 ], [ 57.5499719, -20.1621006 ], [ 57.5501914, -20.1618858 ], [ 57.5503268, -20.1616709 ], [ 57.5504721, -20.1614047 ], [ 57.5506077, -20.1611618 ], [ 57.5506447, -20.1608725 ], [ 57.5504352, -20.1604792 ], [ 57.5502257, -20.159947 ], [ 57.5501517, -20.1595305 ], [ 57.5502873, -20.1590909 ], [ 57.5504598, -20.1585124 ], [ 57.5505461, -20.1581422 ], [ 57.5505707, -20.1578298 ], [ 57.5507063, -20.1572514 ], [ 57.5507433, -20.1567539 ], [ 57.5508049, -20.1562448 ], [ 57.5508788, -20.1557936 ], [ 57.5511376, -20.1552036 ], [ 57.5513595, -20.1547755 ], [ 57.5514581, -20.1544863 ], [ 57.5510514, -20.1540813 ], [ 57.5506693, -20.1535376 ], [ 57.5501024, -20.1526698 ], [ 57.5494739, -20.1517674 ], [ 57.5488084, -20.15046 ], [ 57.5479457, -20.149141 ], [ 57.5476499, -20.1486204 ], [ 57.5473541, -20.1481113 ], [ 57.5470214, -20.1478336 ], [ 57.546553, -20.1476138 ], [ 57.5459985, -20.1471741 ], [ 57.5454685, -20.1466998 ], [ 57.5452754, -20.1464196 ] ] } },
{ "type": "Feature", "properties": { "element": "way", "id": 1347572429, "admin_level": "4", "border_type": null, "boundary": "administrative", "maritime": null, "note": null, "type": null, "ISO3166-1": null, "ISO3166-1:alpha2": null, "ISO3166-1:alpha3": null, "ISO3166-1:numeric": null, "driving_side": null, "flag": null, "name": null, "name:ab": null, "name:af": null, "name:als": null, "name:am": null, "name:ami": null, "name:an": null, "name:ang": null, "name:ar": null, "name:ary": null, "name:arz": null, "name:ast": null, "name:avk": null, "name:az": null, "name:azb": null, "name:ba": null, "name:ban": null, "name:bar": null, "name:bcl": null, "name:be": null, "name:be-tarask": null, "name:bg": null, "name:bi": null, "name:bjn": null, "name:bn": null, "name:bo": null, "name:bpy": null, "name:br": null, "name:bs": null, "name:bxr": null, "name:ca": null, "name:cbk": null, "name:cdo": null, "name:ce": null, "name:ceb": null, "name:ckb": null, "name:crh": null, "name:cs": null, "name:cv": null, "name:cy": null, "name:da": null, "name:dag": null, "name:de": null, "name:diq": null, "name:dty": null, "name:dv": null, "name:ee": null, "name:el": null, "name:en": null, "name:eo": null, "name:es": null, "name:et": null, "name:eu": null, "name:ext": null, "name:fa": null, "name:ff": null, "name:fi": null, "name:fo": null, "name:fr": null, "name:frp": null, "name:frr": null, "name:fy": null, "name:ga": null, "name:gag": null, "name:gcr": null, "name:gd": null, "name:gl": null, "name:gn": null, "name:grc": null, "name:gu": null, "name:gv": null, "name:ha": null, "name:hak": null, "name:haw": null, "name:he": null, "name:hi": null, "name:hif": null, "name:hr": null, "name:hsb": null, "name:ht": null, "name:hu": null, "name:hy": null, "name:ia": null, "name:id": null, "name:ie": null, "name:ig": null, "name:ilo": null, "name:io": null, "name:is": null, "name:it": null, "name:ja": null, "name:jam": null, "name:jv": null, "name:ka": null, "name:kg": null, "name:ki": null, "name:kk": null, "name:kn": null, "name:ko": null, "name:ku": null, "name:kw": null, "name:ky": null, "name:la": null, "name:lad": null, "name:lb": null, "name:lfn": null, "name:lg": null, "name:li": null, "name:lij": null, "name:lld": null, "name:lmo": null, "name:ln": null, "name:lt": null, "name:lv": null, "name:mfe": null, "name:mg": null, "name:mhr": null, "name:mi": null, "name:min": null, "name:mk": null, "name:ml": null, "name:mn": null, "name:mr": null, "name:mrj": null, "name:ms": null, "name:mt": null, "name:my": null, "name:mzn": null, "name:na": null, "name:nah": null, "name:nan": null, "name:nds": null, "name:nds-NL": null, "name:ne": null, "name:nl": null, "name:nn": null, "name:no": null, "name:nov": null, "name:nso": null, "name:oc": null, "name:olo": null, "name:om": null, "name:or": null, "name:os": null, "name:pa": null, "name:pam": null, "name:pi": null, "name:pih": null, "name:pl": null, "name:pms": null, "name:pnb": null, "name:ps": null, "name:pt": null, "name:qu": null, "name:ro": null, "name:ru": null, "name:rw": null, "name:sa": null, "name:sah": null, "name:sc": null, "name:scn": null, "name:sco": null, "name:sd": null, "name:se": null, "name:sg": null, "name:sgs": null, "name:sh": null, "name:shn": null, "name:si": null, "name:simple": null, "name:sk": null, "name:sl": null, "name:sm": null, "name:smn": null, "name:sms": null, "name:sn": null, "name:so": null, "name:sq": null, "name:sr": null, "name:ss": null, "name:st": null, "name:stq": null, "name:su": null, "name:sv": null, "name:sw": null, "name:szl": null, "name:szy": null, "name:ta": null, "name:tay": null, "name:te": null, "name:tg": null, "name:th": null, "name:tk": null, "name:tl": null, "name:tr": null, "name:trv": null, "name:ts": null, "name:tt": null, "name:tzl": null, "name:udm": null, "name:ug": null, "name:uk": null, "name:ur": null, "name:uz": null, "name:vec": null, "name:vep": null, "name:vi": null, "name:vo": null, "name:vro": null, "name:war": null, "name:wo": null, "name:wuu": null, "name:xal": null, "name:xmf": null, "name:yi": null, "name:yo": null, "name:yue": null, "name:za": null, "name:zea": null, "name:zh": null, "name:zh-Hans": null, "name:zh-Hant": null, "name:zh-Hant-CN": null, "name:zh-Hant-TW": null, "name:zu": null, "official_name": null, "official_name:ca": null, "official_name:cs": null, "official_name:de": null, "official_name:fr": null, "official_name:sr": null, "official_name:xmf": null, "population": null, "timezone": null, "wikidata": null, "wikipedia": null, "wikipedia:xmf": null, "ISO3166-2": null, "official_name:ar": null, "official_name:fa": null, "official_name:ur": null, "alt_name:en": null, "code": null }, "geometry": { "type": "LineString", "coordinates": [ [ 57.5548103, -20.1710877 ], [ 57.5544898, -20.1707753 ], [ 57.5541324, -20.1704399 ], [ 57.553849, -20.1701854 ], [ 57.5535285, -20.1698961 ], [ 57.5534299, -20.1693987 ], [ 57.5533437, -20.1687393 ], [ 57.5532204, -20.1680336 ], [ 57.5529247, -20.1674552 ], [ 57.5526905, -20.1669462 ], [ 57.5525426, -20.1666338 ], [ 57.5523084, -20.1661479 ], [ 57.5522222, -20.1657893 ], [ 57.551951, -20.1653844 ], [ 57.5517292, -20.1649679 ], [ 57.5515197, -20.1646671 ], [ 57.5511253, -20.1643201 ], [ 57.5508419, -20.1638689 ], [ 57.550694, -20.1633714 ], [ 57.5503982, -20.1629781 ], [ 57.5500654, -20.162712 ], [ 57.5498878, -20.162631 ] ] } },
{ "type": "Feature", "properties": { "element": "way", "id": 1348516299, "admin_level": "4", "border_type": null, "boundary": "administrative", "maritime": null, "note": null, "type": null, "ISO3166-1": null, "ISO3166-1:alpha2": null, "ISO3166-1:alpha3": null, "ISO3166-1:numeric": null, "driving_side": null, "flag": null, "name": null, "name:ab": null, "name:af": null, "name:als": null, "name:am": null, "name:ami": null, "name:an": null, "name:ang": null, "name:ar": null, "name:ary": null, "name:arz": null, "name:ast": null, "name:avk": null, "name:az": null, "name:azb": null, "name:ba": null, "name:ban": null, "name:bar": null, "name:bcl": null, "name:be": null, "name:be-tarask": null, "name:bg": null, "name:bi": null, "name:bjn": null, "name:bn": null, "name:bo": null, "name:bpy": null, "name:br": null, "name:bs": null, "name:bxr": null, "name:ca": null, "name:cbk": null, "name:cdo": null, "name:ce": null, "name:ceb": null, "name:ckb": null, "name:crh": null, "name:cs": null, "name:cv": null, "name:cy": null, "name:da": null, "name:dag": null, "name:de": null, "name:diq": null, "name:dty": null, "name:dv": null, "name:ee": null, "name:el": null, "name:en": null, "name:eo": null, "name:es": null, "name:et": null, "name:eu": null, "name:ext": null, "name:fa": null, "name:ff": null, "name:fi": null, "name:fo": null, "name:fr": null, "name:frp": null, "name:frr": null, "name:fy": null, "name:ga": null, "name:gag": null, "name:gcr": null, "name:gd": null, "name:gl": null, "name:gn": null, "name:grc": null, "name:gu": null, "name:gv": null, "name:ha": null, "name:hak": null, "name:haw": null, "name:he": null, "name:hi": null, "name:hif": null, "name:hr": null, "name:hsb": null, "name:ht": null, "name:hu": null, "name:hy": null, "name:ia": null, "name:id": null, "name:ie": null, "name:ig": null, "name:ilo": null, "name:io": null, "name:is": null, "name:it": null, "name:ja": null, "name:jam": null, "name:jv": null, "name:ka": null, "name:kg": null, "name:ki": null, "name:kk": null, "name:kn": null, "name:ko": null, "name:ku": null, "name:kw": null, "name:ky": null, "name:la": null, "name:lad": null, "name:lb": null, "name:lfn": null, "name:lg": null, "name:li": null, "name:lij": null, "name:lld": null, "name:lmo": null, "name:ln": null, "name:lt": null, "name:lv": null, "name:mfe": null, "name:mg": null, "name:mhr": null, "name:mi": null, "name:min": null, "name:mk": null, "name:ml": null, "name:mn": null, "name:mr": null, "name:mrj": null, "name:ms": null, "name:mt": null, "name:my": null, "name:mzn": null, "name:na": null, "name:nah": null, "name:nan": null, "name:nds": null, "name:nds-NL": null, "name:ne": null, "name:nl": null, "name:nn": null, "name:no": null, "name:nov": null, "name:nso": null, "name:oc": null, "name:olo": null, "name:om": null, "name:or": null, "name:os": null, "name:pa": null, "name:pam": null, "name:pi": null, "name:pih": null, "name:pl": null, "name:pms": null, "name:pnb": null, "name:ps": null, "name:pt": null, "name:qu": null, "name:ro": null, "name:ru": null, "name:rw": null, "name:sa": null, "name:sah": null, "name:sc": null, "name:scn": null, "name:sco": null, "name:sd": null, "name:se": null, "name:sg": null, "name:sgs": null, "name:sh": null, "name:shn": null, "name:si": null, "name:simple": null, "name:sk": null, "name:sl": null, "name:sm": null, "name:smn": null, "name:sms": null, "name:sn": null, "name:so": null, "name:sq": null, "name:sr": null, "name:ss": null, "name:st": null, "name:stq": null, "name:su": null, "name:sv": null, "name:sw": null, "name:szl": null, "name:szy": null, "name:ta": null, "name:tay": null, "name:te": null, "name:tg": null, "name:th": null, "name:tk": null, "name:tl": null, "name:tr": null, "name:trv": null, "name:ts": null, "name:tt": null, "name:tzl": null, "name:udm": null, "name:ug": null, "name:uk": null, "name:ur": null, "name:uz": null, "name:vec": null, "name:vep": null, "name:vi": null, "name:vo": null, "name:vro": null, "name:war": null, "name:wo": null, "name:wuu": null, "name:xal": null, "name:xmf": null, "name:yi": null, "name:yo": null, "name:yue": null, "name:za": null, "name:zea": null, "name:zh": null, "name:zh-Hans": null, "name:zh-Hant": null, "name:zh-Hant-CN": null, "name:zh-Hant-TW": null, "name:zu": null, "official_name": null, "official_name:ca": null, "official_name:cs": null, "official_name:de": null, "official_name:fr": null, "official_name:sr": null, "official_name:xmf": null, "population": null, "timezone": null, "wikidata": null, "wikipedia": null, "wikipedia:xmf": null, "ISO3166-2": null, "official_name:ar": null, "official_name:fa": null, "official_name:ur": null, "alt_name:en": null, "code": null }, "geometry": { "type": "LineString", "coordinates": [ [ 57.469433, -20.1863745 ], [ 57.4695321, -20.1864011 ], [ 57.4701159, -20.186459 ] ] } },
{ "type": "Feature", "properties": { "element": "way", "id": 1348516360, "admin_level": "4", "border_type": null, "boundary": "administrative", "maritime": null, "note": null, "type": null, "ISO3166-1": null, "ISO3166-1:alpha2": null, "ISO3166-1:alpha3": null, "ISO3166-1:numeric": null, "driving_side": null, "flag": null, "name": null, "name:ab": null, "name:af": null, "name:als": null, "name:am": null, "name:ami": null, "name:an": null, "name:ang": null, "name:ar": null, "name:ary": null, "name:arz": null, "name:ast": null, "name:avk": null, "name:az": null, "name:azb": null, "name:ba": null, "name:ban": null, "name:bar": null, "name:bcl": null, "name:be": null, "name:be-tarask": null, "name:bg": null, "name:bi": null, "name:bjn": null, "name:bn": null, "name:bo": null, "name:bpy": null, "name:br": null, "name:bs": null, "name:bxr": null, "name:ca": null, "name:cbk": null, "name:cdo": null, "name:ce": null, "name:ceb": null, "name:ckb": null, "name:crh": null, "name:cs": null, "name:cv": null, "name:cy": null, "name:da": null, "name:dag": null, "name:de": null, "name:diq": null, "name:dty": null, "name:dv": null, "name:ee": null, "name:el": null, "name:en": null, "name:eo": null, "name:es": null, "name:et": null, "name:eu": null, "name:ext": null, "name:fa": null, "name:ff": null, "name:fi": null, "name:fo": null, "name:fr": null, "name:frp": null, "name:frr": null, "name:fy": null, "name:ga": null, "name:gag": null, "name:gcr": null, "name:gd": null, "name:gl": null, "name:gn": null, "name:grc": null, "name:gu": null, "name:gv": null, "name:ha": null, "name:hak": null, "name:haw": null, "name:he": null, "name:hi": null, "name:hif": null, "name:hr": null, "name:hsb": null, "name:ht": null, "name:hu": null, "name:hy": null, "name:ia": null, "name:id": null, "name:ie": null, "name:ig": null, "name:ilo": null, "name:io": null, "name:is": null, "name:it": null, "name:ja": null, "name:jam": null, "name:jv": null, "name:ka": null, "name:kg": null, "name:ki": null, "name:kk": null, "name:kn": null, "name:ko": null, "name:ku": null, "name:kw": null, "name:ky": null, "name:la": null, "name:lad": null, "name:lb": null, "name:lfn": null, "name:lg": null, "name:li": null, "name:lij": null, "name:lld": null, "name:lmo": null, "name:ln": null, "name:lt": null, "name:lv": null, "name:mfe": null, "name:mg": null, "name:mhr": null, "name:mi": null, "name:min": null, "name:mk": null, "name:ml": null, "name:mn": null, "name:mr": null, "name:mrj": null, "name:ms": null, "name:mt": null, "name:my": null, "name:mzn": null, "name:na": null, "name:nah": null, "name:nan": null, "name:nds": null, "name:nds-NL": null, "name:ne": null, "name:nl": null, "name:nn": null, "name:no": null, "name:nov": null, "name:nso": null, "name:oc": null, "name:olo": null, "name:om": null, "name:or": null, "name:os": null, "name:pa": null, "name:pam": null, "name:pi": null, "name:pih": null, "name:pl": null, "name:pms": null, "name:pnb": null, "name:ps": null, "name:pt": null, "name:qu": null, "name:ro": null, "name:ru": null, "name:rw": null, "name:sa": null, "name:sah": null, "name:sc": null, "name:scn": null, "name:sco": null, "name:sd": null, "name:se": null, "name:sg": null, "name:sgs": null, "name:sh": null, "name:shn": null, "name:si": null, "name:simple": null, "name:sk": null, "name:sl": null, "name:sm": null, "name:smn": null, "name:sms": null, "name:sn": null, "name:so": null, "name:sq": null, "name:sr": null, "name:ss": null, "name:st": null, "name:stq": null, "name:su": null, "name:sv": null, "name:sw": null, "name:szl": null, "name:szy": null, "name:ta": null, "name:tay": null, "name:te": null, "name:tg": null, "name:th": null, "name:tk": null, "name:tl": null, "name:tr": null, "name:trv": null, "name:ts": null, "name:tt": null, "name:tzl": null, "name:udm": null, "name:ug": null, "name:uk": null, "name:ur": null, "name:uz": null, "name:vec": null, "name:vep": null, "name:vi": null, "name:vo": null, "name:vro": null, "name:war": null, "name:wo": null, "name:wuu": null, "name:xal": null, "name:xmf": null, "name:yi": null, "name:yo": null, "name:yue": null, "name:za": null, "name:zea": null, "name:zh": null, "name:zh-Hans": null, "name:zh-Hant": null, "name:zh-Hant-CN": null, "name:zh-Hant-TW": null, "name:zu": null, "official_name": null, "official_name:ca": null, "official_name:cs": null, "official_name:de": null, "official_name:fr": null, "official_name:sr": null, "official_name:xmf": null, "population": null, "timezone": null, "wikidata": null, "wikipedia": null, "wikipedia:xmf": null, "ISO3166-2": null, "official_name:ar": null, "official_name:fa": null, "official_name:ur": null, "alt_name:en": null, "code": null }, "geometry": { "type": "LineString", "coordinates": [ [ 57.5452754, -20.1464196 ], [ 57.5451974, -20.1463064 ], [ 57.5451358, -20.1460287 ], [ 57.5448646, -20.1456816 ], [ 57.5447044, -20.1451609 ], [ 57.5445319, -20.1446866 ], [ 57.5444086, -20.1442469 ], [ 57.5442607, -20.1438882 ], [ 57.543965, -20.1433907 ], [ 57.5435459, -20.14287 ], [ 57.5429548, -20.1415852 ], [ 57.5427454, -20.1413282 ] ] } }
]
}
